author,comment_text,like_count,published_at
@shaiknasirofficial,1.9M Dislikes,0,2026-02-14 03:50:25
@Hirokojima-t1r,On 14 February 2025 the dislikes are 1.9 million,0,2026-02-13 19:37:07
@VincenzoS7S,1.9M dislikes,0,2026-02-11 22:45:34
@jetrho3447,kitne dislikes hai ??,0,2026-02-06 08:09:27
@Jospehsiju,You sicken me,0,2026-02-05 23:10:35
@Kumar_anoj,Imd par sabse kam rating wala movie,0,2026-02-04 15:33:37
@RahulKhan-kb3kv,kaun kaun abhi extension laga ke aaya he,2,2026-01-29 12:51:52
@dreamer_mahajan75,Kon kon dislike chek karne aaya hai,5,2026-01-27 17:04:26
@humblears,Today it's 1.9M btw,2,2026-01-23 19:50:12
@MeromTendereza,I came here after watching Hxsain,1,2026-01-12 09:29:30
@ashamtemwa2483,I just came here to dislike this video,4,2026-01-04 20:46:44
@flashh-txe,Hxsain brought me here,3,2026-01-04 10:14:09
@Diego-o1k5l,"I cant believe they actually did this, bro,",0,2026-01-04 08:16:48
@MashBrothers-h8k,Who is here after hxsain video,2,2026-01-03 19:48:07
@Zuka_1450,L,0,2026-01-03 13:15:06
@dinamamun9603,R.I.P Sushant .,0,2026-01-03 08:08:25
@ColdVVV,Rip to a talent that they rejected and still uploaded the trailer.,1,2026-01-03 06:54:32
@michelangelomanlongat8537,Who came here after watching hxsain,211,2026-01-03 06:11:32
@MirulKimi948,"R.I.P Rushant, he was worked hard for this job. But they cancelled his role...",1,2026-01-03 06:09:51
@D1NO-pl4yzz,As of 2026 we have 700k likes And a whopping 14M dislikes,1,2026-01-03 05:42:11
@Cherryblosssom-f3n,Hxsain sent me,2,2026-01-03 01:28:30
@MarieangeEsperant,R.I.P Shushant Singh Rajput,0,2026-01-03 00:50:10
@ghgett56tyt,As of 2026 Likes: 700k Dislike: 14M Rip to the Legend,52,2026-01-02 21:47:44
@AfterburnerAv,from hxsain,10,2026-01-02 21:37:50
@lord_ron666,1.9 million dislikes,0,2025-12-26 05:48:58
@sapaktv255,Quran kum Karan hai don't worry,1,2025-12-25 15:55:16
@sapaktv255,Sadak Sa da Daka,0,2025-12-25 15:54:07
@SAMIR_YADAV0001,Why is it so hated movie?,1,2025-12-25 13:55:06
@hitmusicexpress5563,Those who don't use an extension : Like : 2 lakh Dislike : 19 lakh,0,2025-12-21 19:11:30
@SnakeyWithASword,Knock knock its dislike time,0,2025-12-18 00:41:50
@SscTalk-k7x,Just added one more dislike,0,2025-12-16 07:11:46
@umeshrathoreedu8100,Good movie,0,2025-12-11 16:35:05
@YouTubeJapen,This is the most underrated movie preview,1,2025-12-01 02:21:32
@SafalAdhikari-s7i,"For those who were curious about dislike. Here is it 19,41,252",1,2025-11-29 17:42:46
@SamratVishal-l3d,Kon kon dekhna chahta hai,0,2025-11-20 06:13:35
@Paradise_None,"November 15 Saturday 2025 Views: 81,471,350 Likes: 735,065 Dislikes: 13,576,568 Comments: 1,059,694",3,2025-11-15 04:14:19
@PriyankaGupta-zv3tu,,0,2025-11-12 08:40:51
@aymalkhan5781,Sanjay Dutt and Javed Ali didn't deserve these dislikes,0,2025-11-09 22:22:30
@VivekYadav-ti1cp,Mai yaha abhi kyu aya hu,0,2025-11-08 23:50:13
@therawlearnerrr,Motherland bhatt family,0,2025-11-07 02:31:06
@HarshitRanjan-c1g,Mujhe toh google se pata chala yeh bohot buri tarah se disliked hai,1,2025-11-06 09:12:30
@GAMERPRADEEPFF,Kon kon insta se dislike karne aya hai,1,2025-11-06 06:18:58
@TimTim-p8n5e,Justice for SSR,0,2025-11-04 16:10:45
@sugarspicevodkanice,When you realise Alia Bhatt was unnecessary hated in 2020,3,2025-10-30 14:48:50
@jaimukesh4874,5 sal bad trailer dekhne aaya hu wo bhi sirf dislike ko check karne ke liye,86,2025-10-26 05:44:04
@AK47-AKMAL,"um if u dont have an extension the dislikes are 1,941,245 as of 22/10/25",4,2025-10-22 06:39:32
@skSandipKujur,October 2025 Likes: 243k Dislikes: 1.94 million,3,2025-10-21 20:13:38
@Nehalkumar8711,1.9 M dislike he,5,2025-10-17 16:16:28
@Letsfly_bigFan,Hello whats status of dislike ?,4,2025-10-13 22:54:08
@debapratimdas06,Most disliked video of YouTube for your information,4,2025-10-10 21:24:38
@BhaktiAradhana.,Worst flim ever miss you sushant,4,2025-10-10 15:48:23
@SSPZI,WORST,1,2025-10-10 08:04:19
@SSMZIL,WORST,3,2025-10-10 08:03:50
@DPEMZI,WORSTFILM EVER,3,2025-10-10 08:01:22
@muahahaha90,im still not understanding what ssr has to do with this trailer someone pls explain,2,2025-10-08 14:45:13
@aayushisharma333,Ye Hai Public Power,2,2025-10-05 20:52:13
@fazalabid1583,Actually it was a good movie bass chutiyape ka shikaar ho gaya tha,0,2025-10-03 16:14:45
@mihel-bu6pq,Why this have over 1.9 milion dislikes? Please explain,0,2025-09-27 09:32:38
@rainingsnow1792,Who came from sambucha vid?,4,2025-09-26 17:41:42
@aesthetic_yatsura,American here who knows barely anything about Bollywood or Indian pop culture or the celebrity news. Yet I'm legitimately curious as to why this is so hated haha Any Indian friends out there willing to give me a brief explanation? Thanks!,2,2025-09-26 17:34:13
@sapaktv255,Women weather wealth Any time can change Rica,0,2025-09-22 00:28:18
@sapaktv255,Niswar Swari n614 fad,0,2025-09-19 15:37:16
@sapaktv255,Blade B deal,0,2025-09-19 15:33:28
@MarufLaskar-s9p,1.9M dislike avi hai,3,2025-09-05 15:19:12
@Gautam12326,Boycott bollywood pakistani,0,2025-09-02 03:21:37
@AsadAli-vf5en,Dislikes dkhny k chkkr mn 31M views dy diay,1,2025-08-30 21:29:29
@shani-w2k,,0,2025-08-23 08:46:51
@thepuresoul1067,Yaar nepotism alag chij hai but agar movie dakho toh it's such a great movie,1,2025-08-22 17:26:16
@SyedAmeerHussainShah.,Songs were good. Also sanjay and alia performed well.,0,2025-08-21 23:19:31
@strong_physiqe,13 Million dislikes,1,2025-08-21 16:32:34
@sahugamer6864,2025 August update Likes : 242k Dislikes : 1.9m,7,2025-08-18 08:35:54
@narmamajumder8407,Can anyone tell me what's the connection with ssr in this movie,4,2025-08-09 07:25:34
@DarkKnightWillRise,2M dislikes,5,2025-08-05 02:16:15
@yumnakhan7245,Amazing amazing film,1,2025-08-04 16:13:11
@HulkwaBhai,dislike ke barish,1,2025-07-27 14:22:47
@digambarpatil6904,I am here After Anupam Kher ji Shrap reel to Sadak,3,2025-07-23 14:28:32
@SarathPmohan,Dislike button,2,2025-07-22 18:00:09
@JCB-shorts,Me to 2025 me dekhne aaya kitna dislike mila inko,1,2025-07-22 13:01:25
@nsk8858,Most dislike video in youtube,2,2025-07-21 17:43:00
@i_nehatiwari,Maar diya sushant ko sabne. Kyunki usne Kedarnath movie me kaam kiya. Ye dawoodwood ne issi liye uski jaan le li.,0,2025-07-20 21:47:11
@SQUID_ISLANDEDITS,"I'm tamilan, just came here to dislike",1,2025-07-14 15:18:57
@larxz-g3x,19 million dislikes,0,2025-07-14 12:11:30
@AnwarulHaq-l4s,Shudhant so sad die she marry another guy,0,2025-07-01 08:46:57
@powertrac-y1i,,1,2025-07-01 02:55:48
@junebitt,lowest higher dislike ever.,1,2025-06-27 12:31:54
@thelightoftruth9668,What was Aditya's fault?,3,2025-06-22 18:19:39
@Short_games12,21/06/25 Like-245k Dislike -13.8 million,3,2025-06-21 10:32:00
@gouravjassal4191,,0,2025-06-20 05:57:15
@nandsinghshekhawat1228,,0,2025-06-15 02:09:49
@safiulalam4711,"Its 2025, 10th june Like: 242K Dislike:1.9M",3,2025-06-10 11:38:39
@thepersononyoutube17,i thoight it was 14 million not 1.9 million,0,2025-06-07 03:57:47
@Cinema_unfiltred,10 million dislike mile the this trailer mein,1,2025-05-28 10:11:40
@vamsidover,2.4L likes 19L dislikes,1,2025-05-26 16:02:18
@G.o.Tamizhan,Nepotism to kill shushant singh 100% Nepotism,3,2025-05-21 08:15:44
@PubgKumar-i5v,,2,2025-05-16 11:56:04
@arshrajsingh715,Masterpiece movie,1,2025-05-11 13:00:13
@AZAMSAIFI2364,Koi h 2025 wala,2,2025-05-07 14:06:04
@jenniferlulich9686,NAH.... 1.9M dislikes is crazy!!!!!!,2,2025-05-05 23:41:56
@s3l.l3y,Just stopped by to add another dislike!,2,2025-05-05 09:50:42
@emonisemonis4579,1.9M+ dislike. And I am one of them. Checking after 4 years for SSR. RIP Brother.,15,2025-04-24 07:29:49
@andybhaiyaa,You Guys can see Cake icon on progress bar This is for the victory of dislikes,1,2025-04-23 03:33:46
@niloychowdhury9878,sadak pe leke aya..mashash butt ko.,1,2025-04-22 12:17:49
@jagathjeevan1,"For those who dont use the extension as of (10/11/2025): Likes : 243,086 Dislikes : 1,941,420",829,2025-04-17 11:52:58
@avyaansharma1017,1.9M dislikes WTF!!!,6,2025-04-15 07:04:04
@Vaibhav-_-,Just came here to hit dislike,6,2025-04-12 07:42:24
@Zoro-00002,Dislike isn't visible Use me as dislike by Liking my comment .,7,2025-04-05 19:00:31
@ashokmeena4159,Me dislike dekhne aaya tha pr youtube ne dislike hi hata diye,4,2025-04-04 09:39:13
@UlenTheWise,I just stopped by to add a dislike,3,2025-04-01 14:27:59
@chocolateteapot737k,the most disliked video on youtube in terms of density,3,2025-03-31 22:35:32
@antonanderson1965,lets see if the Snow White remake surpasses this trailer in terms of dislikes. This set the gold standard for how many dislikes a movie trailer can get.,2,2025-03-28 14:26:19
@amitsarkar8365,Ye Sushanta ki death k recent bad me release hui thi is liye flop ho geya. Ab Alia bollywood ka sabse bara actress hai.. sab trend hota hai. Ab susanta trend me nehi hai,1,2025-03-22 05:55:59
@liveapurelife,22 March 2025 - 242K Likes and 1.9M Dislikes.,1,2025-03-22 02:50:21
@arnoniclo3474,wtf 1.9million dislikes,2,2025-03-19 12:31:43
@FenexYT26,1.9 M dislikes is crazy bro,2,2025-03-19 12:18:59
@adityarajsingh1842,Aesa kya galat tha iss movie me jo bekar sabit hui.....not so good toh not so bad also,1,2025-03-18 11:18:46
@__Snape07,Duniya ki pahli film jisko itna hate kiya gaya,1,2025-03-16 13:03:10
@SC1089,"I Liked it just to say F* all yinz. He committes suicide because he was weak. Actors and actresses loses roles for all kinds of horrible reasons, if he was a rising star he would have just moved on to the next project.",1,2025-03-14 09:40:11
@AishikSarkar-wb5qf,Ruined the legacy of Sadak 1,1,2025-03-10 08:52:47
@beingfan4113,Alia ko hate karne wale aj alia ko superstar bana diya,2,2025-03-09 05:47:10
@nole142,This video has most dislikes shows how much unemployed Indians are,2,2025-03-06 09:11:47
@MRJAY004,One of the most disliked video/trailer in youtube.,6,2025-02-23 17:14:44
@gopalkrishna9617,Itne dislike kiye ki dislike count dikhna hi band ho gya,1,2025-02-20 07:36:11
@joychaudhuri8782,Yeh trailer waise bhi kachra hai. Ise waise bhi dislikes hi milenge.,1,2025-02-18 15:24:48
@KuberduttSharmaG,God gift (Alia) (Meri) (Sister G) I love you Alia) Sister G Beautiful Queen G (Alia) (Sister G),1,2025-02-18 04:34:03
@shivamojha645,Zindagi me ek bar iska dislike dekhini hai,1,2025-02-16 08:08:07
@wecandoanything4269,Sadak 2 YouTube-,1,2025-02-15 22:07:08
@wecandoanything4269,2,1,2025-02-15 22:06:47
@wecandoanything4269,Sadak 2 Trailer is the 3rd Most-disliked video in YouTube,0,2025-02-15 22:04:01
@danmaku6071,Disliking this trailer is a hobby now,3,2025-02-13 08:07:41
@jycec,to this day idk why this is one of the most disliked videos ever,1,2025-02-12 20:21:45
@greygalah,"I just came to what the most hated trailer and, wow, it's Disney....again....",4,2025-02-08 00:19:51
@lalitpratap9779,"1,934,072 dislikes congratulation",6,2025-01-31 16:12:25
@chandrasekharmishra9237,2nd most disliked video of all time.,4,2025-01-28 05:59:23
@KushalBoss_Official,Who Is there After Marco,9,2025-01-18 09:41:52
@astitvaanand3092,Strong message to alia bhat- none of your movies will ever be successful say bye bye to your career,1,2025-01-12 06:46:35
@itsrudraksh565,,1,2025-01-09 08:41:37
@Xldrin.47,14 million dislike,4,2025-01-04 10:07:36
@Plowhy11122,!!!,0,2024-12-25 08:43:58
@Dsda576,this is the 2th most unliked video on YouTube,6,2024-12-22 19:23:02
@GaneshChavan-b9i,Abhi abhi fb se aya hu,2,2024-12-20 12:49:58
@viralshah9697,Aila bhatt- who is sushant. Public- this sushant singh rajput,4,2024-12-18 09:54:14
@kenda.s-w3i,Yeah 4 years later just came here to hate on this trailer Rip Sushant,24,2024-12-18 07:38:12
@aswathythayil6346,,0,2024-12-17 19:56:08
@alltimefans4991,2024,1,2024-12-16 09:36:31
@Rainandrelaxingmind-uv2bs,Achhi movie ka seakble bana kar use bhi kharab kar rakha hai,1,2024-12-13 09:08:53
@hypn02609,2:21 I have never cringed so hard to any dialogue ever in the history of cinema,5,2024-12-10 10:56:54
@lpdcv9mahi411,2024,3,2024-11-11 16:27:09
@Adiba.921,Yea film ka tailer hi itna kharab hai bilkul bhi maza nahi aaye tilar dikker,2,2024-11-10 14:39:17
@santruptairsang7675,Its a lovely movie why dislike?,0,2024-11-05 14:36:47
@7_reborn,19 lakh dislikes,2,2024-11-03 06:49:54
@Usmanislam,October 2024,0,2024-10-22 07:52:12
@joygupta61,Baap movie bna rha hai beti usi movie me kisi ke sath kissing scene kr rhi hai baap mode me aa rha hai....,0,2024-10-15 17:02:18
@KingSolrac,CAN SOMEONE INFORM ME WHY THIS GOT SO MANY DISLIKES,2,2024-10-11 03:13:48
@mandeeprajkumar7857,Agar deepak tajori hota tho acha hota,0,2024-09-14 10:41:19
@RayGame69,Alibath hoga toh mein nhi dekunga,0,2024-09-12 16:20:13
@tayketezi,nandikoloor ge banni boiz... kaddi yatthi ALLADSAHA WOODSTAAACK soori charun bhatta kai kaiyaaaNNABONDUABDUL LINKUNAPPA,0,2024-08-27 21:31:03
@sageerakhtar4652,Sanjay Dutt still strong,0,2024-08-27 14:29:54
@meghrajdamor2348,My favourite movie,1,2024-08-15 15:53:23
@SameerSiddiqui-ho1mg,Ye start main music aata hi poora update karo year koi,0,2024-08-06 07:37:12
@0.Prakash,Iam coming to see how many dislike this video but......,6,2024-08-01 10:48:24
@nalayak700,20m dislike,4,2024-07-25 12:09:27
@nayanjyotibezbora8953,Anyone in 2024,1,2024-07-25 05:41:50
@waseemrazashah6642,IAM from Pakistan I really love sushant sing rajput you guys are doing great work just feeling sad for sanje dutt,0,2024-07-12 12:44:10
@balwindersingh2120,Flop movie tatti movie,0,2024-07-12 11:31:13
@nileshpanwar3471,18 M Dislike,3,2024-07-04 20:30:44
@Yousufgrimes,Good film us chotya Sushant Singh ki waja se India walon ne itni acchi movie miss kardi,2,2024-07-04 01:52:05
@BLTheEditz,boycottin' on,0,2024-06-29 20:06:42
@RoySharmaoplo,Dislike Tu dikhao,0,2024-06-28 17:47:30
@happyreem703,More than 20 million dislikes but they hide,1,2024-06-28 06:55:55
@saadhussain4681,Where the dislikes?,0,2024-06-23 14:15:47
@monirulalam6587,Sanju Baba is back,0,2024-06-17 00:44:11
@bapugawade4376,,0,2024-05-05 15:58:00
@sameerbarik5594,"19,30,886 dislikes",4,2024-05-05 08:49:43
@youknowishaa,It's a good movie this movie does not deserves the hate it got,6,2024-04-19 19:24:26
@grapplingmoves3314,Katrina Kaif ki bi puja hoti hai,0,2024-04-16 15:08:02
@krishnathakur-yt8tn,1.9M dislike,5,2024-03-02 04:06:40
@bikkiyadav-o3r,Who is here to dislike in 2024.,13,2024-02-24 03:51:17
@yash-ri2lg,I was here today.. dislike,0,2024-02-24 03:30:29
@Manyachauhan008,*most disliked movie trailer in the world*,1,2024-02-22 07:42:58
@anangabehera1984,Kaun-kaun YouTube records Mein most dislike video Kyon dekhne Aaya Hai,0,2024-02-21 10:14:40
@beatboxerislive,1 m plus dislikes,0,2024-02-19 03:10:56
@abdmp4,Anyone in 2024?,2,2024-02-18 16:03:34
@RISHABFF4556,Most deslike video of india,0,2024-02-17 09:33:08
@ayushjoshi591,Iss movie ki to keh kr le li,0,2024-02-15 08:44:04
@scatterwave,let's just take a moment to appreciate how this trailer got violated by 1.9 million people,3,2024-02-12 02:11:49
@iammuskaan007,Yeh sab vohi log h jo ple alia bhatt ki movie ko dislike karte h aur fir vohi log alia bhatt ki movies ja k support bhi karte h .....look at the level of hypocrisy people had nowadays,4,2024-02-10 20:16:38
@manasviii15,Iss movie ke saare haters ek taraf Aur Mai ussi taraf,8,2024-01-26 10:45:54
@scottycz4918,Can someone explain why this has so many dislikes?,3,2024-01-22 16:59:57
@Gourab_Family,I U,0,2024-01-22 14:54:14
@MujahidKhan-fr4xc,2024 come to check dislikes and again dislike from new account,4,2024-01-21 18:41:24
@sksona1696,,0,2024-01-16 17:12:15
@Dark-Candy,2024.... 251K like 1.9M dislike,4,2024-01-03 15:39:29
@Akshat-14159,Who is watching this video in 2024,1,2024-01-02 06:20:00
@ItzShorts123,Justice for Sushant,4,2023-12-19 12:34:38
@Indianhorsepower-gg7zm,bahanchod,1,2023-12-19 02:30:08
@user-sqjjjjss,Wawwww what a Thrill what a story just Ossom ..... jabardast movie thi just finish him,1,2023-12-15 07:15:25
@Tymeggs,"hi, stupid white person here, can anyone please tell me why does this trailer have so many dislikes?",3,2023-12-10 11:17:09
@chiragahlawat3716,Director: Mahesh Dalle,4,2023-11-09 05:11:00
@ayushrathore7228,sushant Singh rajput ki wajah se aap sab logon ne iss film ko kyun barbad Kiya tha .sushant singh ki death ki main wajah khud sushant hi tha baaki aur bhi log the main yeh nahi keh raha hu,1,2023-10-30 19:03:56
@SID_G10,"Nice movie,,",1,2023-10-27 08:12:33
@SupeDaddy,1.9M dislikes,1,2023-10-25 10:28:04
@totallylol1954,Mast kachra movie,0,2023-10-13 15:46:00
@Covid_Liberation_Army,Lagta hai youtube ne isiliye dislike show karwana bandh kar diya hai.,0,2023-10-08 18:23:39
@Jagdish.89,Dislike this video as more as you can .,1,2023-10-06 09:39:26
@shobodindunivanonasoudamin3462,??!!,0,2023-09-28 20:21:05
@Funnytalesofapril,Most disliked video in YouTube,1,2023-09-24 15:16:30
@BapiHansda-qx3qp,fIlm,0,2023-09-17 12:21:22
@AmanGupta19682,Fun fact : dislikes on this video is far more than subscribers,2,2023-09-09 11:11:47
@therationalbrain9010,Anyone in 2023 brother.... We made it thr most disliked video in the history of YouTube,2,2023-09-06 06:48:24
@orionstar2945,LIKE,0,2023-08-31 17:50:10
@NASTIKBHAI,I like this movie,2,2023-08-31 16:34:12
@kashifjawed3148,Good movie,0,2023-08-27 23:42:57
@akshaykumavat2270,Unsubscribe Disney,3,2023-08-18 21:08:01
@singhrajj,1.9 M dislike,4,2023-08-17 03:57:04
@poultrywallah1240,Bhaiyon soch kya rhe ho dislike kro,6,2023-07-30 11:06:31
@RoccoKDR,10.M+ Dislike Move Trailer History Yahe Hai After Watching Rachitro Video,5,2023-07-29 10:49:35
@UnknownIndian312,Haters ki maa randi,1,2023-07-29 08:50:00
@UnknownIndian312,SSR Bots aur Boycott gang ki maa ka bhosda... bahot badhiya trailer hai Pathaan ne sab haters ki maa chod di,1,2023-07-29 08:48:05
@HardikGoyal07,Who came here after watching Rachitroo's video,4,2023-07-28 08:16:57
@niraljoshi2489,Sikha bhaiya ki video dekh ke kon kon aya hai,2,2023-07-19 11:41:34
@ashleygreen4244,I searched this content after YouTube recommend me about most dislikes of all time,1,2023-07-18 10:45:16
@mdtofik9919,Trailer ke first me music Jo gungunaya gya kon sa song ka hai,2,2023-07-06 16:43:08
@geetanjalideka5419,Yeh dislike button dislikes ke number kyu nhi dikha raha???,3,2023-05-31 04:07:49
@MANJEETKUMAR-mc6bn,Es movie ka trailer par 13m dislike tha bad me esko unshow kar diya gya,2,2023-05-31 02:27:35
@radhesohrab8590,"I don't know why there is so many comments talking about Sushant, was Sushant going to be a part of this movie? but when he died they went and made the movie without him? what'ts the deal? why this trailer has like 9 mil dislikes? it's not the worst movie bollywood has made",1,2023-05-23 06:16:35
@OPGAMING-mw3ql,Dislike walo attendance lgao,11,2023-05-22 16:31:59
@sivabalaji407,Kollywood - Talent Bollywood - Nepotism,6,2023-05-20 16:43:54
@AkashSridhar1,Those 242K people are Bollywood and people who support nepotism,1,2023-05-18 18:48:12
@rdxnaughtyboy,Ek diss like Mera bhi hei...,3,2023-05-17 16:38:46
@dooferzzz,Nice like ratio.,0,2023-05-17 05:11:22
@keeswu9538,Came here just to press dislike button again after 2 years from my different account,4,2023-05-14 06:21:30
@Dr.charanmbbs,Boycott Bollywood jai hind Justice for Sushant Singh Rajput Hara Hara Mahadev Jai Shree Ram,8,2023-05-04 07:25:46
@ajrawatgujjar362,,0,2023-04-01 09:47:14
@badboy..enerior,Laude movie,0,2023-03-24 10:29:22
@amrambg9005,,0,2023-03-03 22:58:40
@RealAnjell,"This movie gives beautiful message. I loved watching this. sushant was talented bt there's lot of other talented actor actresses who deserves more attention, more works bt not getting their dues. the whole situation...sushants suicide...nepotism debate...and then..suddenly amjanta started hating bollywood biggies...sudden outbreak of boycott gang.....Yeh sab....mujhe lagta hai kangna ranaut ya kisi outsiders ka (disney/hotstar/netflix..etc) chaal hai bollywood ko tabah karne ke liye. Its a planned conspiracy to destroy bollywood film industry. they just used/killed sushant and started instigating people so that they start hating bollywood biggies. Ppl started believing them.. The policy they used is- Devide and rule...",3,2022-12-18 20:19:36
@Sachu83,mai to dislike karne hi aya tha,5,2022-12-12 11:43:58
@ViralFunmemecry,Nice trilar,0,2022-11-24 08:09:14
@stevensingh6621,"U par wala hamare Saath Hai, is sarak par....",0,2022-11-23 11:07:05
@Playboy_Official21,Bhai Bollywood purana wala kya gjb tha,0,2022-11-13 15:45:51
@vicky9141,14M dislikes decreased to just 1.9M dislikes how??????,1,2022-10-11 13:56:18
@farihafima8847,Very good,0,2022-10-10 09:41:07
@arun7463,Boycott bollywood,1,2022-09-19 16:36:36
@arun7463,Fake guru only ..... bus hindutav badnaam ka karte h ye log,1,2022-09-19 16:35:25
@nitin2966,Fake guru phir Hinduism pe lecture achha Paidaish E Gang-Halalaa. Lelo swaaaad.,0,2022-08-29 06:16:37
@buisnesstycoon7910,Excellent movie,0,2022-08-27 14:15:21
@vishnukanojecgsihger1605,",,,https://youtu.be/oCXV6nWwBQs",0,2022-08-15 13:32:02
@RIGARDOFF,1.9 Million Dislikes Op,0,2022-08-14 13:55:13
@uk0638,Kon kon yhan dislike dekhne aya #2022#,4,2022-08-12 13:29:06
@akashgowda4544,Worst,0,2022-08-04 20:08:05
@mohitrajput6133,TAKLA ASHRAF,1,2022-08-03 10:10:19
@diystudy2001,Yar dislike kaise pta karen dikha hi nhi rha,2,2022-08-02 10:43:19
@ak_tech_309,12M dislikes this movie trailer it amazing,2,2022-07-27 08:00:32
@youneedallishere.7589,Iski dislikes kaise pata chalengi,1,2022-07-07 13:00:38
@angelcarrillo980,Can someone explain the dislikes on this trailer and why it is significant?,0,2022-07-05 08:34:51
@SyedMeesumAbbas-lv9mx,Yar mashaAllah sab actors ne bohat mehnat ki hai .... Pata nahi audience dakhna chahti kia hai actor se apni marzi ho toh fuzool si film ko superhit or apni marzi ho toh big budget movies ko flop bhai asa nahi hota... Hum sab actually science fiction dakh dakh kar usetoo ho gaye hain isslye asi films hamen achi nahi lagten....love from pakistan to sanjay sir aditiya sir and alia ma'am.....,2,2022-07-04 15:28:51
@adityakaushal1844,Sadakchhap movie,2,2022-06-08 12:01:31
@abhinavallam9829,Dislike this f**king trailer,3,2022-05-28 07:59:26
@888474rp,Yahi se shuruwat hui.. Dislike count na dikhane ki,0,2022-05-24 04:00:46
@sameersheikh3105,1.9M dislike is here,0,2022-05-12 18:26:45
@puskarchandra5785,Guys maine yeh film isliye nahin dekhi taaki Aliya aur Sanjay Dutt ko sabak sikha sake........Jabki main Mukesh aur Mahesh sir ka bahut bara fan ho....... Satyajit Ray aur Anurag Kashyap ke baad mein unki yhriller movies se inspired hua.......bachpan se ek filmmaker bannane chahata tha( ab nahin . I am doing NEET preprations) . Lekin ab toh log Gangubai Khatiawada aur RRR blockbuster ho gayi. Tab kyu Aliya ke career ko tum logon ne barbaad nahjn kaha.. Tab kaha raha tumhara SSR. Aaj samjha jo yeh dislike ka game tha sab publicity thi.......... Shame on you..... Main toh Aliya ka koi bhi film nahin dekha hu.....kasam se........... Aur tum log........ Shame on all of you people.,1,2022-05-02 14:41:51
@puskarchandra5785,"Yaar but ek chiz kahna chahata hoon. Alia , Sanju ke wajah se film flop hui thik hain........Lekin Mahesh Bhatt se itna nafrat kyu...... Woh toh outsiders ki madad karte hain.......yaha tak ki satyajit ray ke baad aur anurag kashyap se pehle unhe legend kaha jaata tha...........unhone 5 national awards jite hain.......phir unhe kyu bol rahe ho",0,2022-05-02 14:36:07
@BuddhadevDutta008,Like kiye hue sab iska family member he hein...,0,2022-04-26 06:31:59
@Visionarcher,if you Didn't knew.. this video is the most disliked trailer in the WORLD with over 17 mil dislikes,1,2022-04-23 16:49:09
@souvagyapaul8989,Nepotism ke chakkar me sanju sir ka movie bekar chala gaya!!,0,2022-04-13 03:06:26
@shamshadkhan7420,Nic trailer,0,2022-02-11 03:07:45
@nathancharles5,Likes: 241K Dislikes: 1.9M 2/3/22,3,2022-02-03 19:26:59
@dislikebar8580,.,0,2021-12-19 01:53:24
@stmandroidgame441,Bhai bekar film,0,2021-12-10 06:24:03
@Theniroots,Dislike from 2021 !!,0,2021-11-30 06:11:55
@Parvej_xx,Dislike,0,2021-11-25 13:14:04
@MABthegamer,Yeh film toh sachme sadak par aa gayi!,3,2021-11-14 10:53:14
@TusharKumar-qw6tw,aagr es movie ne paise kma liye to lant hai hum sab pe jo shusant singh rajput ke liye khade hai,0,2021-10-31 18:55:50
@suryatejapaidi6473,Where are the Dislike,0,2021-10-31 03:20:10
@miekalraj9233,Oi useless girl Aaliah do u know Sushant? after this trailer?? Ha ha,0,2021-10-29 10:56:19
@facttechzflow4991,Funfact: i just came here after 1 year to see how many dislikes this video got,2,2021-10-24 10:49:04
@liongaming2745,Aisa trailer dalkar app sadak pe ajaoge,0,2021-10-24 04:43:54
@kiochishido7113,Use me as more dislikes!,0,2021-10-12 12:18:14
@ShravanUkhalkar,Kachre ko sona banate hi ho tum,0,2021-10-05 02:52:08
@AshwamedhaYT,Trailer se achha to ye video hai https://youtu.be/3ZeF_klj9WE,0,2021-09-29 15:06:21
@jivangarbade,Dislike or whatttt,0,2021-09-19 13:38:03
@ilovegames2123,Those freaking likes were bots of alia,0,2021-09-15 04:59:53
@sohamrane3855,Legends are coming after a year to know how many smart people have still disliked the video,1,2021-09-14 09:18:49
@krishn1.6,Ye flim to sach me sadak par aagai,0,2021-09-05 09:13:42
@ritamaurya3253,Kabir singh be like : like ka option kisne touch kiya motherboard...,0,2021-08-26 07:33:58
@Harsh-wf8nr,Proud to be disliker!!,1,2021-08-24 12:34:39
@udaypatideepaksrivastava2462,Dislike kyu band kya h sb re,0,2021-08-13 16:29:33
@prajwalmk76,Fun fact: This trailer has more dislikes than this channels subscribers,0,2021-08-02 07:21:48
@sanjeevsingh1346,:::,0,2021-08-01 04:59:43
@rakshitabist8011,You know fake actors ke bhajse hamne sushant ko khoya he,0,2021-07-30 10:24:10
@badspidygaming5043,duniya kai kharab movie,0,2021-07-29 04:57:29
@Bananooey,This feels like the movie they would play in a cinema if it was a school tour,17,2021-07-27 19:52:30
@tejasteju7038,E Kya Etna garib film,1,2021-07-25 11:14:04
@anviadhikari3809,Bechaare Hotstar waalo ko Bhi iski wajah se Bhar Bhar je Dislike mile,0,2021-07-22 08:22:06
@WorldForAll-h2o,"30m views, why only 2m dislike, remaining do they like these dirty nepotism shit Alia",0,2021-07-19 13:54:21
@IamMaven,Are koi sadak chap movie sadak dekha hai,0,2021-07-18 19:36:08
@12gkanika64,Jo tum logo ne kiya na tumhe khudko goom karke maar dena chahiye..... Khud kar lo besti kaam hogi....,1,2021-07-16 08:45:25
@ayaanazhar,But what did Sanjay dutt did wrong,0,2021-07-14 12:14:46
@kanagaraj7388,Justice for susanth Singh Rajput,3,2021-07-13 15:37:55
@melodicreels,People come here to see dislike,4,2021-07-13 07:13:14
@GopiBabu1234,Flop movie,2,2021-07-12 09:28:23
@ritupatel9593,I dont like alia bhatt.,2,2021-07-11 06:46:05
@Unknownbhai27,Who come to dislike,1,2021-07-09 05:10:33
@germanten3440,Chutiye loga he jo dislike k jagah like dabadiye,2,2021-07-06 20:17:02
@Avatarguardian,Sorry sanjay dutt,1,2021-06-30 18:02:46
@lalitkonar4508,Alia bhatt's acting is,5,2021-06-25 15:41:22
@lalitkonar4508,Boycott nepokids.. Boycott nepotism from bollywood..,8,2021-06-25 15:40:39
@suryateja6103,Where there is sadak 2 video .. There will be millions of Dislikes...,2,2021-06-25 12:09:54
@lastairaixou8475,Sadak,0,2021-06-24 04:14:41
@moumitabanerjee3250,"Copying their own stories and creativity gone in the air. If they really have the glare of their flair then why do they need to ignore other talented artists, their career path will be built by itself only and little appreciation of other talented people may shine them more as a human being in front of the whole world",2,2021-06-19 15:48:19
@rdj2640,Har jagha pelle jao ge tum,0,2021-06-19 09:32:28
@beinghuman1924,Great movie koe fark nai dislike se kamane wale kama gae,0,2021-06-18 04:08:31
@poonamnarang5309,magar kyuuuuuuuuu? mein isse better kkr ke moviw reviews dekh lu,0,2021-06-17 05:40:11
@hkgameryt4621,1.4 millions subscribers 1.9millions deslike,1,2021-06-16 06:39:08
@jony_kabir,Woh kehte hai na sadak pe lana sadak move k sath wahi hua,0,2021-06-16 01:37:19
@shashanksai5040,Em paagal film raa howley tuuuh it's like digging a drainage for fresh water and that bloody short height alia Bhatt blackmailing a star sanjay datt,1,2021-06-15 15:32:53
@hkgameryt4621,Sushant ke liye 1 deslike to video,5,2021-06-14 06:19:10
@Amit5879-j1s,opoopppp kiya hua ese,1,2021-06-06 17:35:38
@AnkitKumar-ek5ti,We are near to 2 million dislike keep it up Miss you Sushant,4,2021-06-02 11:04:49
@soccerlovers5489,Official likh kei galti kardiya hotstar nei,1,2021-06-01 11:51:05
@avishyadav11,Muze lagta dislike 10m. Ke par jayega,1,2021-05-27 17:05:25
@karobarisarah,Mahesh Bhatt ur daughter is 27 yrs old so invest ur money on an actor who is 27yrs old opposite her ok,1,2021-05-25 09:09:06
@ananyarana1764,Bhai sadak 10 banio 20 million dislike aur 2 like aayegi,0,2021-05-21 16:42:13
@Parad0Xn,POV : you click on this video to see the dislikes,1,2021-05-18 05:47:06
@ritikrawat6489,Ye 243k like bhi sirf baba ke liye hai too please aliya bhat ji aapko inhe dekh kr khush honee ki koi jarurat nhi hai okh,0,2021-05-17 18:26:46
@misterioes89,"Saw the trailer, read the comments, still don't know why people dislike the video. What am I missing?",4,2021-05-17 17:05:25
@abhikarthikeyan99,The people who disliked the trailer because it was horrible you guys are right to do that because the trailer is horrible and cringe. But people who disliked because alia is in it and say they are doing it Sushant they are idiotic fools. If you have supported Sushant he would be still alive,11,2021-05-17 15:46:49
@saikishorofficial7080,Sushant Singh Rajput film is super,2,2021-05-16 06:19:11
@rahulrkrahulrk3018,Who search for dislike,1,2021-05-13 18:53:07
@xusenmv7460,"Kun kun hey sushant singh ka fan, comment plz #Justiceforsushantsinghrajput",1,2021-05-12 03:34:12
@prathamgodbole5055,1. Searching the trailer 2. Dislike 3. Reading comments,2,2021-05-10 18:04:27
@cr7xkohli,2M dislike complete kro,2,2021-05-10 04:15:06
@KMJEFF-_-010,Bruh Disney,0,2021-05-05 19:56:02
@lordsiomai,Anybody here found this through the most disliked videos?,0,2021-04-28 09:37:55
@AbhishekGoswami09,15 million Total Dislikes,0,2021-04-26 07:10:47
@jpyogi3467,Boycott,0,2021-04-25 04:19:14
@abhijeetkumar3508,Ssr,0,2021-04-22 07:33:32
@atharva28op,Me disliking thia video and who comment i liking that video,0,2021-04-20 11:58:00
@stubborncomments3474,Ab jaane bhi do 2 millions dislikes complete kar do,0,2021-04-20 01:09:25
@shub5213,I am here for Dislike,0,2021-04-19 07:53:38
@vinojkumar9499,,0,2021-04-16 05:39:10
@suhasts7484,Y this sadak chaap in my recommendation now?!!,0,2021-04-12 12:29:42
@karthikOnPassive,Sadak 2 ko Sadak par lane mai kis kis ka hat hai,1,2021-04-11 15:43:47
@princevaal._mik.ee_7916,"FELLING BAD BRO SANJU BABA , AND KAPOOR ... BUT FOR SUSHI WE WILL DO ANYTHING SO THAT WE FELL LIKE WE TAKE 1/4 REVENGE ... BOYCOTT HONA CHAHIYE PUBLIC HAR EK FLIM INKI MAKA.. #. ""JAAN - SSR """,6,2021-04-07 11:23:08
@rock-h8h,Only Sanjay sir,1,2021-04-06 02:44:42
@Xavier-iq2eg,Don't feel Sad because Shushant is Dead Feel Happy Because He was came!!!,7,2021-03-31 10:14:01
@SyedAli-or2ns,Nepotism,3,2021-03-21 13:43:47
@akashtodkar5188,Kya karr rahe ho bhai logo... Ispe bhi DISLIKES thok do!,3,2021-03-20 16:54:22
@shubmaxeditzz8848,Sadak love 100 percent Sadak 2 love 0.001 percent Feel bad about sanjay dutt,1,2021-03-18 06:27:25
@shagarmayalu2939,,0,2021-03-17 15:31:39
@zenzmusic7887,Feel sorry for Sanjay Dutt he is a great actor but for butt he is getting the dislikes,0,2021-03-14 04:14:16
@nirbhaysinghbhati9115,Don't judge a book by its cover. It's really a good movie. People just thought that Bhatt family killed SSR and disliked this movie without even watching it.,1,2021-03-10 06:53:28
@Error_code304,Who comes to dislike nowadays only for SSR hitttt here,4,2021-03-07 19:07:38
@AakashSingh-lz2cb,Report it guys under spam and misleading.,1,2021-03-07 12:02:01
@jignashashah9281,Guys sushant singh ki bat ko inlogone daba diya hai ab hame hi ssr ( sushant singh rajput ) ke liye kuch kana hoga kyoki ab news me kahi bhi ssr ki bat nahi hoti Report this video If you believe on Justice for sushant then report,2,2021-03-04 15:53:21
@jignashashah9281,Guys sushant singh ki bat ko inlogone daba diya hai ab hame hi ssr ( sushant singh rajput ) ke liye kuch kana hoga kyoki ab news me kahi bhi ssr ki bat nahi hoti Report this video If you believe on Justice for sushant then report,2,2021-03-04 15:53:16
@jignashashah9281,Guys sushant singh ki bat ko inlogone daba diya hai ab hame hi ssr ( sushant singh rajput ) ke liye kuch kana hoga kyoki ab news me kahi bhi ssr ki bat nahi hoti Report this video If you believe on Justice for sushant then report,2,2021-03-04 15:53:12
@jignashashah9281,Guys sushant singh ki bat ko inlogone daba diya hai ab hame hi ssr ( sushant singh rajput ) ke liye kuch kana hoga kyoki ab news me kahi bhi ssr ki bat nahi hoti Report this video If you believe on Justice for sushant then report,2,2021-03-04 15:52:57
@RoKo4218,I came here only to hit the dislike button.,1,2021-03-04 10:45:01
@iamstranger9778,Who hates Alia,0,2021-03-01 14:41:36
@prashant___singh,Abhi dekha ye video or kr diya,2,2021-02-25 17:39:03
@kapisharora6740,Chotiya alia,2,2021-02-25 05:14:49
@deepbasssong3276,bhai log ise bhi dislike ka moka milna chayiye dislike karo to like karte jana pata chale,0,2021-02-23 14:43:01
@Shiningstar-027,Feeling sad for aditya,40,2021-02-19 10:11:01
@anime_aviator44,This movie is almost made a demolision of 20th century fox. If Disney still allows FoX STAR to produce movies with nepotistic actresses. So it is certain that one day Disney will have to sell itself to any other company.,1,2021-02-17 07:27:54
@anime_aviator44,First movie of 'A Walt Disney company' hated so much! Disney's CEOs are certainly got furious on Fox star studious!,2,2021-02-17 07:21:36
@padmavathidevi9436,"I searched this trailer and then disliked it ,alia deserved it , sushant had a pure heart but no one understood itt until he died",2,2021-02-12 04:01:10
@2.0satrmusic91,,0,2021-02-11 19:37:30
@ishaandhawade8583,"Wait, did you re-upload this trailer to get views (and dislikes) for your channel?",1,2021-02-09 13:46:10
@user-gu9tb2iq7s,Faltu hai re,2,2021-02-05 11:12:37
@rohit8277,Who are these 2.4 lakh people Kaha se aate h ye log,0,2021-02-04 13:53:54
@thakurcmmehta6498,I love sanjay dutt but i hate alia bhatt and mahesh bhatt,2,2021-01-31 11:26:23
@salmanmalik9494,I love jishu seng gupta,0,2021-01-30 18:13:01
@kamallochan1607,Dhund dhund kar dislike karo,2,2021-01-30 15:09:57
@s.b.thooshith6683,,0,2021-01-28 11:58:14
@abinasashokan9085,waiting for 1billion dislike,0,2021-01-27 13:07:10
@yoongistangerines3468,Indians and even foreigners who stan SSR just came here to dislike...I'm one of them,1,2021-01-26 15:39:40
@MoviesAndMyths,Congratulation for 1million Dislike,0,2021-01-26 12:53:47
@bechendriya4025,Plz don't show these nepoes videos we don't want them actually I hate all colonialist kittine dislikes,0,2021-01-25 06:13:19
@CrickCorner,ChutyA,1,2021-01-22 10:44:36
@dheerajmishra8417,Tum sale ab sadak pe aaoge,0,2021-01-21 06:03:11
@spiderdad4247,Cuties has 2.2 million dislikes,0,2021-01-18 20:47:08
@tusharjangda3980,Dislike,0,2021-01-17 14:44:33
@students_pro_gaming,#Justiceforssr,0,2021-01-17 14:43:56
@dynamomi,,1,2021-01-16 14:35:57
@mrak7390,Bala na,0,2021-01-15 04:27:57
@palleyswetha5608,"Only because of alia, now aditya faces this worst flop",1,2021-01-14 10:49:07
@gssrad1038,SSR,0,2021-01-13 20:34:06
@conqueror0992,Jo Jo bhai or behen is video ko dislike maarenge in sab ko solute hai meri taraf se.,0,2021-01-13 11:42:52
@conqueror0992,And I am sushant Singh Rajput fan,0,2021-01-13 11:39:50
@conqueror0992,"Ye log siraf dislikes hi deserve krte hai , jinme sabse mahaan insaan hai havas ka pujaari mahesh bhatt jisne apni beti ko bhi nhi baksha",0,2021-01-13 11:38:53
@piyushnalawade2429,Who are here after disliked original trailer..... mai to aaya hu.. Aap,1,2021-01-12 14:57:03
@pallavikulkarni761,Sadlklss film,1,2021-01-09 15:59:01
@Dexterawsome21,Itna ghatiya movie ka trailer dekh ne se accha koi cartoon movie dekh loo wo toh iss se 100 acchi hogi,1,2021-01-09 08:00:44
@chahatarcreation9744,SSR fan,0,2021-01-09 08:00:37
@worldofrahul8693,I disliked it.,1,2021-01-08 10:23:19
@rambo5035,Fox star and Disney Got more dislikes course of alia,1,2021-01-05 05:26:32
@sanchitbehera1926,The people who like this video were actually holding phone upside-down. So if you are holding the phone correctly then dislike the video (of course you will).,0,2021-01-03 09:24:31
@Im.mohammedrehan,Who came here for dislike,1,2021-01-03 04:53:34
@jamunasingh2669,,0,2021-01-01 15:32:18
@mrgameryt3251,Badi majboot,0,2020-12-31 14:11:19
@SohelKhan-wk1jb,Who Searched only for Dislike it,0,2020-12-31 12:08:52
@ajeetvijaynarayan2751,Sushant bhaiya jee ki yaad mey bollywood movie by cott ab to khesari bhaiya jee ki movie dekhta hu,0,2020-12-30 18:08:06
@AM-pg1zo,", !",2,2020-12-30 16:59:17
@RajeevSharma-zx7nr,Sanjay,3,2020-12-30 15:54:26
@scripter9016,Proud to be a disliker,1,2020-12-29 07:53:06
@mb4fitness,#boycottbollywood #supportfarmers,0,2020-12-27 13:40:32
@word.exeinmoscowuniversity323,Sadak is a sadak,0,2020-12-25 10:11:42
@factsutra2239,,0,2020-12-25 08:13:25
@thekpopcorner_r,Dislike button rest in peace,1,2020-12-25 05:53:01
@kabilsk22,Open you tube Search Sadak 2 Trailer Put (dislike) this trailer Read and like the commets,1,2020-12-23 08:38:24
@sujal.b1203,I came only to dislike this trailer #JUSTUCE FOR SSR,1,2020-12-21 16:00:30
@dilanpoonacha8289,Fact:Wherever the trailer is uploaded everywhere it is getting disliked LOL,132,2020-12-16 04:41:54
@technicalbhaisam7098,bekaar bc,0,2020-12-15 16:53:46
@technicalbhaisam7098,nikal lavdeeee,0,2020-12-15 16:53:37
@Anamika..7659,whatever but aditya acting was good in this,0,2020-12-15 09:57:00
@yashwanth007,Abi maza ayega na bidhu dislike karke,0,2020-12-14 05:38:22
@RanjeetSingh-nk9fz,Who is watching in December,0,2020-12-12 12:05:03
@SW.Productions,Can someone explain why this has so many dislikes? Im not Indian btw,1,2020-12-11 08:33:45
@ialammasu7242,I came here just to dislikes this horrible movie,0,2020-12-11 04:26:31
@indiakiaawaazsosiya1028,Amezing dislike,0,2020-12-09 03:47:34
@AadityatuhyiijiiiBista,Who searched this video only to dislike,0,2020-12-06 05:42:10
@vinayakbiramanephotography9500,Best location for photoshoot watch this video https://youtu.be/gfnCrwlC8So Like share comment and please channel subscribe,0,2020-12-03 17:11:40
@mnk234,Why so many dislikes not understand this language,0,2020-12-02 06:18:40
@janakramverma8158,Sadak 2,1,2020-11-30 14:07:46
@bahubalibahubalibahubali,aise movie mat uthaya karo hotstarrrrrrrr,0,2020-11-30 03:06:53
@ramawatersharmasharma4549,,0,2020-11-29 17:30:59
@09cxiiumeshkumar40,Yahan bhi maa chod do,0,2020-11-29 07:38:19
@Alwayslive_12,Congratulations everyone. Most disliked trailer in the world untill now. https://youtu.be/4Jd1q_Bq4fo,0,2020-11-29 06:05:26
@fahmedhafahmedha6461,Chut ka movie,1,2020-11-28 18:57:37
@Renu_sinha_220,Tv Tv,1,2020-11-25 11:48:57
@nezhaprameshty2439,"lol to much dislike... im surprice . maybe cz we need movie not trailer, but cz of trailer we can know how about some movies right?",1,2020-11-24 23:22:50
@nezhaprameshty2439,best movie. the power of acting sanjay dutt i love u. actually i hate alia bhatt. first time i seriouse watch movie alia cz of sanjay. love love love sanjay. hope u always helth. salam singapore,0,2020-11-24 23:21:34
@vimalraj9047,Vango Vango vanguratuku vango dislike button ungalai anbudan varaverkiradu,0,2020-11-24 13:53:09
@sgaviff8462,Sanjay Bhai aap ye kiske sad film nikaleho sadek jesi film ko brbat ker k rkhdegi ye larki,1,2020-11-23 08:06:21
@imrameshyadav,I take the phone of whoever I meet and dislike this video first of all,17,2020-11-21 17:52:17
@ankitsahu5991,Sadak 2 ki mc 3 bar,0,2020-11-21 12:46:29
@cricko991,ll Alia,0,2020-11-21 06:11:47
@sudheendranegalur5354,My work done from her My work was just disliking this video,0,2020-11-20 18:00:25
@ayshashada7668,Anyone after sadak 2 release??,1,2020-11-20 08:27:48
@technicalsufian4084,Very beutiful vidoe,0,2020-11-19 09:18:31
@technicalsufian4084,Ms dhoni retire ment,0,2020-11-19 09:18:18
@03615165,"Justice for Sushant,, disliked this video,,,",0,2020-11-19 08:45:36
@goutamdebnath3739,This trailer also disliked video,0,2020-11-17 16:40:55
@banu52gmail14,Dislike fr sushant...miss u,0,2020-11-17 06:34:33
@technogamers6317,PLZ don't dislike this trailer plz,1,2020-11-16 08:54:24
@maninigupta3236,Maha phaltu log jisne like kiya hai ...,1,2020-11-16 06:08:19
@luckymoviesnokha,Agar aapko ye video dekh ke hansi na aaye to me apna mobile bech ke redio le lunga. Link pe click karke video dekhe https://youtu.be/GYCqKdDAOvw,1,2020-11-11 22:33:53
@Bilal-gjr,Loved it,2,2020-11-10 17:54:55
@VedSanap,,1,2020-11-09 11:23:50
@coldx803,I love ALIA BHATT!,1,2020-11-09 05:26:22
@darkvenom7738,Not for sanjay dutt it is for mahes bhatt and alia bhatt yesssssssssssssssss,0,2020-11-09 05:01:32
@mehakimran9143,Is k dislike km kase ho geye,0,2020-11-08 18:03:10
@hajarelbar3992,jk news,0,2020-11-07 22:06:03
@kondaveetikrishnateja8220,In a interview alia told who is Sushant and now she know that who Sushant is,360,2020-11-07 05:43:44
@karankanojia3554,It was 10 million dislikes how does it 1.9 million dislikes happen?,0,2020-11-06 19:02:18
@RohitSingh-yo2yl,The fake tantics of sanjay dutt to come out as cancer survivor just because for promotion of this movie is straight outrageous .,0,2020-10-31 13:14:29
@brothersgaming1k28,Aliya sab se ghatiya actress h bahut ghatiya h us Ko mar Dena chaiye tha Kass Sushant ki jagah alliya mar jati Maja AA jata Congratulations to movie to get most dislike,0,2020-10-29 04:48:07
@amitbhadanadwitya7626,Aliya sab se ghatiya actress h bahut ghatiya h us Ko mar Dena chaiye tha Kass Sushant ki jagah alliya mar jati Maja AA jata Congratulations to movie to get most dislike,0,2020-10-29 04:45:47
@axm-004,gReAt fIlM. dEsErVeS 5 sTaR rAtInG.,1,2020-10-28 15:05:43
@daniaujla3925,Dislike,0,2020-10-25 03:11:44
@myselfmukeshkumarram6353,No response,0,2020-10-19 01:09:57
@aashish_kumar05,OMG!!!!!!! 19 LAKH DISLIKES... - 10000000000.... Infinite...,1,2020-10-14 19:55:23
@Famouscompition,Boycott bollywood,0,2020-10-14 15:11:38
@jsj6940,Movie mst hai nepotism kah k dislike maar rhe ho Baad me tumhi dekhoge jab berojgar baithoge,1,2020-10-13 08:11:14
@joymitra980,Nepotism,1,2020-10-12 03:31:37
@joymitra980,We love baba but alia ganja2 we hate you.,0,2020-10-12 03:31:27
@Ahtesham731,14 million dislikes RIP now 1.9 million how,1,2020-10-11 15:13:48
@shreevinaiktradingco5180,Are like,1,2020-10-11 11:37:15
@akcreation4253,Dislike kaise km huye,1,2020-10-11 04:04:20
@pradeepcharan007,WTF ye dislike itni kum kese hogaye yaar.,4,2020-10-10 06:43:40
@misskavya8766,#Pura #khandaan es #movie me #ghus gya #mahesh bhatt #pooja bhatt #aliya bhatt #shakshi bhatt #mukesh bhatt or kon kon hai bewajah #sanju baba ko laat khani padi es movie me aa kr,0,2020-10-10 05:29:07
@Dipikkeyang9190,Boycott,0,2020-10-09 20:40:35
@AshishKumar-pt1jg,ye kya tatti movie hai,0,2020-10-09 14:16:53
@VIKRAMPAYAL,,1,2020-10-02 03:47:19
@VIKRAMPAYAL,,1,2020-10-02 03:46:29
@lavishyadav7912,"Karan Johar ko kitne chappal milne chahiye, 1SUBSCRIBE=100 CHAPPAL",0,2020-09-28 09:25:16
@Nisarglavad9090,Dislike Target 5.m Wah Kya trailer hai https://youtu.be/CqIlQnEGkR8,1,2020-09-21 05:16:56
@Nisarglavad9090,Who search for dislike,3,2020-09-20 09:18:53
@mujeebalam8289,Super movie,1,2020-09-19 21:56:32
@yogeshwaryogeshwar2369,Mahesh butt dalla r@ndiwood ka,0,2020-09-19 07:32:53
@reviewworld4974,Jaha bhi is Movie ka Jikrr hoga Vo Dislike Hoga,1,2020-09-19 02:45:26
@iplvideo2136,Someone: What is the viral thing ? Me: Binod Someone: I said viral ? Me: Your parents live for 100 years Someone: Perfect,1,2020-09-18 04:07:25
@vishwamitra786pleasesubscr4,love is strongly an long timehttps://www.youtube.com/playlist?list=PLqg3ZNh7nPmBFeYo8IkxDEKy6ctcGrQZZ,1,2020-09-18 03:35:57
@sanjaypanday8135,,1,2020-09-17 17:18:45
@madhavdas7381,Sanjay sir ki koi glti nhi h just for that bit*t and that mahesh manwh*re,0,2020-09-16 16:27:27
@Muskan-tt3rt,"Believe me, I searched for Sadak 2 and dislike all the vedios I found about this film (music, trailers, and all ) Let us be together and show them what their place is ! And also Alaia Bhatt ko to ab yeh pta chall hi gya hoga ki Shushant Sir kon the ! We want justice for Shushant Sir......or tab takk hum ghar baith kr sabhi bollywood movies ko is hi trah dislikes dete rhe ge .",0,2020-09-14 21:35:48
@উল্লাস-ণ৯ল,,0,2020-09-14 18:04:27
@errolrogers6835,Ali rubbish acting don't doesn't look good also she no sham loafing with kat ex new actress look better they act better,0,2020-09-13 15:42:42
@dd-xi1eh,Dislike kaha gaye,0,2020-09-13 12:41:33
@sashiishuklaa9891,". 5,000 ""5,000 . "" . College of innovative management and science Gomti Nagar Lucknow",0,2020-09-13 04:42:05
@RamanandBhalerao,Sirf dislike vale hi like kare,0,2020-09-12 08:05:04
@maheshm8906,Who wish to See 10M dislike within week. Like here,0,2020-09-10 18:48:24
@bhawanikanwar598,Bollywood dogs,0,2020-09-10 15:53:33
@narendrapateer7375,Bakwas movie,0,2020-09-10 04:48:01
@mahakuu14,I love this film its very nice,1,2020-09-09 07:42:41
@ibrahimshariif11,yeah let us to dislike,1,2020-09-08 22:31:02
@धर्म्म,,0,2020-09-08 15:33:20
@sandpapernapkin329,Only dislike for SSR and the bhatt family even they don't no what is struggle,1,2020-09-08 12:30:12
@Boyschiksss,Shame on u film,0,2020-09-08 08:32:13
@sandpapernapkin329,Jitne is video ko like karoge utne Mahesh bhatt ko chappal,1,2020-09-08 05:19:48
@Akshay_salaria.,I am here to dislike video,0,2020-09-07 07:31:37
@kolherushikesh7756,Kon Kon dislike kiya #rk_edits123,0,2020-09-07 03:47:03
@roshanthapa8487,Didnt watch. Just disliked. Yuck.,0,2020-09-06 17:41:10
@Tmoon2003,Faltu movie,0,2020-09-06 15:41:11
@Tmoon2003,Faltu movie,0,2020-09-06 15:41:03
@lastbreather1427,"Dislike only for mahesh bhatt, alia bhatt, not for sanjay dutt",6,2020-09-06 06:01:25
@shashitejaswini146,Most dislike in you tube trailer Goggle :sadak 2,0,2020-09-05 21:50:02
@shashitejaswini146,And report this trailor effect yahi se hoti aey,0,2020-09-05 21:32:26
@prashansamoktan3078,Boycot sadak 2 movie..,1,2020-09-05 15:40:01
@BabitaKumari-fy7ss,Congratulations guys we finally made this trailer the worst trailer with 1.1ratings,0,2020-09-05 13:57:44
@akshayrathva8488,,0,2020-09-05 09:44:53
@akshutgakeu173,Ab raja ka beta raja nahi manega Raja wahi banega Jo hakdar hoga Case on 3/4 starkids seize full money And give to poor,1,2020-09-04 13:40:30
@shashidharraokanchukatla6019,Why Vidyut was not you invited to Hotstar Multiplex Launch ???? Pahle answer dho,0,2020-09-04 13:28:21
@mspawar2133,Boycott sadak 2,0,2020-09-04 06:02:49
@Gsaraswathi-ms1gs,It wiil come as most attar flap,0,2020-09-04 04:51:01
@Gsaraswathi-ms1gs,Yu will not get movie hit,0,2020-09-04 04:50:17
@Gsaraswathi-ms1gs,Sushanth fan,0,2020-09-04 04:49:52
@Saumya-jl3fe,actually the fun fact is that we all have search this trailor to dislike only...,3,2020-09-03 08:59:10
@Saumya-jl3fe,Alia had asked that who is SSR and after this movie she will never foget his name..bcuz the movie wiil get floped...tit for tat..,3,2020-09-03 08:57:30
@geetajuyal4714,"Ahhh please remove this annoying trailer from the app home banner... It's literally making me angry because evertime i open the app this trailer plays.. you have removed "" khuda hafiz"" Trailer from banners on very first day and playing this most disliked trailer on home banner from more then a week. I am paid user of your app. Please do not make me regret for buying subscription of your app.",2,2020-09-03 08:34:57
@nrcreations4729,#Kon_kon_yaha_pe_Sunju_BaBa_ka......#Hard_fun_hai......#commenter_like_Karo,0,2020-09-02 03:55:41
@Lesstime-o5c,,0,2020-09-01 08:22:58
@pravinsharma9286,Chal bosk,0,2020-09-01 06:09:27
@kalesarkesariyadav5180,Super Hit Dislike,1,2020-09-01 02:51:04
@siristeluguruchulu6221,https://youtu.be/Hfg_-piaj-s,0,2020-08-31 18:22:08
@govindbhat6819,Sadak 2,0,2020-08-31 16:45:22
@insaangaming4146,I hate you Bollywood,1,2020-08-31 15:05:33
@anamulhaqueshaun3286,"Sale tum log dislike keu jaida nehi kar raha ho? Susant singh rajput ka liya kuch karo,,,",0,2020-08-31 08:05:07
@kSubscribersbeforethSeptemberC,Like kaun kar raha hai trailer ko????,0,2020-08-31 07:49:35
@rohanbhai883,Snjo bhai sorry,1,2020-08-31 06:56:02
@GgG-pz2ny,Sadak 2 offcial trailer with 18 lakhs dislike across youtube,0,2020-08-31 02:29:44
@ayushsingh6545,"Yaha ke dislike wo jyada wale disliked video par kaise transfer karen, google have no idea... Anyone???",0,2020-08-30 20:24:50
@indianreaction1m695,Hey bhagwan Mere comment ko jo b khubsurat ankhe pad rahi hai unko jaldi GOOD news mile Like maro,1,2020-08-30 18:12:35
@devaaravind1604,"Where is my dislike, @YouTube how much did you take?",0,2020-08-30 17:57:23
@singhsambhi3683,,0,2020-08-30 16:49:23
@dhivyaduraisamy5570,And worst rated movie until now,0,2020-08-30 16:08:35
@goeltwinkle865,Who else like this video,1,2020-08-30 16:05:33
@GHOST_.69,Fun Fact: we all searched this trailer just to dislike,1,2020-08-30 15:16:21
@astitabsambyal1061,Hum sanjay dutt ke liye like kare ya nepotism ke liye dislike,1,2020-08-30 13:48:53
@JustForFun-ef1hr,,0,2020-08-30 12:59:08
@vishalshah331,baar baar ad aa raha tha....khaas dislike karne idhar aaya XD,0,2020-08-30 11:24:38
@sunilreddy4225,,0,2020-08-30 10:33:53
@Rj.ak47,,0,2020-08-30 09:06:23
@niyalshah2969,After seeing dislikes i though it to be YouTube rewind,0,2020-08-30 08:53:27
@adeebali4189,I made 10 account for disliking this trailer 10 times,0,2020-08-30 08:46:06
@pointsfordebate407,I dislike it for the Sushant Singh Rajput,1,2020-08-30 08:44:32
@Mamtayadav____714,BAD,0,2020-08-30 08:25:16
@katastasioncontroversy4119,Why no. of dislike falling down,0,2020-08-30 07:57:06
@sagnikpaul8653,Yes this movie is a crap But v r also forgetting that hotstar made such brilliant movie like dil bechara and made it free for us!,1,2020-08-30 06:28:32
@amirai5749,Sadak thuuu,0,2020-08-30 05:39:05
@devilteddygamez2542,nice i like must watch movie i like 1st part of this movie aur hai. I support nepotism.,0,2020-08-30 05:29:29
@gouravchakraborty9801,Who's here after Sadak 2 got a score of 1/10 on IMDb?,0,2020-08-30 05:26:59
@bharathgowda8593,Disliked,0,2020-08-30 05:22:58
@adityagaikwad1006,,1,2020-08-30 04:43:16
@m.s.kannaujiya356,"#BoycottNepotism #boycottsadak2 #boycottDisney+HotstarVIP Why are you engaged in earning your respect in the affair of #sadak2, Disney Channel people, be careful, do not you go on the road like #sadak2",0,2020-08-30 04:13:03
@maheshwarsingh5046,Bhosdiwalo kya movie bnayi hai 30 min. K andar bor ho gya ye bhi koi movie,0,2020-08-30 02:52:49
@aryanashu8548,Kya re buddha mahesh bhatt tumhi marwaya hai na sar ko... Tharki buddha riya ke saath gpaghap aur ssr ke saath murder saale tum bhadwo ko aur uss dayan ko nark mein jgh na mile,0,2020-08-30 01:55:50
@amansingh-ls9yf,Gand maro salo ki,0,2020-08-30 01:52:36
@iamprashantsingh598,boycott,0,2020-08-30 00:59:11
@shezadshah7864,Sanjay dutt love,0,2020-08-29 22:34:59
@shezadshah7864,Alia Bhatt felop,0,2020-08-29 22:33:37
@aaravrajput9166,Chkke,0,2020-08-29 21:55:06
@niravraja7909,Haqq Thuuuuuu [ Worst movie ],0,2020-08-29 21:27:19
@shreyas764,We did it ladies and gentlemen The most disliked video ever ;_;,1,2020-08-29 21:21:05
@thesunrise6924,"Hate this movie,,,, Justice for SSR",0,2020-08-29 19:26:06
@ankushsolanke753,In kutuo ke dislike ke baad karan hijada ke film ki Bari boycott nepotism,0,2020-08-29 18:20:28
@pinkymary8987,"I hate this rubbish movie and the people in the movie father want young girls, daughter loafing with own best friend ex boyfriend shame on Ali wicked just like father",0,2020-08-29 18:05:44
@ShivajiKeAlfazz,Jo bhi Hai Dailouge Mst hai Iska movie kaisa hoga,0,2020-08-29 18:01:53
@sarjeetsingh4949,Em kuto ny kese ny bhi ek tuut tk nhi keya en madrchodo ny,0,2020-08-29 17:16:11
@sarjeetsingh4949,Ye sb madrchod h Susant sir k katel h es me bykt kro en madrchodo ka,0,2020-08-29 17:15:11
@swasthjeevanayurved1,Bollywood ke drug racket ko jail me daalo,0,2020-08-29 16:39:12
@shriramnarkhede5127,Ye movie mtlb randi khana hai,0,2020-08-29 16:38:04
@ritushergil5126,Flop hi hogi meri BADH DUWA HAI,0,2020-08-29 16:20:12
@sunilmatsagar1738,,0,2020-08-29 16:09:27
@sanjana4710,I hate this how many times you now answer is 100000000000000000000000000000000000000000000000000000000000000000000000000000000000000000000000000000000000009000000000000000000000000000000000000000000000000000000000000000000000000000000000000000000000000ttimes,0,2020-08-29 15:58:30
@sanjana4710,This is a worst worst worst worst worst worst worst worst worst worst worst worst worst worst worst worst worst worst worst worst worst worst worst worst movie and very very very very very very very very very very very very very very very very very very very very very very very very very very very very very very very flop movie I love Sushant Singh Rajput,1,2020-08-29 15:41:36
@sanjana4710,I hate this I not watch this movie,0,2020-08-29 15:38:18
@poforizen5064,My girlfriend liked this video i did breakup with her for sushant singh rajput # justice for sushant singh rajput,0,2020-08-29 15:29:36
@killua_sama5208,I made 20 google accounts to dislike this trailer,161,2020-08-29 15:23:21
@smartphoneworld2657,This is a lol,0,2020-08-29 15:02:24
@jyotiray5797,Boycott hotstar. E sab milkar hamare desh ka mahol kharab kar rahen hai,0,2020-08-29 14:51:07
@bichindradebbarma9420,Again dislike,0,2020-08-29 14:39:40
@satviksaini4481,I am here only for dislike this,0,2020-08-29 14:38:43
@rogerfreefire7675,#Justicforsushantsinghrajputsir.,0,2020-08-29 14:37:55
@rogerfreefire7675,Sadak thu only dislike,1,2020-08-29 14:37:10
@awesome_preets6639,Justice for Sushant......boycot whole bollywood industry we miss u Sushant luv u,82,2020-08-29 14:18:41
@bhoopendrasinghjnu,Sale bhadave kahi ke,0,2020-08-29 14:13:30
@bhoopendrasinghjnu,Desh ke asali gaddar ho tum,0,2020-08-29 14:12:25
@ankit.saini.96,JO BHI REJECT KARTE H VO HI LIKE KARE,1,2020-08-29 13:45:47
@tanishsingh509,Please hotstar aache filmon ko buy karo aise film nahi dekh payege .......,0,2020-08-29 12:24:06
@snehadas4133,The reviews and ratings are honestly very bad but I don't if those are just biased opinions. Want to see na honest review based purely on the craft. https://www.filmcompanion.in/reviews/bollywood-review/sadak-2-review-disney-plus-hotstar-alia-bhatt-mahesh-bhatt-sanjay-dutt-anupama-chopra/,0,2020-08-29 11:56:12
@FantasyGhostStories,KIS KIS KO YE VIDEO AACHA LAGA JALDI SE LIKE KRO ....,0,2020-08-29 11:29:29
@ytusertxrthdxsxi1854,Most unbearable movie. .,0,2020-08-29 10:44:36
@iamnav7166,Oh ho ho very bad their are so many like awwww,0,2020-08-29 09:27:49
@rickyj8317,Kya chu picture hai..cheee..thu..thu,0,2020-08-29 09:22:27
@Azharali-uo3sz,Koi kuch bi bole Sanju BABA hai film me,0,2020-08-29 08:36:08
@tushaliranjan983,Worst in the world,0,2020-08-29 07:35:18
@abhinavsrivastava7673,Sanju baba kewal apki wajah se trailar dekha .....baki not intrested. Love u sanju baba and GET WELL SOON..,0,2020-08-29 04:40:38
@nayanjyotibezborasumu6362,Sadak 2 was fantastic movie Sanjay Dutt & Jisshu sir performance very well,1,2020-08-28 23:15:07
@susantadas4004,Worst movie in the world in 2020,0,2020-08-28 19:26:48
@athul1437,Disney channel show your dignity when you are promoting or marketing something Alia Bhatt is waste actress,0,2020-08-28 18:56:22
@sakshirajput9094,I love Sushant Singh Rajput,1,2020-08-28 18:22:28
@sashiroy4566,"Chii ganda film , I will vomiting now waaa",0,2020-08-28 18:05:36
@jayshaaah9,bhai ese dislike nhi ksrna chahiye. movie banane mai bohot mahenat lagti hai.,0,2020-08-28 17:36:04
@pratikgor259,Dislike dislike....,0,2020-08-28 17:22:58
@sargamkumar4118,Looks like youtube has stopped dislikes because this 18 lakhs is still the same since last week and there is no increase... however I did notice that likes have increased by 1 lakh in last one week and views are increasing day by day,4,2020-08-28 16:45:41
@gauravgurjar9582,Report this trailer,0,2020-08-28 16:33:21
@mr.rupesh1871,Specially search this for dislike it,0,2020-08-28 15:45:54
@utkarshsingh1078,Rubbish only seen it for jubin,0,2020-08-28 14:41:43
@rachanadurgam4866,Only Sushant,0,2020-08-28 14:34:01
@umeshsarojj5857,Trailer to dekh liya but movies Mt dekhna,1,2020-08-28 14:27:54
@ghaziabad3030,Please Dislike Karo sab,1,2020-08-28 14:26:05
@anshrao1814,This video too deserves more than 10 M dislikes Who agrees to me,1,2020-08-28 13:56:46
@papakipari4258,My New I'd... Kon kon support Karonge.,0,2020-08-28 13:44:31
@vaibhavgawand9563,Hostar vip is a great platform to release but i request you to don't release sadak 2 your name will spoil,0,2020-08-28 13:02:52
@virendrajagtap4078,Target 10M dislikes.. Jaldi jaldi dislike karo.. Best of luck..,0,2020-08-28 12:32:43
@ashokjagtap4999,WE WANT MORE DISLIKE,1,2020-08-28 12:26:24
@BlogwaliFamily,like kro to pata,0,2020-08-28 11:39:58
@user-xq3pu4bs6y,Are main to kahta hoon ke apne bhai behan see causins friends ko ye vedio send karo aur saab milke dislike k are. Target 1k likes on this comment,0,2020-08-28 11:24:44
@riteshpatelfilmy18,Hotstar per na dekhe telegram per se download karke dekhe,0,2020-08-28 09:51:38
@kkkarankumar5329,I hate this movie,0,2020-08-28 07:14:11
@afridisheikh844,Bhanchod kiya chutiya movie hain,0,2020-08-28 06:55:24
@Anmolkhatri11,Aliya ki kon kon Mara ga Aliya k chiya To like karo,0,2020-08-28 05:17:42
@Anmolkhatri11,Mahesh butt or sanjay dutt k K upper kon kon tukai ga,0,2020-08-28 05:16:55
@trayashidasdas8632,Most dislike trailer in the whole world,0,2020-08-28 04:39:34
@anubhavkasaudhan7797,Worst ever,0,2020-08-28 04:36:14
@rajkvideos9151,Like karne wale sale kutte hain,0,2020-08-28 03:45:32
@syedtirmizy1262,Hate you criminals let the talent come up face it,0,2020-08-28 03:44:05
@jenneferng1512,FLOPPED!!!,0,2020-08-28 03:21:35
@Rajansingh-us5ds,Boycott,0,2020-08-28 02:42:53
@prs2789,,0,2020-08-28 02:23:58
@ranjhadaindia414,"Mahesh bhatt who brings always new generation should not target, people who presenting face of human beings getting bad behaviour, recently he made BA pass was really good movie.",0,2020-08-27 20:17:13
@filmiindianboy8826,Best movies #filmiindianboy,0,2020-08-27 17:54:09
@kumarsonu143sonu5,Bad movi,0,2020-08-27 15:59:15
@Vijayaragavendran,dislikes,0,2020-08-27 15:27:14
@babaji6916,https://www.youtube.com/channel/UCSdFfDut35aHWhoies864mQ,0,2020-08-27 13:29:56
@babaji6916,https://www.youtube.com/channel/UCSdFfDut35aHWhoies864mQ,0,2020-08-27 13:29:51
@babaji6916,https://www.youtube.com/channel/UCSdFfDut35aHWhoies864mQ,0,2020-08-27 13:29:46
@babaji6916,https://www.youtube.com/channel/UCSdFfDut35aHWhoies864mQ,0,2020-08-27 13:29:41
@babaji6916,https://www.youtube.com/channel/UCSdFfDut35aHWhoies864mQ,0,2020-08-27 13:29:37
@babaji6916,https://www.youtube.com/channel/UCSdFfDut35aHWhoies864mQ,0,2020-08-27 13:29:32
@babaji6916,https://www.youtube.com/channel/UCSdFfDut35aHWhoies864mQ,0,2020-08-27 13:29:25
@babaji6916,https://www.youtube.com/channel/UCSdFfDut35aHWhoies864mQ,0,2020-08-27 13:29:20
@babaji6916,https://www.youtube.com/channel/UCSdFfDut35aHWhoies864mQ,0,2020-08-27 13:29:12
@babaji6916,https://www.youtube.com/channel/UCSdFfDut35aHWhoies864mQ,0,2020-08-27 13:29:08
@babaji6916,https://www.youtube.com/channel/UCSdFfDut35aHWhoies864mQ,0,2020-08-27 13:29:03
@babaji6916,https://www.youtube.com/channel/UCSdFfDut35aHWhoies864mQ,0,2020-08-27 13:28:57
@babaji6916,https://www.youtube.com/channel/UCSdFfDut35aHWhoies864mQ,0,2020-08-27 13:28:53
@babaji6916,https://www.youtube.com/channel/UCSdFfDut35aHWhoies864mQ,0,2020-08-27 13:28:48
@babaji6916,https://www.youtube.com/channel/UCSdFfDut35aHWhoies864mQ,0,2020-08-27 13:28:43
@babaji6916,https://www.youtube.com/channel/UCSdFfDut35aHWhoies864mQ,0,2020-08-27 13:28:39
@parisandhyasen1329,Asap log dobara ab kbhi nhi uthoge mahesh bhatt aliya bhtt,0,2020-08-27 12:16:45
@vermasid14,If you liked this trailer you are a Nepotism supporting A S S H O L E.,0,2020-08-27 12:14:18
@prasenjitdas1129,I hate bhat family Me pehele Alia Ki fan tha Lek in abhi nhi I hate Ali. Alia borbad ho Jaye ga tum KO kisi ne kam nhi dega,0,2020-08-27 12:13:23
@nibashdebnath2702,Kutto ke flim boycott karo flop Mahesh bhutt mader chud Alia bhutt Randi,0,2020-08-27 11:49:13
@heliumraw12,Who the hell is liking this fcking sadak chap2 trailer.,0,2020-08-27 10:07:09
@vkclyf9767,Alia ki,0,2020-08-27 08:37:42
@susmuchhetri9313,Alia na aditya ko aur sanjay dutt ko fasadiya ..,0,2020-08-27 08:32:47
@PremSiyag45,"This is not sadak 2 this is sadak chap 2 ,justice for ssr",0,2020-08-27 07:38:22
@pramodsinghchannel3387,10000 chappal,0,2020-08-27 07:34:30
@sahilkewat4962,Mahesh bhat the reborn of pegamber,0,2020-08-27 06:23:11
@shriyab1396,Now Alia will never forget who Late Sushant Singh Rajput is for her entire life,0,2020-08-27 05:33:22
@roobithkp4147,Our Munna Bhai Is Good Looking,0,2020-08-27 05:19:30
@kapilrana8538,"Once Varun dhawan and alia butt said in an interview that the people calling them nepokid are outcomes of bad parenting they are acting as if their parents didn't even bought them a pencil box. This is what they literally said Now it's in the hand of you Indian's to show them their ""aukaat"".",4,2020-08-27 05:09:38
@narayandas7215,Very good just f*** off,0,2020-08-27 04:13:23
@zeeshankhan-vo9ig,For your kind information ssr rejected bhansali is more movies like ram Leela and more or actors ki Kya galti h usme to Inka haath nhi h na,0,2020-08-26 21:26:01
@RajuDas-vp1dz,Falto pic sadak 2 napsnd pic,0,2020-08-26 16:58:45
@afrozkivines8689,Aap sab me agar himmat hai to mera channel subscribe karke dikhao,0,2020-08-26 16:23:54
@afrozkivines8689,Mere channel ko subscribe mat karna,0,2020-08-26 16:23:21
@afrozkivines8689,Kya aap sab ye movie dekhoge,0,2020-08-26 16:22:59
@Kishorkumarkk1414,"50,000 subscibers with no video challange",0,2020-08-26 15:46:33
@mobya1724,,1,2020-08-26 15:07:40
@Something-Unique1,"Dil bechara is the most liked trailer. While, Sadak 2 is the most disliked trailer.",0,2020-08-26 14:38:41
@AtriPriya,"Hate this movie, hate alia and Mahesh bhatt",0,2020-08-26 14:19:03
@harshityadav4120,Kya re Bhatt director kisne banaya teko but chal tu marega aab,0,2020-08-26 11:55:50
@roysshort5304,#PublicPower,0,2020-08-26 11:15:37
@roysshort5304,Don't watch more than 30 second view will count #LoveSusantSingRajput,0,2020-08-26 11:15:00
@noobgamerz1170,Gaali dena hia bhadas nikalana hai 50 students hai - https://classroom.google.com/u/1/r/MTQxNDQ4NjM3MzQ3 Jao mardo sab ki,0,2020-08-26 10:49:44
@suramapatel465,Keep continuing disliked,0,2020-08-26 10:29:31
@SachinS-sf2vm,Came here just to dislike. Ab yeh nepotism ke kutte sadak me ayenge bc,1,2020-08-26 05:25:29
@1only1gamer19,They are the bald guys.,1,2020-08-26 04:58:19
@chiu1860,Aditya Roy Kapoor ko Kitna bad feel ho Raha hoga kyu Maine ye film sign ki,0,2020-08-26 04:14:25
@ANILPRAJAPATI-e3j,Laxmi bomb trailer release date update,0,2020-08-26 03:16:22
@cgchhora719,Who is open and just dislike and read comment,2,2020-08-26 02:27:12
@bimaltandi3558,me to aea dislik krne thhaa,0,2020-08-26 02:26:04
@dancecoachseethan,If incase you upload alia bhatt next video we will unsubscribe your channel so don't do that,0,2020-08-25 19:51:58
@DollarLachimi,Views coming when we are opening but we opened to dislike and report,0,2020-08-25 17:35:21
@Mahesh-vd1yh,Nikal BC,0,2020-08-25 17:10:33
@sahossahos4703,aliako nangakarkar all indiaghowre,0,2020-08-25 16:24:24
@mysteriousgirl6465,"Who are those people who liked this trailer seriously "" kon h yeh log kha se ata h yeh log "" I search this trailer only to dislike it",0,2020-08-25 16:14:59
@Majhewalabhau5911,Kis kis ne bina trailer dekhe hi dislike kar diya,0,2020-08-25 15:59:35
@mamullamulla6329,who made this bakwas movie man,0,2020-08-25 14:52:15
@VikashKumar-qy7bs,Sanjay sir ye aapke liye nhi ye alia ke liye dislike h Bhatt family is very bad,0,2020-08-25 14:26:11
@shashankaryan4150,WORST TRAILER I HAVE EVER SEEN,0,2020-08-25 13:10:50
@sajidmahmud7143,Proud to be a disliker,0,2020-08-25 10:19:47
@arshgaming3386,My girlfriend like this traler now my ex,1,2020-08-25 08:10:37
@captainu_gin2043,Flop movie,0,2020-08-25 08:05:48
@rutikbokde4744,2(two) ...... ....,0,2020-08-25 06:58:24
@medicalprofession8085,BOLLYWOOD,0,2020-08-25 06:56:07
@latetest,My gf like this trailer now she is my Ex gf,0,2020-08-25 06:09:09
@memegod848,I like this trailer,0,2020-08-25 05:38:54
@riyasah7657,This show that how much we love sushant singh rajput and hate nepotism,1,2020-08-25 05:20:45
@dhanashrijagadale1492,Faltu movie Who thinks,0,2020-08-25 04:50:07
@vishalbhagat3705,Sadak 2 ke Is trailer ke like or dislike Ko Dekhkar Kis Kisko maja Aaya Jisko maja Aaya Ho vah comment Karen Jisko Jyada maja Aaya Hai vah like Karen aur mere channel ko subscribe,1,2020-08-25 02:20:14
@tanyashrivastava6341,Ishke takle pr tamatar feko,0,2020-08-24 20:25:11
@28anuragmishra,"3 , .... .... ... # ? , , ..? , ..? , , , ... , ....",0,2020-08-24 19:56:26
@sudeshgoyal2302,Mahesh Bhaat kitna bada chutiya hai. I like equals 10 chutiya.,0,2020-08-24 18:07:53
@ramanbansal661,Guys unfollow alia bhatt on Instagram,1,2020-08-24 17:25:42
@siddhartthfilmwala,????????**++++++@@@@@@,0,2020-08-24 17:18:19
@illiudevil8565,"I saw this trailer but after 1 or 2 seconds , in my sarounding smells like tatti atmosphere , but when I completed watching and dislike , this tatti srryyy trailer , then the sarounding smells become normal how . I don't know",2,2020-08-24 16:49:45
@anitapandey4296,Pahala log,0,2020-08-24 16:45:12
@imajitlama7442,Yes only for dislike we hate nepotism,0,2020-08-24 16:36:39
@souravsing2130,We all searching this video just for dislike,0,2020-08-24 15:48:02
@mantoshkumarofficial4523,Dislike,0,2020-08-24 15:00:49
@0Ytunknown,Ab edr bhi record bnana PDA ga,1,2020-08-24 14:42:55
@nagarmanish89,Bina dekhe dislike,0,2020-08-24 14:25:10
@altafalam0066,My Hero all time favourite Sushant Singh Rajput,2,2020-08-24 14:08:40
@sandeepagaud545,Boycott,0,2020-08-24 12:27:19
@bihugbhunullu9399,https://youtu.be/quGM1dlVKvY sadak 2 roast,0,2020-08-24 12:18:09
@rajupaswan5669,Sadak thuuu,1,2020-08-24 12:13:28
@rajupaswan5669,Sadak thhhu,1,2020-08-24 12:13:09
@sanaaaaaa-f7x,Alia : I will kill Sushant Sushant : Kya ans bolega jab ye sab dekkar bolo mujhe,1,2020-08-24 10:50:24
@jyotibhardwaj9164,Karan Johar Shushant singh rajput https://youtu.be/5zGS-L4qMJQ,1,2020-08-24 10:41:22
@luckylakki2,Sirf dislike hi mile A bhi kam hau,1,2020-08-24 09:56:45
@kevinpatel3461,Kya Disney waale aap bhi maalum hei ki ise dislikes milne waali he to fir kyo upload larte he ese video,0,2020-08-24 09:13:37
@nnm9195,"Always boycott this type of people and their allied person, place or things.jai hind. Vande mataram",0,2020-08-24 08:36:33
@azmathali8055,"Bhai log jo bhi videos sadak2 ke barey mein bataya jaa raha hai unsabi videos par sirf dislike hi mil rahe hai,aur is video par bhi dekhlijiye....public samajdar hogai hai bhai",0,2020-08-24 08:20:50
@kaviakks8000,SADAK 2 = DISLIKE 2 3 & go on,2,2020-08-24 07:51:43
@ricktz6752,Sanjay Sir I'm sorry...had to dislike .,0,2020-08-24 07:38:09
@comfygalaxy2784,Top 10 Most Disliked Video On This Planet https://youtu.be/MzJmUlT7tW0 Guess Sadak 2 trailer Rank :D,0,2020-08-24 06:39:35
@KhushbuKumari-gw2cv,Always dislike the trailer of sadak 2 We love and miss you ssr Rip,1,2020-08-24 06:14:48
@huzaifakhanworld7587,Flop movie,0,2020-08-24 05:28:37
@whdgeheheh,My girlfriend liked this trailer now she is my ex,1,2020-08-24 05:21:51
@whdgeheheh,Pahele raja ka beta raha banta tha Aab raja vahi banega Jo baneke layak joga Tribute to sushant Singh rajput,0,2020-08-24 05:18:36
@PRIYANKAKUMARI-zx8ng,Dislike alia hate u dafa hoja,0,2020-08-24 04:39:34
@ankittiwari2070,YouTube should design something where we can dislike a video without views.,0,2020-08-24 03:47:06
@sunlightbny7893,,0,2020-08-24 03:22:05
@consultSSM,"How come all negative characters are associated to Fake Gurus, Babas of Hindus, y not rap f@ther, M@ula....",0,2020-08-24 03:10:03
@TECHNICALMOHANLALJI,Who is here after dhoni raina retirement Please yrr support me Plzzz yrr support me #TechnicalMohanlalji #Mohangamingbau,0,2020-08-23 21:24:48
@meenusharma9779,Boycott bollywood,0,2020-08-23 20:40:31
@d.m.jadejadigubha4007,Boycut mahes aalia reyaah maaderhod,0,2020-08-23 18:20:18
@shaqilamuzy6995,"Alia do you know who Sushant,? Now you can see the power of Sushant fans in the World.. #Dil Bechara #Sadak 2 From Indonesia",2,2020-08-23 17:48:16
@ganeshrajput9324-r2j,Dislike,0,2020-08-23 17:42:03
@rahulgaund941,Tum jitne b videos banaoge hum utna dislikes krnge,1,2020-08-23 16:44:13
@helpatmr.inteltv1266,"Hey Alia, who is Sushanth? Now tell. This is Suhsanth Gang!!",1,2020-08-23 16:42:56
@helpatmr.inteltv1266,"First trailer out in Fox star.... Now second in Hotstar..... Whatever, I do dislike",4,2020-08-23 16:40:57
@mamunroy8538,Report karo.,0,2020-08-23 15:02:05
@hridyakter7794,"Jis jis na trailer ko like Kiya ha,. Who Sushant Singh Rajput ki true fan Nahi ho sati",0,2020-08-23 14:42:09
@Dheerajkumar-jz8uh,Sushant ki smile ko kaun kaun miss karta hai ...I miss yar,2,2020-08-23 14:39:20
@PreetiKumari-pr9cr,,0,2020-08-23 14:36:53
@desaivlogs7347,very bad,0,2020-08-23 14:12:48
@desaivlogs7347,,0,2020-08-23 14:11:26
@lalitathakur5966,Alia you made fun of Shushant Singh Rajput. Now you are going to be fun. Hum sb public ne tumhe aasman pe bitthaya tha ab tumnhe sadak pe bethaye ge.,0,2020-08-23 13:27:15
@makedrawing5997,Same on you bhatt family,0,2020-08-23 13:18:43
@anilmandal5222,Waste trailor,0,2020-08-23 12:31:57
@prashantdubey8631,Sorry sanju baba,0,2020-08-23 11:56:33
@jaat______,"youtube Aalia,",0,2020-08-23 11:54:36
@LuckyBoy-zh9sk,Madrchod waste film,1,2020-08-23 11:08:36
@sureshchandrasemalty3880,Bhai thode chappal Marne ke liye like muje bhi de do,1,2020-08-23 11:07:27
@prasadgavanang3218,Disney + Hotstar please Don't Release this Shit in Your Online Content....,1,2020-08-23 10:12:20
@samreshkumar802,Do more dislike.,0,2020-08-23 09:15:22
@Sofwan786,"when you have not found the murder and the authorities (not Mahesh Bhatt) call it sucide, you have no reason to hate and accuse the team of Sadak2 .",1,2020-08-23 08:50:18
@tegayadav9073,alia cat hai dislike karo kuto ko,0,2020-08-23 08:46:49
@musicplayer2295,Kutta sala sab chutiya hai bollywood me bhara para,0,2020-08-23 08:25:36
@biobeats2215,Bhai itne dislike kyu,0,2020-08-23 08:04:09
@youngindia965,worst content,0,2020-08-23 07:52:30
@neelnishant251,Plzz don't watch this movie it is symbol of nepotism in Bollywood starkids,0,2020-08-23 07:48:29
@surendrarai5025,Bollywood Mahesh bhatt ke baap ka nhi hai.,0,2020-08-23 07:43:07
@savanbiltoria7996,Most dislike trailer,0,2020-08-23 07:01:09
@happybolt2217,Ma chod do sbki dislike krke,0,2020-08-23 06:26:05
@monosij-munshi,we all searched this to see dislikes,0,2020-08-23 05:43:53
@prabirbar4590,Jo loog like karraha hai wo loog samajta nahi ki aaliya ki waja se hamara sabse pyara sushant Bhai aab humara beech nahi raha.....,0,2020-08-23 05:13:49
@prabirbar4590,Dislike karke aalya bhaat ka baand baajado yr..,0,2020-08-23 05:12:28
@Ryuzaki84,", Guys mere vido dekho m bhi 1 hazaar loho ka hakdar hu bahut mehnat karta hu yaar .... Kaya batau 24 ghante comments karta hu .... Tum ko only ek button press karna h ... Yaar samjo baat ko ...",0,2020-08-23 04:36:14
@Ryuzaki84,", Guys mere vido dekho m bhi 1 hazaar loho ka hakdar hu bahut mehnat karta hu yaar .... Kaya batau 24 ghante comments karta hu .... Tum ko only ek button press karna h ... Yaar samjo baat ko ...",1,2020-08-23 04:33:11
@vk90111,Dislike and report this video,0,2020-08-23 04:14:02
@kenjalbasel2294,Why is this trailer getting dislike ???,0,2020-08-23 03:56:36
@nayanasharma5742,"Don't judge the trailer by the views, Because you can see the whole movie in dislikes",598,2020-08-23 03:54:02
@mukundhachodavarapu16,Worst,0,2020-08-23 03:51:37
@gamotmahesh55,Backwash,0,2020-08-23 03:44:40
@b.s_rajput8496,I hate song,0,2020-08-23 02:04:19
@andreaspranoto8461,boycot,0,2020-08-23 01:57:25
@gillpanthers5961,,1,2020-08-23 00:53:20
@gillpanthers5961,Bakwaas movie,1,2020-08-23 00:53:00
@smithasanand,More n more dislikes to u foolssss,0,2020-08-22 20:00:40
@RockingHindu,"Go to hell, this movie will crash , time has come to payback u mahesh bhatt",0,2020-08-22 18:52:53
@madankcg,I have already disliked in FoxStarHindi and now in Disney Hostar as well. Is there any other channel where we need to dislike?,1,2020-08-22 18:37:52
@SWASTIKB306,Now mahesh bhatt will regret his mistake,0,2020-08-22 18:36:53
@bablookumar3960,Is movie ko meri gali ke kute dekhnege,0,2020-08-22 18:20:19
@navdeepsingh6563,Sali kuti harmjadi alia bhatt is very pagal girl and there papa also pagal uncle,0,2020-08-22 17:47:52
@chaithus894,No matter how many time you release... We are there to dislike,0,2020-08-22 17:43:49
@SUMITKUMAR-km3pv,Upcoming flop movie hhhhahahahah,0,2020-08-22 17:19:06
@ratharb6552,Bhat family terroristo ki family hai. Bharat ke gaddar.,0,2020-08-22 17:15:27
@sanoj_paul_3221,Boycott sadak2 mahesh bhat movie Justice for SSR,0,2020-08-22 17:13:31
@dnyaneshwarpatil7858,bakawas,0,2020-08-22 17:00:05
@swamyvivekanandamission7525,Dislike,0,2020-08-22 16:59:45
@bidanlia7462,"Dislike... dislike..dislike 1.000.000.000.000.000.000.000.000.000.000.000.000.000.000.000.000.000.000.000 Goodbye Mahes, Alia,Pooja",0,2020-08-22 16:26:16
@dash-brawlstarsandbfb9587,This would be terrible movie cuz the dislikes are enough,0,2020-08-22 15:46:50
@sunilpallaki6216,Plz press the dislike button,0,2020-08-22 14:45:43
@DrJatka-wm9yq,Disliked please,0,2020-08-22 12:37:22
@mahamudulhoque8289,Who Came here to see Dislikes???,0,2020-08-22 12:25:40
@Ananta_Payin,Sadak 2=Haga,0,2020-08-22 12:20:46
@chandanmehena9989,This movie is,0,2020-08-22 12:06:58
@harshkumar-tb3mz,Wha kya comedy hai,0,2020-08-22 11:40:02
@pratiksoni8100,Chal rasta nap le silale kapde khudke nahi liye apne bap ke,0,2020-08-22 11:34:04
@Travelerabrar,I can't stop myself from coming here again and again to see the number of dislikes,2,2020-08-22 10:54:49
@amitkumarmohapatra8469,I just want to see 100 trillion dislikes for this video & I request to all of you please boycott all star kids movies.There are so many nice well themed & well organized movies in tollywood & Hollywood.,0,2020-08-22 10:01:27
@nimmisusannimmi6250,"The truth is I haven't watch the movie trailer,but also I have done dislike bcoz of Alia....",9,2020-08-22 09:46:00
@dhamakaisback,Boycott Bollywood,3,2020-08-22 08:53:50
@prarambhgupta2609,,0,2020-08-22 08:30:50
@RAVISHANKAR-wy4np,Ye Aliya kon h....,1,2020-08-22 08:12:42
@iqrafazal3572,Hahaha No story No lesson Only time waste,0,2020-08-22 08:01:26
@JatinderSingh-bm4ig,Biggest flop of the decade...Boycott star kids,0,2020-08-22 07:58:12
@funtimes2956,Uninstall hotstar,0,2020-08-22 07:57:58
@bhaktiparvah,In madharchodo Ke koi movie nhi like kro balji inki maa chod do. Bhosdiwala ke,0,2020-08-22 07:26:40
@Carrier68,,1,2020-08-22 06:36:04
@sudhakarkumar284,Just came here to dislike this video.,1,2020-08-22 06:29:51
@gkp7886,",",0,2020-08-22 06:25:40
@dollydaksh2741,Janta suno dislike krne se kuch na hoga agr movie thytr me dekhne na jaye to bat bne.... Kon sprt krega mujhe....,0,2020-08-22 05:49:52
@vamshiabhilash,Fun fact: we say we don't watch the movie and we watch it and den say boycott bollywood.......we never change do we ......,3,2020-08-22 05:48:52
@annuraj5092,Flop film ha koi person nhi dekhaga,0,2020-08-22 04:30:39
@bharathmatale4913,Bakwas picture,0,2020-08-22 03:28:27
@poojadubey8193,,0,2020-08-22 03:13:20
@priyankachaudhary5059,Love for SSR I am here to dislike this,0,2020-08-22 03:08:36
@Eduhubcbse,Bhai jisko ye video acha laga vo like thoko jald se jald,0,2020-08-22 03:06:16
@itsshinuofficial,Maine 30 dislike diya hai. Aplog kitna dislike diya hai comment karna. And like karna https://youtu.be/neUu12hTpfk,0,2020-08-22 02:52:40
@sriimbulyani4335,Dis like,0,2020-08-22 01:36:49
@sourabbharadwaj5634,Worst trailer & worst actress like alia bhatt,0,2020-08-21 23:50:44
@ssschaudhary8437,power of public,2,2020-08-21 22:44:47
@ssschaudhary8437,only dislike,0,2020-08-21 22:44:31
@ssschaudhary8437,1000000000000000000000000000+ dislike,0,2020-08-21 22:44:22
@hardikdhameliya3428,Agar hotstar me ye movie Ka thumbnail bhi dikha toh me HOTSTAR UNINSTALL kardunga,1,2020-08-21 20:55:37
@JatinSharma-qj7gg,Shame on u nepotism,0,2020-08-21 19:59:24
@roshanpatra8139,Justice for SSR,0,2020-08-21 19:40:44
@roshanpatra8139,Please dislike......,0,2020-08-21 19:40:16
@ershubhamb.gawander3237,Nepotism,0,2020-08-21 19:25:00
@hitandrun211,Unsubscribe kro iss channel ko aur dislike kro,0,2020-08-21 18:33:38
@srijadas24,"Maybe in the end Sushant's pet Fudge will help them in finding the real culprit, I have heard about many real stories where animal would find the murderer",12,2020-08-21 18:22:47
@iamrajiv6300,Kon kon meri tarah video dislike krne aaya hai,0,2020-08-21 18:07:47
@shibsankargorai160,,0,2020-08-21 18:05:25
@BollywoodHelpCenter,Why song and trailer are getting more dislike than like. It's all about due to ssr love nothing else. You can also get true reason on my youtube channel.,0,2020-08-21 17:34:24
@educationpathshala7425,2 https://youtu.be/FFHpHnb0yy4,0,2020-08-21 17:26:13
@the_ac_chaudhary_officialc2528,"We need NIA, CBI & ED Inqury for entire bollywood. R.I.P Bollywood.",1,2020-08-21 17:19:40
@dharmeshvasava4397,Aamirkhan also deserves this kind of dislikes because he meets turkey first lady who is against india,1,2020-08-21 16:57:17
@shaikhkaif348,https://youtu.be/9gOuOUIIS8Q,0,2020-08-21 16:30:26
@shaikhkaif348,Keep support,0,2020-08-21 16:30:22
@AlomCreativity1,"I will go to unstall Hotstar app,after see the trailor",3,2020-08-21 15:27:38
@arvindkumarMa95,Randi,0,2020-08-21 15:26:37
@TUSHARVLOG17,yrr mai sanjay datt ka fan hu pr ek ladki ki wajase ye dislike hui h sabko pta h wo kon hai,0,2020-08-21 15:23:36
@arvindkumarMa95,Tera bahan Ka shadi karo Bihari ladka se,0,2020-08-21 15:23:12
@Junnudarling,,0,2020-08-21 15:06:03
@beautyofbengal2907,Totally flop... Ab tum sab sadak pe ayoge! Upar wala sushant ka sath hai..,0,2020-08-21 14:56:21
@omkarkhopkar4393,"Buddhe ko bolo directions pe kam kare lonndiya baji chodkar, alia se aache hamare gali ke bacche acchi acting karte hai",0,2020-08-21 14:18:04
@rvallmoviereview4664,Abhi to suruaat hai aage aage dekho hota hai kya,0,2020-08-21 13:51:59
@rvallmoviereview4664,Allia Bhatt ko bollywood se bahar ho jaana chahiye ye log nepotism ko badawa dete hai. This film is very funny. 12 million dislike aane par bhi. Sharam nahi aayi tum logo ko. Doob ke mar jao.,0,2020-08-21 13:49:16
@eyadoamr,Who dislike??,0,2020-08-21 13:34:40
@10subsonly62,Fact: You need to disliked two trailers ( FoxStarHindi and Hotster),0,2020-08-21 13:34:21
@iikhan763,India please don't support nepotism i am from Pakistan and fan of SSR,10,2020-08-21 12:48:22
@hitgear07,,0,2020-08-21 12:43:28
@GateCSE280,Report plzz,0,2020-08-21 11:26:10
@SandeepYadav-sl6cu,I m here to dislike,0,2020-08-21 11:02:28
@RAISANGAMING,Who came here only to dislike the trailer,1,2020-08-21 10:31:14
@gurbhejsingh6688,,0,2020-08-21 10:21:45
@aksngh,TOTALLY BAKAWASH DON'T LIKE,0,2020-08-21 10:21:35
@viralpandya4860,Kab bhuj movie ka trailer aaya,0,2020-08-21 10:21:19
@JoyRoy-wd1vr,One dislike for nepotism,0,2020-08-21 09:48:07
@prataparjun2415,,0,2020-08-21 09:43:48
@khivrajsinghshekhawat3134,Bharat mata ke Jai vandemateram Jai Vijay Bharat always,0,2020-08-21 09:43:04
@RahulKumar-qs9jn,2,0,2020-08-21 09:33:48
@p.kkottathala3802,SSR,0,2020-08-21 09:08:48
@armypotaeto2625,The 2.4 lakh likes are from Shushant because he doesnt want anybody to get hurt.,2,2020-08-21 08:08:39
@nishasharda5795,Mahesh bhatt ko nafrat karte hai its okk even I do....but sanju sir ...he'S my favourite...that's y I saw this trailor And sushant Singh rajput ko Maine personally dekha Hua hai....mili huu unse chandigarh nai....woh ek shoot k lia aye the......he was really a nice kindhearted gentle man.even I raise my hands for sushant 'a justice...I pray to God that truth comes soon in front of all as soon as possible....,0,2020-08-21 07:40:27
@dishaalam503,Faltu,0,2020-08-21 06:52:26
@himanshi.santosh,Flop movie of the year.,1,2020-08-21 06:45:17
@aryandevera1835,Sanju baba great but ______,0,2020-08-21 06:13:00
@labanirudra807,I'm not coming here to see this trailer. ...I just came here to disliking this bullshit trailer,0,2020-08-21 06:12:58
@akbhakti7872,,0,2020-08-21 05:40:29
@ramji.gupta01,Mahesh bhatt ko kitne joote padenge like kar ke batao,1,2020-08-21 05:19:18
@iitiimproductreviewer5454,Doston Sadak2 vs Sadak ka honest review dekhiye mere channel pe. https://youtu.be/sUEjKOVLazo,0,2020-08-21 04:50:56
@User-w1f8l,"Disney Hotstar, I request don't promote the movie or otherwise we would reject you. Friends, please put as much as possible dislike for this video as we can.",4,2020-08-21 04:36:51
@abhishekkumarsinha8521,Like wasting of time,0,2020-08-21 04:27:10
@vickeyboss5924,Go to hell saalee tharkiii,0,2020-08-21 04:26:59
@Rahulgupta-jk6lp,Alia bhatt kabhi varun ke sath kabhi ranbir ke sath hotel me ja rhi he or mahesh bhatt randi ka dala setting kr rh he lode hum baap he tere dale teri film to gai ap rhea mummu ke pass jakar roo dale,0,2020-08-21 04:20:35
@shivsingh.hindu1985,Savdhan sav pavitra kardenge,0,2020-08-21 04:19:17
@bharatahiryadavkutchhgujra4674,Baycot 3 khan ki sari movie ka sabse pele amir ki lal shingh chada or hakle shahrukh ki pathan dislike ok,0,2020-08-21 03:59:37
@thepowerpuffgirls7128,,1,2020-08-21 03:49:33
@shantanuumrani585,Yaha paar bhi 19 M dislikes chaiye kya,1,2020-08-21 03:35:21
@shuvambanerjee-j5r,Only 1.8M dislikes. Come on guys,0,2020-08-21 02:59:22
@christinajones6576,Mahesh uncle you are so dirty ! I really appreciate shushant #ssr,0,2020-08-21 02:29:41
@anuragsaxena6059,Napo kids film.,0,2020-08-21 02:25:07
@khudkiummid6015,Dhu h aise movie aur aise kutto and kuttiyo pe,0,2020-08-21 02:23:53
@mayankrajput133,Jitna ho ske dislike kro,0,2020-08-21 00:59:27
@chhayasingh4642,Miss u sushi l wanna say all mafia gang uhave done very bad Jo nuksan Aapne hamara Kiya use Aapka jindagi Bhar Ka repent nhi Bhar Sakta if you have done it then u should ashame on yourself,0,2020-08-21 00:35:47
@MuhammadBilal-gx2fv,Dislike only,0,2020-08-20 22:50:57
@sujalanand9665,Nikl pehli fursat me nikl,0,2020-08-20 21:39:36
@KuldeepSingh-pj1sx,Alia bhat is fake.,0,2020-08-20 21:04:55
@dalbeerkaur7379,Kangana ranaut ji aapki movie kab release hogi ...I m waiting who else ek like queen ke liye,0,2020-08-20 20:40:33
@truefriend5338,Guys please Report this trailer as well..,0,2020-08-20 19:21:21
@abhisheksoni1173,Dislike,0,2020-08-20 19:21:17
@kiritsheth1988,Dislike,0,2020-08-20 18:37:01
@shrishriayodhya7504,# #,0,2020-08-20 18:34:46
@rashikanisiyanama537,Hotstar ko ye movie nhi launch karna chye...mai to yaha trailer v nhi dekha...but dislike karne a gya...,0,2020-08-20 18:25:47
@mitanshvaishnav6458,,0,2020-08-20 18:10:36
@mitanshvaishnav6458,,0,2020-08-20 18:09:07
@chandankumarkushwaha3867,Bakwas,0,2020-08-20 17:57:39
@abhisheksinghabhisheksingh3144,Bhai request hai jitna Ho sake dislike Mar digiye,0,2020-08-20 17:51:39
@abhisheksinghabhisheksingh3144,Maro sab dislike,0,2020-08-20 17:50:32
@ranjeetchand8475,Sab flopp ho we are against this sadak,0,2020-08-20 17:46:33
@sonalsingh9601,"Whether this movie is good or bad it doesn't matter to Janta of India. But we all knew the Real face behind SSR not even SSR for others to Jia khan, Parveen Babi . Mahesh Bhatt was there in sb kali kartuto k Piche otherwise ye log itne famous kaise hote. Kareena ka statement wow don't watch star kids movies dude we are the only one. Jo tum logo ki movies dekhte hai humare hi roti k paiso se tumhar roti banti hai . I hope now all Indians please Boycott bollywood.",0,2020-08-20 17:46:07
@EPIC18.,My Girlfriend like the video Now she is my ex .,14,2020-08-20 17:44:58
@pravatdas1631,,0,2020-08-20 17:44:25
@zainimam9597,Disgusting third class boring stupid trailer,0,2020-08-20 17:40:38
@pushpagupta661,So suprising I still can't believe this... I'm sorry but I'm gonna give a bigggggg........ Dislike Justice for shushant,68,2020-08-20 17:34:32
@Unknownfacts-tamil,We missed our real hero SSR. she is also one of the most causes death for SSR.,1,2020-08-20 17:30:10
@venkateshjaiswal3614,We are not going to watch the movie,0,2020-08-20 17:26:42
@abhishekagarwal3709,,0,2020-08-20 17:26:27
@kartikaybansalhindusecular134,Indians rocking United against inhumanity,2,2020-08-20 17:18:04
@mrkentertainment8828,Ab to Khud ke Junoon se jyada tujhe har din Jaleel kru..is bat se Mohabbat ho gyi.,0,2020-08-20 17:17:53
@shashikantpatani6121,Boycott thus movie,0,2020-08-20 17:07:36
@invictus_-pg2lu,2:22 When you and the boys go to teacher for extra marks,22,2020-08-20 17:05:27
@SHWETAKUMARI-fm8wm,"Main to yahn dislike krne aai , video se mujhe koi mtlb nahi",0,2020-08-20 17:04:12
@vanshikasahu8945,Bekar movie,0,2020-08-20 16:57:25
@ramdhanikushwah2889,Road ka recycling nahi hota he,0,2020-08-20 16:56:21
@uforstatus9483,"Ab bandd karo sab filmo wale, ye ghatiya logo ko lene, nehin to tumhare, sab production house me dislike ka hi agg lagjayegaaa",0,2020-08-20 16:43:46
@kavitayjychavan1778,I will never see these actors films!!! Hate them!,1,2020-08-20 16:41:31
@Pradeepkumar-tv2zj,Bhai movie relese mt karna abhi buri fasoge,0,2020-08-20 16:37:59
@abhilashajain2539,Disliked,0,2020-08-20 16:36:46
@sonajaana,Now it's time to stop the movie from releasing... hotstar has to think whether it's going for release or uninstall...,1,2020-08-20 16:33:03
@goutamdaspurkayastha1650,Kon ha jo like kiya ha wo jarur bollywood mafia gang ki tarah he aur nepotism me bharosa rakhte ha es niti me chalte ha,0,2020-08-20 16:27:33
@vasudev92-q7q,", , , , , , , , , , , , ,",0,2020-08-20 16:24:31
@shreejiphotofashion81,Dishlike,0,2020-08-20 16:24:27
@rajasthanidk8110,,0,2020-08-20 16:23:39
@jitendradholpariya3226,DISLIKES,0,2020-08-20 16:19:05
@vasudev92-q7q,nepotism ka ant ho,0,2020-08-20 16:18:46
@amitnayak-,#nepotism @nepotism,0,2020-08-20 16:17:48
@mihirkantiroy1030,"Now people are not your doll Mr. Bhatt, and Bombay, Bollywood is not your own property",0,2020-08-20 16:15:04
@mishra3349,TILL NOW MADE #200++ ACCOUNT TO DISLIKE,1,2020-08-20 16:14:17
@OGMINERZ_8,,0,2020-08-20 16:09:49
@MUNDO36546,DIL SE DISLIKE .JAI HIND,0,2020-08-20 16:09:18
@anilsingh138,Is video ko sabse jayada dislikes karo,1,2020-08-20 16:09:13
@maheshvora341,India not liking nepotism We love SHUSHANT,2,2020-08-20 16:09:07
@aryapower3066,Land 2,0,2020-08-20 16:09:00
@poetic_soulsam,Just hatred nepotism,1,2020-08-20 16:06:24
@cherianarattuculam7546,"Mahesh Bhatt, you symbolize everything that is wrong with the entertainment industry, you think you are invincible but just wait and see.",0,2020-08-20 15:43:40
@AJSHANGARWAR448,Saale,0,2020-08-20 15:34:47
@mehulpatil9837,"1) I click on trailer ""Sadak 2"" 2) just after starting , paused it on 0:01 3) view likes , DISLIKES , Comments 4) go back to video and click on DISLIKE button And after that ...... 5) before closing YouTube , deleted my history and search history about this trailer ...which going to help me not to increase trailer views",2,2020-08-20 15:30:58
@surajkashyap2258,Yogii rajj,0,2020-08-20 15:23:10
@surajkashyap2258,Only shushant lover I miss you m.s. dhoni,1,2020-08-20 15:22:48
@surajkashyap2258,Joo ukhadna h ukhad lena aajaa naa up mee gkp,0,2020-08-20 15:22:19
@surajkashyap2258,Sanju Baba se koee bair nhi aaliaa teri koee khairr nhi next salman chutiya aur karan bhadwe ka no. Hhhh,0,2020-08-20 15:21:31
@rekhakarthik2586,I came to dislike,0,2020-08-20 15:00:03
@KingKhan31322,".. , !",0,2020-08-20 14:31:28
@roshnisingh8083,Kiss kiss ne bina trailer dekhe hi dislike kr Diya hai Like here,1,2020-08-20 14:28:44
@siddhantgaikwad3463,,0,2020-08-20 14:17:35
@singamit9096,I love shusant donot like bhatt,0,2020-08-20 14:12:13
@monasandhu5663,Pooja Bhatt thanks people for.making it trending .They even don't know the difference between trending and aggression.SSR fans lage raho...,0,2020-08-20 13:37:12
@devsahoo23,Sala Nahi dekhna chakka,0,2020-08-20 13:34:36
@fakharabbas1472,Blockbuster,0,2020-08-20 13:24:47
@mehlabkhan2401,,0,2020-08-20 13:01:04
@karlojaymigueldomingo1724,???,0,2020-08-20 12:40:40
@Death_550,Who the hell like this sadaak 2 tailer,0,2020-08-20 12:32:01
@anmolkhurana129,Boykott nepotism,0,2020-08-20 12:30:44
@kanikasharma1614,Dil bechara =11M like Sadak 2 =11M dislike What a coincidence,25,2020-08-20 12:16:13
@saisinger1064,Justice sushant,0,2020-08-20 12:15:19
@talktokunal,Hotstar is smart. They thought the movie may not be watched a lot. But the trailer can make money because people will come to dislike. Yes. They make money when you dislike the video.,0,2020-08-20 12:01:30
@saumyaranjanbarik9522,Sex bhat film,0,2020-08-20 11:57:24
@jassajohal6561,Saalo ko itna dislike kro yeh saale aage se bakchodi bandkre aur kisi new sushant ko kuch naa kr sakein sushant sir ki mout inho ne hi ki hai,0,2020-08-20 11:50:18
@kgf4758,I think Honey singh new song Ise kahte hai Deslike Deslike,0,2020-08-20 11:49:12
@kgf4758,DESLIKE,0,2020-08-20 11:42:34
@koshindrajaat9205,Mahesh ke chaspalmsro,0,2020-08-20 11:36:56
@poojabhavsar1837,Don't want to see the movie nor this trailer.. visited this page just to dislike it.. Put back the trash wer it belongs!!,2,2020-08-20 11:26:35
@ajithisaac603,"Alia better than Kangana, and the best actress in world",0,2020-08-20 11:11:19
@niteshchhetri4206,Flop film sadak2,0,2020-08-20 10:50:42
@rajkumarsharmajamdagni,Please dislike this trailer just for Sushant sir,1,2020-08-20 10:20:12
@sangeetatalukdar2343,dislike,0,2020-08-20 10:19:03
@NavneetKumar-wf2jj,Floop,0,2020-08-20 10:12:42
@technicalvishaljee591,Please dislike kro,0,2020-08-20 09:54:15
@saritagupta6823,,1,2020-08-20 09:31:01
@irfansheak8114,A big dislike to this trailer,0,2020-08-20 08:59:20
@parasduve994,Boycott,0,2020-08-20 08:13:23
@Sarmistha2023,,0,2020-08-20 07:37:15
@shasiprakash4575,Ghatiya movie,0,2020-08-20 07:34:24
@aloksahoo7909,Only here to dislike. Not to watch the trailer,1,2020-08-20 07:18:04
@seharriyaz7777,When i saw this is most disliked video.this take me on the nxt level of happiness even for a moment i forget that sushant sir is not with us... After sushant sirs death this is the time when i smile from my bottom of heart...,3,2020-08-20 07:17:36
@jewelkhan9482,I just come here to dislike due to #Aliya badass heroine and #Karananotherdharmabadass.,0,2020-08-20 07:13:56
@sachiyaaagallan9922,,1,2020-08-20 06:59:35
@sachiyaaagallan9922,,1,2020-08-20 06:58:58
@sachiyaaagallan9922,Bakwaaasssss MOVIE,1,2020-08-20 06:58:44
@lifeisahighway1410,Here only for dislike,0,2020-08-20 06:54:00
@renvoyt143,Dislike the video but like the comments,0,2020-08-20 06:51:14
@MRSN-ey5ps,flop,0,2020-08-20 06:04:20
@manojbaruah9149,Paisa barbad,0,2020-08-20 05:23:15
@pragatiroy7257,Gyus from now onwards we have to dislike all movies.. Then only film industry would realize that they lost the legend # ssr,1,2020-08-20 05:20:48
@shwetatripathi4219,Bakwas hai yeh to,1,2020-08-20 05:05:36
@cricketunexpected9524,Every one dislike the trailer,0,2020-08-20 04:49:33
@mahijaiswal5492,Kyu dear bhatts Ab kaisa lag raha hai felling bad ooooola even we r felling morom for u all don't even dare to think that Abhi Tumlog ka aur movie ka wait kar raha hai so that it should be the most dislike film in the world,2,2020-08-20 04:30:26
@14anushkakushwaha8ckushwah4,Meine Bina trailer dekhe Bina dislike kar diya,2,2020-08-20 04:11:52
@haneysingh2625,Congratulations Bollywood video bhejo dislike ki chinta mat kro,2,2020-08-20 04:07:46
@prasoonsaxena4167,Kuch Naya nahi hai,2,2020-08-20 03:17:29
@ankitojha9150,Aliaa randi ki flim flof kar dena hai,0,2020-08-20 03:11:42
@Nareshsharma-jw8ff,,0,2020-08-20 03:09:34
@kurianchacko4851,Sushant is not dead He lives in our heart you sushant,178,2020-08-20 02:28:50
@Aipromula,Harami sali,0,2020-08-20 02:23:19
@shinchanmemes5122,Only for dislike,1,2020-08-20 01:13:10
@nagendarreddy7747,"Don't just Dislike this vedio, please report this vedio.",1,2020-08-19 23:36:51
@motilaljain7157,Boycott,0,2020-08-19 22:33:02
@sandrajoseph1011,"*Everyone:- dislikes *Someone, Realising the fact the film is getting free popularity worldwide:- time to test the ""Report"" button",0,2020-08-19 21:17:16
@shishirawasthi2997,"If ever feel little low or depressed, no worries, come here.. Press the DISLIKE button & your depression will be pressed. TRUST ME IT WORKS!!",0,2020-08-19 21:11:09
@AbhishekKumar-iv9mq,I am Waiting for any khan's movie trailer to break this record...,1,2020-08-19 21:01:17
@infinity3365,1: open youtube 2: search sadak 2 trailor 3: stop before playing 4: dislike 5: keep reading comments #justiceforssr,282,2020-08-19 20:45:53
@govindakumarchulbulpandey2418,,0,2020-08-19 20:21:17
@sahnibrothers47,Yaha bahut kam dislike hai aisa kyun,0,2020-08-19 20:13:16
@peacefulperson4830,"Every1 says the nepo gang to go away.where should they go? Do u mean they should leave the industry? In that case before makin a debut every1 should sign a contract that no one in their near or extended family will ever enter the industry.n this should apply to all fields.an army officer should not allow his children to join army, a doctor should not allow his children to become doctors n a farmer should not allow his children to become a farmer.. doesn't it sound ridiculous? All bhakts of Madam K.just like her talking without thinking.the debate should be about talented actor s getting wat they deserve irrespective of outsider or insider..",0,2020-08-19 20:06:16
@thivaselva9711,Sorry for Sanjay,0,2020-08-19 19:55:31
@thivaselva9711,I give my dislike,0,2020-08-19 19:53:59
@shivutrivedi9286,So irritating voice alia,0,2020-08-19 19:38:36
@gschhabra1319,U all please just stop doing all these stuff. Ur not the police or cbi to decide whats wrong and whats correct. Sushant had not leaven any kind of note. And we dont even know if it was a murder. So u cant just judge anyone. There are many outsiders in film industry like gr8akshay kumar who are earning alot of fame. Everyday we hear a different story of his death. Im also very upset listening this but untill everything is proven u cant judge a person plz dont take me wrong im sorry if anyone just dint like it but thats true plz everyone dont do it yaar,1,2020-08-19 19:23:10
@mrdecent9890,,0,2020-08-19 19:10:24
@subhrabhuieya3670,Chalo jaldi video ko dislike or report karo,0,2020-08-19 19:06:06
@shikhabhavya143,Me too here to dislike the trailer..,0,2020-08-19 18:51:43
@Vishpandyaaa,Ye log toh sadak ka movie banaye magar iss movie ke sabhi log sacch me sadak per hi aake gire,0,2020-08-19 18:01:31
@akshaybhosale8820,We'll played Disney,0,2020-08-19 17:57:15
@v.rsaurav9740,I am 3 times dislikes it,0,2020-08-19 17:55:05
@v.rsaurav9740,Are madhor chod film director nepoticsm ko badhba deta hai,0,2020-08-19 17:54:33
@jyotivashista3527,Shame on nepotism and Bollywood mafia let us all work together and keep boycotting such nepo movies. Just want justice for SSR,0,2020-08-19 17:52:48
@prasadshetty8683,Not viewed but disliked,0,2020-08-19 17:40:24
@shraddhaxglitters8095,Dil bechara And sadak 2 are the most searched trailer Dil bechara to like Sadak 2 to dislike,0,2020-08-19 17:34:11
@MrPank01,Dislikes are increasing like fire in the jungle.. Destroying egos of alot of people :D,2,2020-08-19 17:28:11
@sushmathaker5014,Heyy.. Alia bhatt congress for 10 million dislike are you genius kaise kar lete ho bhai me tumko advice to nahi dena chata par bhikh me advice de raha hu tum sadak 2 ki sadako me kho jaoo.. Kyo ki thumari film to aab hit ho chuki please like my coment,0,2020-08-19 17:07:47
@umeshgurnani2004,"If you really want Alia Bhatt to cry, open her ads on YouTube may be flipkart, Garnier, Make My Trip, Vicco all of them and dislike all her ads. Within next few days she will stop getting money earned from all these ads. #Nepotism ko laat padegi.",0,2020-08-19 17:02:02
@dharmendarjaiswal4749,Nhai dekhna hai,0,2020-08-19 16:45:44
@gymactore5354,Sorry.. Sanjay dutt we hate aliyashit,0,2020-08-19 16:37:17
@SS-Shadow,Everyone goes to dislike button but I'm going to unsubscribe Disney hotstar... Justice for SSR..,5,2020-08-19 16:22:38
@vijaypawar5176,Dislike only,0,2020-08-19 16:21:08
@shamimsulthana4424,F.....,1,2020-08-19 16:16:53
@tanupandey5972,Apni maa ki film puri kar rahi h,0,2020-08-19 16:08:31
@vaibhav__vashist,Who come here only for disliking this trailer,0,2020-08-19 16:05:40
@Nope_not_today-c8y,Yaar esse acha tho mai 'doraemon' dekluu,4,2020-08-19 15:55:00
@dpsharma2367,People won't see the movie. you stooch keep trying all stunts.you don't speak against injustice you don't deserve our money. enough is enough.,0,2020-08-19 15:53:35
@kayprasad7538,Khan mafia should go to jail. CBI has taken the case already. Good news.,0,2020-08-19 15:37:41
@AjayKumar-zb2vr,Dislike This song film,0,2020-08-19 15:36:28
@aaravshaw4453,Fulish movie,0,2020-08-19 15:17:50
@mjssodhi,I want to dislike twice .. and everytime I visit this link,2,2020-08-19 15:11:42
@gamersiddharth648,Bye bye bye for ever see u in real sadak,1,2020-08-19 15:09:25
@aktarabegumkalpana7128,Oh no 1.8 million dislike ...,0,2020-08-19 15:01:32
@veeralign,Don't going for watching this film,1,2020-08-19 14:50:40
@annahussain,Me tooooo,0,2020-08-19 14:46:38
@akramparwez3918,I read and heard abt Sadak 2 trailer. I was bewildered that shud i watch or not but i did and I regret why did watch it. Total wastage of 3 minutes but thanks for saving me from 3 hours of total suffering and punishment when it realises.,5,2020-08-19 14:04:50
@karthiknani5867,CBI investigation SUSHANT SINGH RAJPUT'S CASE hope they will do #justice for SSR. . .,2,2020-08-19 13:57:05
@supervc123,We not stop here we should hit them again again for his every new flim,3,2020-08-19 13:25:52
@narendrasolanki9544,Kya bakwas filme hai,0,2020-08-19 13:13:09
@natureblow100,Yaar hum sab dislike toh kaar rahe hein paar sirf dislike karne se nahi hoga hamme nepotism ke against step lena hoga aur woh step hum iase nepotic movies ko boycoott karke kaar sakte hein. So dekhte hein kon kon iss boycott nepotism team ka member hein,1,2020-08-19 12:24:58
@vicky-b7f9f,make it 10m dislikes,0,2020-08-19 12:12:21
@prajapatikalpesh5471,Sanjay Dutt ka fan hu koi bolna nai,0,2020-08-19 11:17:39
@piraterocky9708,Like karne wala bohot bara MC hoga .....,0,2020-08-19 11:02:53
@rk..5409,Boycott all star kids movies & song & destroy the nepotism,0,2020-08-19 11:00:21
@Aryan___5,smartphone Ye #uninstall kr duga so ye pelfom me so we careful,0,2020-08-19 10:57:46
@syedsikandar6832,https://youtu.be/oIARSIR74bw,1,2020-08-19 10:48:26
@TheOnlyKey1,Why there is no option to dislike this without opening the video,0,2020-08-19 10:39:39
@suryadeepdutta4401,Who who watch this movie trailer for dislike,0,2020-08-19 10:35:27
@RahulMondal25642,*Good News* SC Gives Permission to CBI for Investigate SSR Case,2,2020-08-19 10:32:53
@indumathie5523,Didn't even see the content just dislike boycott banta hai,0,2020-08-19 10:29:03
@monikameena806,jutte chato. Like karne sharm nhi aati,0,2020-08-19 10:27:37
@ifjalmdayaan7307,Most popular dislike video in the world sadak 2 and i hope they can get more dislike from us and I'm totally against them cause they dislike village people and especially when any star came from village..,0,2020-08-19 10:23:53
@nnnnair9980,https://youtu.be/UHxmHCvTwGM #Against sadak,1,2020-08-19 10:18:15
@mallelasaicharan8296,I hope this would become world underrated and worst film justice ssr,0,2020-08-19 10:17:58
@mallelasaicharan8296,I came here only to dislike,0,2020-08-19 10:17:06
@samarveersingh1244,Hay alia tere chuche,0,2020-08-19 09:43:02
@priyaannu1,Dislikes b hata rahe ye log but kya fayda.. aage aage Dekho nepotism product Ka boycott hoga aise hi jaise Chinese Ka hua.. Kuch din baad just like Google play Chinese app are not allowed in India same nepotism product will be get lost if they will show over smartness. Ye public hai sab janti h ye Jo public h.. #justic4ssr,0,2020-08-19 09:37:23
@abhibratadas3267,Kachra hai pura,0,2020-08-19 09:36:52
@mohitaggarwal7583,Are kitni baar dart board banoge. Ye lallu film pit chuki hai. Kitne bhi trailer nikal le,0,2020-08-19 09:17:18
@KhuSus536,I have disliked,0,2020-08-19 09:14:43
@DreamProjectVipashanaBramhane,"Itni Gandi film, aa thooooo",0,2020-08-19 08:53:42
@alokjaiswal9723,Come on guys we need to make it as worlds most disliked trailer...,1,2020-08-19 08:51:00
@RealMystH,2019: Stay away from Negative people 2020: Stay away from positive people,8,2020-08-19 08:40:09
@indiabest3791,Susan big fan,0,2020-08-19 08:13:31
@RajuKumar-ux1cc,We all love sushant singh rajput sir,0,2020-08-19 08:07:34
@RajuKumar-ux1cc,Boycott Nepotism,0,2020-08-19 08:06:57
@frostbite4019,Came only to dislike.,0,2020-08-19 08:04:14
@BabitaKumari-fy7ss,Fun fact: we haven't come here to watch the trailer we are here just to dislike this video target 10k likes,137,2020-08-19 08:01:38
@princeshivas9008,Only reason why this video is getting view's because people keep on coming here to check dislikes,326,2020-08-19 07:46:27
@स्वातिकुमार,Really good I am a big fan of Sanjay Dutt,1,2020-08-19 07:35:15
@priyamaurya5530,Congratulation it became most disliked trailor,1,2020-08-19 07:31:25
@tonywilliams5779,Congratulations to sadak 2 team.. u r creating the most unbeatable dislike record in youtube history,0,2020-08-19 07:23:18
@RohitKumar-ws1ur,Sushant best,0,2020-08-19 07:15:01
@IqbalKhan-ms3qw,Good Trailer,0,2020-08-19 07:02:19
@zorbapatel7373,Uninstall Disney because of sadak 2,0,2020-08-19 06:50:52
@binasilwal7390,Agar movie mein vi humne dislike karne ke liye dekha toh unka faida ho jayega guys understand this,0,2020-08-19 06:49:53
@VikasSharma-ih8rt,"I m just coming here for dislike,",0,2020-08-19 06:46:58
@chandrabhattacharjee,So good. Flop wow great,0,2020-08-19 06:30:22
@theindianninja18,Karan johar ki maa ki chut alia teri baap kaalia,1,2020-08-19 06:23:45
@ankitasahu7298,Mai is trailer ko dislike krne k liye search kr rhi thi.... Or kr v diya,0,2020-08-19 06:23:42
@Vinaycdevadiga84gmail.ComVinay,Bad film,0,2020-08-19 06:22:26
@भोलागुप्ता-ट9ज,Miss u SSR,0,2020-08-19 06:20:01
@23nikhilkumarsonwani97,Chootiya trailer,1,2020-08-19 06:17:36
@dharamveergupta3234,Miss u SSR,0,2020-08-19 06:17:34
@galaxyarmyofficial,"Congrats guys .....keep pressing dislike button .....make this more famous ....don't watch it(because increases views also) just dislike it ....WE LOVE YOU SUSHANT SINGH RAJPUT .....#JUSTICE FOR SUSHANT ..... It is high time guys.... let stars be understand that what had they done with SUSHANT....not only trailer , dislike movie also ....DON'T WATCH IT GUYS ....IF YOU THINK WHATEVER HAPPEN WITH SUSHANT IS TOTALLY WORNG .....",1,2020-08-19 06:15:18
@sajibexe3516,Falto,0,2020-08-19 06:11:23
@firidaymsangma2721,Yeh flim ka bath to alia bhatt aur mahesh bhatt ka sath koi bhi flim kheel na nahi chahega...,0,2020-08-19 05:44:01
@pubgmobile-nw1oz,Adityaroykapoor Bhai Achhe Actor ho fir bhi es movie kaam ? Bhai bahut galat yaar,0,2020-08-19 05:31:33
@pubgmobile-nw1oz,Fake Acting Aliya ki Aor bachcho jaisa trailer And Saalo purani story,0,2020-08-19 05:29:38
@pubgmobile-nw1oz,Yeh trailer Movie ka lagta nahi hai aesa to bachche bhi bana shakte hai,0,2020-08-19 05:28:36
@myindia9467,Jay hind ...,0,2020-08-19 05:22:24
@fatimasiddiqui6539,"EK BAAR ZAROOR PADHNA:-Yaar guys Ek baat batao Sushant jab mara mujhe bhi bohat bura laga but is main Mahesh Bhatt beechmain Kahan Se aagaya? For me he is actually the one jisne new talents ko opportunities di hain like,Kangana,Bipasha,Dino,Shaiyni,Toshi,Aditya,Shagufta,Saeed,Shreya Ghoshal,Rahul,Malini,Rhea,Imran,K.K,Esha, and many more.Agar uske bacche films main aana chahte hain aur Woh already hai toh ismain Uski kya galti? Yeh toh wohi baat ho gayi ki main ek doctor hun agar kal ko meri beti Dr. banna chahe toh kya main uski madat nahi karun yah phir yeh kahun ki beti tu kuch aur bann kyunki teri maa yaani ki main bhi ek doctor hun,mujhe toh yeh theek nahi lagta.Bhai mujhe Sadak 2 Ka trailer bohat accha laga & I'm going to watch it I even gave it a like according to me you people should also do the same.Iss film ke paise se bohat logo ki rozi judi hai jaise ki crew members ki like,light men, make-up,hairstylest etc kyunki yeh digitally release ho rahi hai isliye abhi bhi kaafi fee distribution baaki hai.And let me tell you guys for Sushant I seriously prayed aur agar sach main woh saazish ki tehat gaya hai toh dekhna usko zaroor insaaf milega!",1,2020-08-19 05:16:59
@TripuriteInUSA,Hotstar dont publish this movies. Otherwise whole india will ban you.,0,2020-08-19 05:12:00
@meghanapadamata84,I pay premium account for 1400 now I am cancle the membership if this funking movie release in hotstar worst heart in the world alia butt,0,2020-08-19 05:09:44
@ohio-5678,RIP -SADAK 2,3,2020-08-19 04:52:35
@jessepinkman7540,Protest against nepotism https://instagram.com/ferita420?igshid=1vvn2wi34kan5,0,2020-08-19 04:49:43
@Aditya_kumar8287,Maro juta in salo ko.... Only dislike Don't view this video.....,0,2020-08-19 04:35:52
@bosetech2645,Bhojpuri c grade movie dekh lunga Lekin a movie nahin dekhunga,0,2020-08-19 04:31:48
@ertugrulghazi465,Sorry Sanjay dath,0,2020-08-19 04:11:57
@toppersacademy9435,Bekar ghatiya aur napotism =MKMKB,1,2020-08-19 03:59:34
@sumitkochale7476,Boycott,0,2020-08-19 03:57:48
@kartikeyshrivastava8063,Bakwaas,0,2020-08-19 03:53:18
@ashaagarwal3188,Searched only for dislike and report,0,2020-08-19 03:38:28
@nishcithashetty9373,.,0,2020-08-19 03:24:49
@VanshKumar-tb4yo,Congratulations for dislikes,1,2020-08-19 03:14:44
@rinrathi3769,Inse jyada support ye deserve krtehe https://youtu.be/Ji51nuBNjMs,0,2020-08-19 02:50:28
@AmitYadav-il2jh,Kitna bhi achhi kyu na Ho u r a hated star sharm kro,1,2020-08-19 02:47:36
@nyaiphawangsa8662,I request everyone please dislikes this movie...,0,2020-08-19 02:43:56
@notliquidp5752,Alia randi lalalalalalall,0,2020-08-19 02:31:32
@mohanshrivashtav5995,Dislike karo sab log,0,2020-08-19 02:28:06
@bengali__boy5955,Nikal pehli fursat mein Alia Bhatt koi jarurat nahin India mein Teri,0,2020-08-19 01:45:07
@mamatabarman4991,upar bala tumko sadak par hi vejega,0,2020-08-19 01:41:20
@strangerscreation7859,Bollywood madharchod,0,2020-08-18 23:49:58
@yehbchrthb1409,,0,2020-08-18 21:39:01
@murarisharma9669,#JusticeForSSR,0,2020-08-18 21:11:46
@supportme9526,jo dislike kar rahe hai wohi chup chup k ye movie dekhenge,0,2020-08-18 21:07:21
@niranjansamal6605,Mafia movie,1,2020-08-18 20:47:35
@GeneralExamkiKhetiCKumar,Ex,0,2020-08-18 20:45:19
@AbhishekKumar-iv9mq,l bcoz- Bollywood is anti-hindu Bollywood is anti-national Bollywood is pro-terrorist Bollywood is pro-nepotism...,0,2020-08-18 20:33:52
@ShraddhaUchiha,Come on folkss let's make another 11 mill dislike on this Sh**t,0,2020-08-18 20:29:54
@ish1806,Hotstar deletes people's sentiments. Have the courage to face it or remove your promo promoting nepos.,1,2020-08-18 20:09:52
@rjkumar1037,Khuda haafiz hit Sadak 2 flop,0,2020-08-18 19:46:23
@alanmayers2330,Came back to dislike for the third time,1,2020-08-18 19:07:17
@manoharan287,#CBIForSSR,0,2020-08-18 19:02:15
@abhishekbishnoi6001,Dislike dislike,0,2020-08-18 18:40:59
@karan-lb7pb,Dislike Mahesh Bhatt movie,0,2020-08-18 18:30:03
@rksharma2861,#justiceforssr,0,2020-08-18 18:16:27
@rksharma2861,Main To dislike karne aaya tha #boycottbollywoodmafia,1,2020-08-18 18:15:29
@vmusic007,Disliking the video effect them nothing...... Report the video as spam..... They are just making views,0,2020-08-18 17:47:23
@nandinishivkumar5448,Now illiterate alia will recognise and remember Sushant for rest of her life,2,2020-08-18 17:23:10
@HeyItsRashmee,Anything For Our Sushant...Dislike Is Very Tiny Thing To Asked For,0,2020-08-18 16:55:47
@DEEPAKRJ009,Or ha hotstar bhi hta diya h mobile se...Tata by by,0,2020-08-18 16:54:48
@DEEPAKRJ009,View pr mt jana Only dislike krne aaye h sabhi...,0,2020-08-18 16:53:56
@SumitSharma-ni4mm,Ya film to such ma hi SADAK par aagai,1423,2020-08-18 16:44:38
@eihadixit1,I dont like this trailer,0,2020-08-18 16:39:26
@nimitjha8815,Is picture ko YouTube se hataya Jaaye,0,2020-08-18 16:27:57
@Spanishflower3,"Pause video/trailer Unlike Exit #CBIForSSR People are self proclaimed psychologists and predict how someone is going to end up. Similarly, we the audience dont need to see trailer to dislike it.",0,2020-08-18 16:23:29
@HARIPRASAD-wr3ne,Suvvar film,0,2020-08-18 16:00:28
@harikrishnankalpally1504,Tfu,0,2020-08-18 15:57:06
@Joygamingg,dhondh kr dislike kiya hai sadak pr aa jayenge yeh sb ager hum log movie dekhne nahi jayenge,0,2020-08-18 15:55:10
@rajlaxmigogoi4107,Pagal movie saala,0,2020-08-18 15:51:41
@arvind2055,Alia bhatt tumhare movie saccha Sushant Singh ka Dil hai bechara vah ham kyon Nahin dekh Mahesh bhatt ko bolo mere se gand marai tab tumhare bete ke,0,2020-08-18 15:49:46
@arvind2055,Alia bhatt tumhari movie kutta,0,2020-08-18 15:49:01
@mydreamsdreams165,"Mahesh bhatt ke kitane baap, and kon hai yeh Aliya koi janta hai kya isse?",0,2020-08-18 15:41:17
@mydreamsdreams165,"Jinhone Like kiya hai unke liye ""Kon hai yeah log aur kaha se aate hai ?""",1,2020-08-18 15:40:16
@arvindpanchal2721,Why this trailer jas less dislikes share this trailer and ask friends to dislike it,1,2020-08-18 15:35:50
@tiprasasurvival01,Mera tatti sadak 2,0,2020-08-18 15:16:09
@muralikrishna9786,Seems Comments are getting more likes than Trailer/ Other videos from this movie,0,2020-08-18 15:14:47
@deepakseth3804,Hotstar se request hai ki is trailer ko bhi youtube se delete kar diya jaye,0,2020-08-18 15:07:39
@bharatdugar8896,Congratulations everyone. most disliked trailer in the World until now,296,2020-08-18 15:06:48
@prakashkannahhh,movie is flop,0,2020-08-18 14:57:41
@balwantmunda5446,Who are the fans of Sushant Sungh Rajput like who are haters dislike,1,2020-08-18 14:52:17
@akshayshinde6302,Like kyu kiya BC,0,2020-08-18 14:49:00
@Raju_Shinge,Sorry Sanju Bhai..Mann to nahi kar raha tha par mahesh Bhatt kI movie hai isliye dislike Kiya,0,2020-08-18 14:17:31
@dipakshelke5517,3rd class,0,2020-08-18 14:16:02
@jagdishchauhan2740,alia good for nothing,0,2020-08-18 14:13:31
@jagdishchauhan2740,bkkwas ........,0,2020-08-18 14:13:02
@sunnyleone5845,Loaded to 10 million dislike,0,2020-08-18 14:04:16
@prakashdixit4688,Laura ka sadak h,0,2020-08-18 13:38:07
@sankugupta5957,Hateful director,0,2020-08-18 13:30:53
@MukeshSharma-op9db,I stop it at 0.02 and dislike .... This will be number 1 trailer in disliking,0,2020-08-18 13:30:32
@creativefun299,Dislike,0,2020-08-18 13:28:52
@MukeshGupta-gl6gv,Boycott trailer and movie,0,2020-08-18 13:22:01
@rishavjames6267,"Let's hope ki yeh film hotstar/Amazon, kisi pe bhi release na ho.",0,2020-08-18 13:12:14
@AdvBhuwanSati,View Dislike #WeWantJustice #JusticeForSushantSinghRajput #SSR,0,2020-08-18 12:53:51
@rajusa1601,Sale bollywood ke bhando bhago India se sale kutto suaro haramiyo jihadiyo,0,2020-08-18 12:53:41
@Shwetavishwakarma25,Aab tumlog hi dekho tumari movie... #boycottnepotism itna power h na tumlog ke pass to karo jo krna hai... Aab janta tumlog ko aapna power dikhaegi... Itna power aur paise ka ghamand h na tumlog ko... Ek min nhi lagega isko jamin pr lane ke liye... Janta hi tumlog ko upar tak pahuchati aur aab dekho bass tumlog tumari aaukat kidar tak hai... #justiceforsushantsinghrajput #cbiinquiryforsushantsingrajput,1,2020-08-18 12:52:18
@AdvBhuwanSati,Everyone Raise your hand And Say Loudly #JusticeForSushant Roar and Roar and Roar Roar Loudly #SushantWantsJustice,1,2020-08-18 12:51:14
@gauravverma3432,JUSTICE FOR SUSHANT RAJPOOT .. F... SADAK 2,0,2020-08-18 12:40:22
@procommentwala8461,https://youtu.be/2fFk8icoaak,0,2020-08-18 12:36:02
@procommentwala8461,https://youtu.be/2fFk8icoaak,0,2020-08-18 12:35:52
@procommentwala8461,https://youtu.be/2fFk8icoaak,0,2020-08-18 12:35:45
@ushadubey3408,,0,2020-08-18 12:16:15
@mukeshkumar-sv2dm,2 lakhs like 18 lakhs dislike - power of comman man .,0,2020-08-18 12:12:28
@mohindersharma7606,"I Just Disliked , without seeing the trailer.... RIP SSR",0,2020-08-18 12:09:30
@TripRaptor,My friend liked this trailer after that I have unfriend him.,0,2020-08-18 11:58:32
@adityakanojia92,Dislike thoko re baba,0,2020-08-18 11:57:36
@Dubey1457,This is very bad film for hindus,0,2020-08-18 11:43:58
@alonequeen2848,yaha par kisine vedio ni dekhi but sab dislike krne aaye hai iam right,0,2020-08-18 11:38:00
@kundansingh-wu2ro,,0,2020-08-18 11:34:33
@monumanikpuri6890,,0,2020-08-18 11:31:37
@venkatthuruka4705,Boycott,0,2020-08-18 11:24:03
@kakolichakraborty3037,Dislike and boycott this movie,0,2020-08-18 11:23:56
@krishnah9323,Sirf dislike nahi report karo,0,2020-08-18 11:15:27
@Telugu_reactors,We did it 5M dislike now it was 1.8M how can you change it bastards do you think people are fouls,0,2020-08-18 10:45:03
@shilashinde8173,Justice for Sushant Singh Rajput,0,2020-08-18 10:42:18
@jagbirbhadouriya1939,Abhi to bahut saste mein bikane wali Alia sabko marvaegi apna gana apna gand marvai ki sabse tu bhi nahin kam aap aaegi,0,2020-08-18 10:41:48
@yamikj1834,From 11million dislikes to 1.8 million,0,2020-08-18 10:38:13
@faizalmohammed,Just had come in to dislike this video Might be I am right doing this with the right culprits,4,2020-08-18 10:37:43
@zayansyd4002,M.C Aliya aur tumara parivar .khaliya shushant ko tumara paap ne.Rhea ke doot pakarne Mae bhuda ko bada maza aiya hoga ni.,0,2020-08-18 10:20:07
@Kanwarist,# boycott Bollywood,0,2020-08-18 10:11:25
@sujitchakraborty373,Dislike,0,2020-08-18 10:11:15
@shivamkesharwani2172,Ye dislike kam kaise ho rhe h Ban this video... I hate Alia,0,2020-08-18 10:04:20
@laxmiguwala2406,Me yaha trailer dekhne Ko nhi ise dislike krne ke liye aai hi ...,0,2020-08-18 10:01:51
@munnakumar0824,Sabse ghatiya trailer may bollywood flim kabhi nhi dekhuga aurr may bollywood ko barbad hote dekhna chahata huu,0,2020-08-18 10:00:37
@vedanthmanjunath,Here to dislike cuz we're against alia bhat not sanjay dutt.,0,2020-08-18 09:55:13
@mansimadaan5509,,0,2020-08-18 09:46:45
@सुकूनकेपल,... https://youtu.be/nYpK1dLn2Vs,0,2020-08-18 09:35:52
@Prashant.7878,dislike dislike ...,59,2020-08-18 09:30:49
@Prashant.7878,...,2,2020-08-18 09:27:39
@dushyantjha9093,Dislike hi kyu? REPORT KAR DO YAAR BAARI BAARI SE SAB EK BAAR,0,2020-08-18 09:24:36
@SudhirKumar-dk6fk,Mein ye video dislike karne ke liye hi open kiya,0,2020-08-18 09:18:10
@amazinggujarati,,0,2020-08-18 09:16:59
@subashribalakrishnan8157,I don't know what it is(i just come here 4 dislike ) Nd now i did it,2,2020-08-18 09:03:42
@vasimvasim6047,big flop movie in a year,0,2020-08-18 09:03:07
@chaurasiyasubhash350,She is very bad actor so this movie is not interested any person no comedy scene and no best capturing scene . It is very bad I voted dislike on thi movie . I am not interested only alia and Mahesh ji only,0,2020-08-18 08:29:53
@rohitghorpade9486,Guys this trailer is made so that u dislike it and not the previous trailer.... Becou,0,2020-08-18 08:25:00
@oshodeep26,how come dislikes have decreased....,0,2020-08-18 08:20:54
@nurtorichirichi7338,Aliya batt koh kiuu leyay film m fcuuuuuuukkk,0,2020-08-18 08:17:46
@kedarmedia9009,Laxmi bomb ka trailor?????,0,2020-08-18 08:09:46
@pawankumarbairwa2285,Alia ko khub pad rahi hai galiya to,0,2020-08-18 08:06:56
@nagendra13,"the Only FAKE GURU exist in Bollywood is Mahesh Bhatt, sexual and mental harassment is fun for Mahesh Bhatt core Anti HINDU person, His girl Alia bhatt will pay the price",0,2020-08-18 07:52:55
@Bhaktimarg094,Hotstar paid for this movie so guys unsubscribe the hotstar,18,2020-08-18 07:50:12
@dhruvasagartiwari2043,Kon kon chahta hai ki sushant singh rajput ko nayay jald se jald mil Jay like here,1,2020-08-18 07:47:53
@sumanprintingpress777,Bhhat kya yaar boring movie,0,2020-08-18 07:46:36
@pushprajlodhi268,Mahesh bhatt ki jawani ko dekh kr single londe,0,2020-08-18 07:43:42
@gutamgutam7353,Sushant fans,0,2020-08-18 07:43:13
@SHIVAMSHARMA-xl9vp,"Feel good, when I saw dislike Alia Bhatt's video",0,2020-08-18 07:40:18
@manishchoudhary8149,Yaar aap logo ne to gher mein he film bana li,0,2020-08-18 07:38:54
@bsaxenas,Let's attack sadak chaap songs also..,0,2020-08-18 07:38:38
@bishnulaxmidhungana269,Koi bhi mat dekhna ye movie support ssr from nepal,0,2020-08-18 07:34:52
@almakhan6401,"Love You, #SanjuBaba, Wishing All the Best for #Sadak2 ....",1,2020-08-18 07:34:32
@deepakbehera8191,My girlfriend like this trailer now she is my ex,50,2020-08-18 07:34:03
@aryantvonly2426,ghatiya movie,0,2020-08-18 07:24:58
@amitsoni7260,Boycott nepotism I done my job dislike Waiting for Rathe most wanted bhai To dislike,0,2020-08-18 07:23:09
@BaljitSingh-ls7ni,Hindi movie sirf gund kissing scenes bed scene hamne chod di hain jabse kissing scenes aye hain movies mein,0,2020-08-18 07:13:27
@anijirayadav5201,Mahesh Bhatt now u r gone,0,2020-08-18 07:12:04
@anijirayadav5201,CBI for SSR,0,2020-08-18 07:11:40
@somnathchatterjee5206,bogus ..,0,2020-08-18 07:03:03
@kapilchauhankapilchauhan5555,Alia Bhatt ke liye dislike,1,2020-08-18 07:02:12
@trueinnit1221,first there were 6.4 million dislikes now there are only 1.8 million dislikes...how? These suckers have done something.,0,2020-08-18 06:55:56
@anuragkumar-cy6kv,disliking it for sushant love u buddy..,0,2020-08-18 06:46:00
@AmitRoyTarakeswar,,0,2020-08-18 06:44:22
@Anonymous-ig8jg,"Nai jantaa kyu dislike kara ,lekin karne se achha lagaa",0,2020-08-18 06:41:47
@mr_bholu_2852,,0,2020-08-18 06:32:58
@prabhgundutta1112,Mahesh bhat ko kitni chapplein maroge,1,2020-08-18 06:25:53
@foodie_gulps,Worse trailer ever seen,0,2020-08-18 06:24:23
@Jit__007M,We INDIANS NOW UNITED FOR Disliking This Movie.... DISLIKE KE BARISSH KARO..... Nepotism ko Hatao.....,0,2020-08-18 06:20:39
@prakashdalai6097,Flove,0,2020-08-18 06:19:58
@roopalsharma6009,Came here only to dislike,0,2020-08-18 06:19:54
@Jit__007M,Create Multiple Google Account for Dislike SADAK-2.. BOYCOTT# SADAK-2. JAI HIND...,0,2020-08-18 06:19:36
@KoshalChouhan,Boycott. Alia bhatt and bhatt family is a criminal family.,0,2020-08-18 06:19:35
@prakashdalai6097,Ban movie,0,2020-08-18 06:19:28
@KoshalChouhan,Boycott. Alia bhatt and bhatt family is a criminal family.,0,2020-08-18 06:19:25
@swamivivekananda-myhero6751,JUSTICE 4 SSR,0,2020-08-18 06:19:09
@Jit__007M,Don't Promote SADAK-2 or Realse this Movie... Warna.... DISLIKE KE BARISS HOGA... Please Viewer.. DISLIKE THIS MOVIE... JAI HIND...,0,2020-08-18 06:17:53
@HarharMahadev-1008om,Is sadak se achha gatar h,0,2020-08-18 06:16:20
@vijaybadase9343,Nikal sale mahesh bhatt. Disslike kiya maine,0,2020-08-18 06:13:30
@sapnayaduvanshi4086,Watched the shit trailer ....for disliking it....,0,2020-08-18 06:11:31
@prakashdalai6097,Flve,0,2020-08-18 06:11:00
@nagarathnadesai,Dislike count was 10M. How did it reduce to 1.8M?,4,2020-08-18 06:09:08
@premkumal3034,Chutiya director ki movies dekhnai baand kardo,0,2020-08-18 05:57:28
@pratiksha9558,"In logoko koi fark nahi padta ki video ko kitane dislike mile hai, par hum log hi chu.. Hai jo inaki movies dekhne theater jate hai, jab ki hume Acche talent ko support karna chahiye.. https://youtu.be/etsfUH1aSYI",0,2020-08-18 05:51:50
@siddharthgupta4171,Boycott Sarak 2,0,2020-08-18 05:43:21
@almitamanger6455,Bakwas movie Boycott Bollywood,0,2020-08-18 05:28:59
@rdk3249,"From indonesia,,, No play and dislike,,bye",0,2020-08-18 05:26:01
@Gujju_no_vat_6_bhai,Worlds heated tailor ever in the history,3,2020-08-18 05:24:54
@Joygamingg,justice for sushant singh rajput,58,2020-08-18 05:21:26
@ravinakaithal3878,Like Kis ne Kiya Like Zexo Hona Chahiye Tha Request To All Of U Plz Dislike Karo,1,2020-08-18 05:20:01
@rumabiswas5758,,0,2020-08-18 05:17:00
@DevStudyPoint,Mahesh batt is worst kind of person,0,2020-08-18 05:16:30
@ManishSharma-lg3wn,Dislike for mahesh bhat and alia bhat,1,2020-08-18 05:08:38
@sabnambano4675,#boycott sadak 2 star kids,0,2020-08-18 05:05:19
@JaTin-ht3dr,Bolluwood ki maa ki chut,0,2020-08-18 05:00:55
@drakeblaze4955,Ye tharki Bhatt buddha kab marega yaar. Time ho gaya hai marne ka iska,0,2020-08-18 04:59:00
@RamJi-qz1zf,Tatti,1,2020-08-18 04:41:03
@damian.nongrum.05,I just came to dislike,0,2020-08-18 04:30:39
@AzadAzad-xe9ol,Mahesh bhatt go Pakistan,0,2020-08-18 04:21:17
@kamleshsingh1429,Dislike,0,2020-08-18 04:18:11
@BuntyKumar-kw5pk,Alia Bhatt Ko movie se nikal Diya jaaye to bahut sahi hai kyunki yah jis film mein hoti hai vah film gandi hoti hai tu ki vah jaldi bhi nahin hai Vijay to acting karna bhi nahin aati yah Apne baap ke dam pe aayi hai,0,2020-08-18 04:08:20
@atharvavishwakarma3463,PAGAL FILM HAI,0,2020-08-18 03:53:42
@saurabhsinghrajputce-6476,Boy cottt,0,2020-08-18 03:48:17
@kavyakavi9329,Very boring bad movie I dislike this movie,0,2020-08-18 03:45:02
@PriyaSingh-vc6qk,Lekin trailer wakayi bakwass h,0,2020-08-18 03:39:34
@govindsoni6836,,0,2020-08-18 03:07:21
@aadeshsingh7413,Remember Gay's this movie not be hit,0,2020-08-18 02:50:33
@decorationclub559,,0,2020-08-18 02:37:20
@ashishprasad6517,waste of time... waste of money...,0,2020-08-18 02:19:48
@gunwantdewade8547,Very bad movie,0,2020-08-18 01:56:35
@premchandra9615,Bycut to sadak 2,0,2020-08-18 01:52:57
@jittu8962,Congratulations for Most dislike trailer video in the world,0,2020-08-18 01:50:01
@faiqahadilah,We seen jz for click dislike button,0,2020-08-18 01:29:54
@sarthakvermashots3351,Sanju baba best hai....bt other nahi.....in sab ne sushant ko disturb Kiya.....Jo aisa huva,1,2020-08-18 00:41:45
@NagagraphyTV,UNSUBSCRIBED because of this video! We will get back to you if you deleted! Bye,0,2020-08-18 00:37:38
@RabiaNazeer-C9,JUSTICE FOR SUSHANT CBI INQUIRY,0,2020-08-17 23:35:41
@notofthisworld6467,"Though im not fan of Bollywood . And I rarely watch Bollywood movies but after knowing sushant sing death.Now If I am watching Bollywood song or movie I will feel I'm with killers side ,, Poor sushant sing was not deserving that death , boycott Bollywood until they stop playing with lives of new struggling actors and actresses,",0,2020-08-17 23:02:09
@robuxgamers3978,Dislike party,0,2020-08-17 22:55:57
@ankitmehra6030,Guys our task isn't over yet. Let's make this movie the most flop movie of Bollywood. Let's not watch this movie. Not for the sake of dislike also,0,2020-08-17 20:49:11
@pramodpatil1034,Floop trailer..,0,2020-08-17 20:28:49
@timemachine8869,How to dislike it again?,0,2020-08-17 20:22:45
@lockdownprime8649,Let's boost every outsider in Bollywood first. These star kids will be in front of them.,0,2020-08-17 20:12:21
@mukeshbobade4449,Parineeti Chopra Movies Trailer Dislike ... #justiceforsushantsinghrajput,0,2020-08-17 20:06:02
@MrLucky-ds1oi,Dislike,0,2020-08-17 20:00:15
@Jeetyadavrao,Congratulations everyone most deslike trailer on desny +hotstar till now #sushantsinghrajput,0,2020-08-17 19:38:21
@reflexgaming7188,#UNINSTALLHOTSTAR,0,2020-08-17 19:10:27
@bibhumohanty4075,It will hit with dislikes,0,2020-08-17 19:08:21
@VivekHari123,music from 1:59 to 2:07... wow!!!,1,2020-08-17 19:06:22
@raisulislam781,Now Dil bechara movie trailer like And sadak 2 movie trailer dislike Same 11m Love for sushant,1,2020-08-17 19:03:23
@saurabhjewellerssln,So sorry sanju baba but i love you sanju baba i hate bhatt,0,2020-08-17 19:00:11
@cjt7107,#CBIforSSR,0,2020-08-17 18:59:53
@markanthony8028,Tu to Mahesh bhatt deshdrohi ki picture ham Nahin dekhenge by court karo by court karo,0,2020-08-17 18:56:57
@itsmelilly5682,Baba u r all time superhit this dislike is for ppl who cant act but survive coz of their family name.,0,2020-08-17 18:55:32
@ranganathshenoy8258,"Ban Bollywood., banbolly",0,2020-08-17 18:54:29
@bapi5941,Chal vag,0,2020-08-17 18:42:45
@anilpetwal,Disliked for mahesh bhatt and family...I any way hate bollywood...just came to dislike this promo,0,2020-08-17 18:42:01
@ninadgaikwad2595,Nice work of Sanjay bhandari but diisliked because of nepotism #Bhatt,0,2020-08-17 18:39:11
@Sanjushortchannel510,Sanju baba ko v le dube ye log saale star kid,0,2020-08-17 18:29:01
@anshulgupta3247,Faltu ki movie hai dont see this movie ..... Inse jutice for ssr .. to bola ni jata agaye promotion karne i hate bollywoods kids # jutice for ssr ......,0,2020-08-17 18:28:34
@srilaxmi5592,I guess the no of dislikes for this video were above 8Million. But what happened to the no.of dislikes???,0,2020-08-17 18:17:02
@prajapati445,Plz bhaiyo dislike maro,0,2020-08-17 18:16:46
@meghla5965,Aur sabhi thoko dislike us button ko 20 million kardo thoko share karo aur bolo dislike thok ne keliye,0,2020-08-17 18:16:21
@vipulgiri9864,"Sorry, sanjay and Aditya only dislike bhat family",0,2020-08-17 18:14:49
@tiprasahalok670,Chutiya Paisa barbad hoga,0,2020-08-17 18:09:15
@libraproducts5750,Kuch bhi hain,0,2020-08-17 18:06:09
@aniketpatil9185,Bhat family,0,2020-08-17 18:05:04
@rushilmalhotra4446,"CBI FOR SSR,",0,2020-08-17 18:01:52
@mariaarch5749,Dislike for alia,0,2020-08-17 18:01:39
@adarshkarn7058,Bhai 100k dislike kam hua h 1.9 million tha 1.8 million hogaya,1,2020-08-17 17:48:58
@sunandanrana8205,Sanju baba sorry,0,2020-08-17 17:44:18
@raniarjun9880,Sadakchop movie. Pls boycot,0,2020-08-17 17:43:13
@meenubharti7531,Boycott channel as well as movie,1,2020-08-17 17:38:05
@laxmisingh4857,Wishing from bottom of my heart for flopping of this movie bumper flop,1,2020-08-17 17:36:06
@globalleadersfoundation8096,"This sadak 2 will bring anti nationalist to sadak, Jai hind.",0,2020-08-17 17:36:05
@jassikaur3758,"Dislike only bhatt family, love you datt",0,2020-08-17 17:33:55
@alokgupta7524,Dilike ka button dbate rho,0,2020-08-17 17:32:59
@shikshawani123sk,dislike,1,2020-08-17 17:32:14
@syedsherazi7604,Tasub choroid,0,2020-08-17 17:32:09
@syedsherazi7604,Nice,1,2020-08-17 17:29:53
@aradhanasultania1978,Looks Pakau,0,2020-08-17 17:23:08
@sayakghosh1885,Guys here are only 1.8 M dislikes we have to make it 18 M dislikes tell everyone to make it 18 M dislikes and also report the trailer maximum number of times in both the channels so that it is removed #BoycottBhattFamily #BanVisheshFilms #UninstallHotstar #UninstallallOTTplatforms #ArrestRheanext,0,2020-08-17 17:22:14
@MidasMakeupStudio,Stupid movie...please unistall disney hotstar,0,2020-08-17 17:19:06
@goanart393,Bakawas.....0 %Entertenment,0,2020-08-17 17:16:55
@rajvivekrai7175,,0,2020-08-17 17:12:23
@maniyadav2,DisneyPlus Hotstar VIP do not broadcast Bhatt family movies,0,2020-08-17 17:12:07
@bdkuldeep007,,0,2020-08-17 17:11:02
@akashsoni0542,Movie nhi kacharaa hai salaaa,0,2020-08-17 17:08:50
@technicalvikram2798,Sadak 2 =https://youtu.be/RI9KOTHFDtg Jao unlike Karo,0,2020-08-17 16:57:50
@balkarsingh1505,Sorry sanjay Dutt ji but mahesh bhatt jaise gaddar ki Film dekhne se behatar Hai use boycott kare,0,2020-08-17 16:53:57
@anilverma4924,shame on sushants murderers. DISLIKE,0,2020-08-17 16:52:57
@jhalakagarwal6695,Pls don't launch this movie,0,2020-08-17 16:48:21
@prchaudhari5795,Dislike,0,2020-08-17 16:43:37
@prchaudhari5795,Dislike,0,2020-08-17 16:43:32
@prchaudhari5795,Dislike,0,2020-08-17 16:43:26
@bjat106,Hotstar In filme,7,2020-08-17 16:41:19
@SiddharthDutta1412,#ronti,0,2020-08-17 16:37:11
@mayankmodanwal1572,,0,2020-08-17 16:37:00
@neezeeguru414,-,0,2020-08-17 16:35:29
@maalaxmi9690,By cott,1,2020-08-17 16:33:44
@Harish.pandey2907,Mujhe Kaha BHI Sadak 2 Likha milega mene dislike kr dena h Or baad Mai dekhunga tha kya wo....Nafrat h****,0,2020-08-17 16:31:18
@renusingh3758,Pls comment by your heart not because of nepotism.,0,2020-08-17 16:28:25
@Ushakumari0614,#cbi for SSR,1,2020-08-17 16:25:39
@anupamsharma5628,Boycott bollywood,0,2020-08-17 16:22:25
@VickySharma-vx4sq,Ma ki chut sadak 2 mar gaao bhen ke loddo,0,2020-08-17 16:16:18
@jaymithila,,0,2020-08-17 16:15:18
@Akash-wv6fs,- Dislike ?,3,2020-08-17 16:11:58
@utkarshrai5770,Aaj ke baad Karan johar aur Mahesh bhutt ki movie me Gali message karunga,1,2020-08-17 16:07:09
@Yogesh-ho5in,Flop,0,2020-08-17 16:06:21
@83_rawat,Congratulations 1M + Dislike,0,2020-08-17 16:03:27
@ngipjaotangtoklum7467,,0,2020-08-17 15:55:26
@manishsoni2161,Maha fudu,0,2020-08-17 15:44:17
@malleshchakravrthy242,,0,2020-08-17 15:28:46
@sonuuuuk4322,,0,2020-08-17 15:27:29
@VikasSharma-sq2dz,Bakwas,0,2020-08-17 15:26:27
@mahekshaikh9235,Pooty,0,2020-08-17 15:16:19
@harshayjaiswar7434,Flop movie bakwas,0,2020-08-17 15:07:26
@mr.parabola7447,"Dil Bechara most liked trailer ,... Sadak 2 most disliked trailer ,.. Only we have the power to do this ,.... LOVE YOU SHUSHANT SINGH RAJPUT SIR ,... May god bless u",34,2020-08-17 15:07:01
@Neet_sapna25,I hate every character... but Sanju baba,1,2020-08-17 15:05:07
@srikantptr4440,*dislike fans just press like button*,0,2020-08-17 15:04:29
@rajatchakraborty3841,Pata nahi yeh kya hai..... Par main yahan dislike marne aya hoon.....,0,2020-08-17 15:03:29
@tanyachauhan3265,Hahaha I also came her for dislike,0,2020-08-17 15:02:56
@samadritamukherjee9330,Agar Sushant nhi jata toh main phir bhi dislike hi karta because bht hi ghatia hai ye trailor,0,2020-08-17 15:02:19
@nayanachauhan4147,Flop movie of sadak and aliya,0,2020-08-17 14:57:46
@Mycute321,Bakwaas movie..end of Bhatt family,0,2020-08-17 14:54:46
@ashu161986,Bakwas kachara,0,2020-08-17 14:34:52
@RowdyNayakCreation,"Ye kya bavasir bana diye ho, #rowdynayakcreation",0,2020-08-17 14:33:49
@kingping3933,Dislike and report,0,2020-08-17 14:33:05
@iam_srbh_negi,On Foxstar dislike done.. On Hotstar dislike done..,0,2020-08-17 14:24:16
@aashishbharadwaj2380,247k likes 1.8M Dislike,0,2020-08-17 14:15:50
@sheebahussaini2080,Ur evil deeds took the life of an innocent pure soul.. may God punish u all ..justice for Sushant,0,2020-08-17 14:07:55
@akashsoni0542,,0,2020-08-17 14:07:23
@sunitachopra9297,Bakvas se bhi bakvas movie,0,2020-08-17 13:52:32
@tunna_x04,Aukat dekh beta,1,2020-08-17 13:52:14
@asthramnews1140,Revenge of SSR,0,2020-08-17 13:50:02
@dipakroy6096,KARAN JOKER OR MAHESH BHUTT KO KITNI CHAPPAL MAROGE,0,2020-08-17 13:48:41
@m.kmauryarohtas9962,Only dislike... mahesh bhatt ko AUKAAT bta deni h... miss u SSR,0,2020-08-17 13:38:47
@jatinagrawal2205,Ise itna dislike kro ki ye sab sadak pr a jaye,0,2020-08-17 13:38:34
@RIA_Khan,We miss sushant boycott nepotism,0,2020-08-17 13:34:25
@boralnutanhat521,Most 4rt graded ad disgusting cinema sadak 2 traillor,0,2020-08-17 13:28:09
@prempatel7599,Aagye beizaati karvane Hotstar,0,2020-08-17 13:23:53
@ArunaKumari-kp4dg,Cant understand where r these likes comes from,1,2020-08-17 13:23:53
@yurajdwivedi8058,In sab ko kitna bhi maaro sudharne waale nhi hai mene bina trailer dekhe bina dislike ker diya Sall ki sabse flop movie hai ye,0,2020-08-17 13:21:30
@meghak2305,"How to boycott something on YouTube. 1. Do not View it 2. Do not Dislike 3. Report the video (song or trailer) 4. Click on ""Don't Recommend Channel"" 5. Click ""Not Interested"" JOB DONE..!! **Share** #justiceforSSR",0,2020-08-17 13:21:12
@deepankarsingha1974,Chakke sale,0,2020-08-17 13:18:24
@prachisharma4419,Without even watching it.... I dislike it.... Thoko #dislike,0,2020-08-17 13:16:07
@dispatchbrite2606,Sadak pe aaoge be sadak pe... saalo chhodenge nhi tumhe... Mahesh Bhutto,0,2020-08-17 13:01:36
@giftmeseoearth2745,Not worth for Disney hotstar #jaihind,0,2020-08-17 13:00:18
@abdulmateen5992,Ye like wale Mahesh Bhatt K tatte Hain,0,2020-08-17 12:59:35
@yogendrasinhzala2602,Mumbai police may work good but in SSR case they cannot work honestly... its a pressure on them from the govt.... they are puppets in hands of maha govt,0,2020-08-17 12:58:48
@sujitkumarpathak9517,Sadak 2 band karo,0,2020-08-17 12:53:39
@Prateeksri4795,Boycott mhesh,0,2020-08-17 12:53:22
@Prehistoricking-Era,Aby saale kutha flim 5 like =11111 million chapaal,0,2020-08-17 12:52:07
@gaminggell6675,Karo dislike sab,0,2020-08-17 12:42:44
@meaowmeaow529,Is @DisneyPlus Hotstar VIP regretting acquiring rights to stream this shiiiit at all?,0,2020-08-17 12:35:43
@gbwheels3232,Justice for sushant,0,2020-08-17 12:35:21
@cosmologist8469,"If you guys promote Sadak 2 in your app where people are linked with sentiments like Nepotism, Sushant death and Anti hindu sentiments then im sorry we will boycott Hotstar as well. THIS IS A WARNING FROM INDIANS AND OUR LOVE FOR OUR COUNTRY AND OUR SENTIMENTS.",0,2020-08-17 12:29:34
@rys7869,Jo jo Madar chod dislike kar raha hy us ki gand mein 10 Million lan,0,2020-08-17 12:18:31
@krishpatel6192,I'm sorry Shanju sir,0,2020-08-17 12:15:44
@diptymishra6782,Worst trailer have some shame on nepotism,0,2020-08-17 12:11:57
@pintughosh3446,Dislike without seen this trailer. Justice for SSR.,0,2020-08-17 11:55:09
@tomarji3798,l bhi nhi chalegi na chalne dege,1,2020-08-17 11:52:52
@vanshikashukla1211,Tu khachra trailer,0,2020-08-17 11:47:49
@dilkushvelip2393,Bakwas lok,0,2020-08-17 11:46:27
@lucybaesfamily,I dislike without seeing the trailer,0,2020-08-17 11:39:45
@MaheshGupta-en8es,Uninstall hotstar for permoting nepotism who is agree,0,2020-08-17 11:30:59
@badalsupriya,*_Makes Ittt Most Disliked Trailer On Youtube_*,0,2020-08-17 11:30:49
@nitashdon7926,Dislike,0,2020-08-17 11:27:27
@darjikaran123,Iss trailer ko world famous bana diya...... Dislikes karke.....,0,2020-08-17 11:24:31
@sunnynoony,"Believe me, This would definitely be the blockbuster movie.",0,2020-08-17 11:21:15
@jitur1504,Alia sod,0,2020-08-17 11:16:17
@jitur1504,Bebukov,0,2020-08-17 11:16:05
@saurabhapte2122,Isko bhi 10 million lekar chalo,0,2020-08-17 11:14:44
@teekendrakumar729,Very very worst,0,2020-08-17 11:14:05
@ranjhadaindia414,I love Sanjay dutt movie thanks got 56 M and 30 M views,0,2020-08-17 10:57:07
@Bristy1583,deleted this trailer,0,2020-08-17 10:51:23
@RimpiRajVibes,Ekbar yeh Video Dako guys https://youtu.be/svXxpB4cloE,0,2020-08-17 10:45:05
@stiekex1288,Dislike deek kar pta chal gaya ki tralier kasa ha,0,2020-08-17 10:37:24
@nitinpatel8371,Bhatt Parivar ko kitne chappal maroge? 1 like - 10000000000000 chappal,1,2020-08-17 10:35:20
@sawansingh7609,Worst trailer,0,2020-08-17 10:27:40
@sawansingh7609,Worst trailer,0,2020-08-17 10:27:40
@sayanmdn,#Justice4SSR,0,2020-08-17 10:24:45
@chandrashekhard3071,Boycott,0,2020-08-17 10:16:05
@gauriandsumituniverse,"RIP Bollywood and Nepotism. SSR ko marne mei pure bollywood ka hath tha. Congratulations ab ap sab sadak par aa chuke ho. Jitna SSR se loota hoga, usse jayada hum ap logo ka nuksan kara denge. Boycott bollywood Mafia. #justiceforSSR",0,2020-08-17 10:12:03
@verma1833,Till date world 3rd biggest dislike. Dikha di okat public ne.,0,2020-08-17 10:09:23
@nirmladevibindal7900,Let make trailer be most disliked trailer,0,2020-08-17 10:08:13
@adityabhatt6640,,0,2020-08-17 10:08:04
@anjiesingh5653,Boycott this movie,0,2020-08-17 10:00:09
@whatsappstatus4909,,0,2020-08-17 09:59:36
@dattatrayajadhav2803,Are ye logo ne to sahak 2 ko sadel 2 bana na diya,0,2020-08-17 09:55:03
@hanockkonaga9184,Oyeee Disney forget bollywood nepotism actor's and directors...or ppl will forget u that would bee soon....,0,2020-08-17 09:51:47
@divyanschandak6568,Sadak 2 is the third most disliked video in the world,1,2020-08-17 09:48:59
@thrishla1704,Justice for SSR,0,2020-08-17 09:48:32
@prashantKumar-nj8tr,"Ab pakistani dalal mahesh bhatt ka aakuad pata chal gaya hoga, sab katega",0,2020-08-17 09:46:33
@Gopalpurohit10,Mera louda madrcd thabi to me tumhari movies khabi nahi dekhta hu saalo kyuki tumhari niyat me khot he mdrcd apne to hollywood jindabad,0,2020-08-17 09:46:28
@Birendrakumarkamat,Dislike,1,2020-08-17 09:43:46
@karthiknani5867,Things i want to see 1. End of rape 2. Justice for SSR 3. End of COVID-19 4. End of war between religion,178,2020-08-17 09:40:26
@adils707,Av sadak me kuchh din bad sadak par aajaoge,0,2020-08-17 09:36:59
@hackerinthegame8949,Kitne baade chaman hai ek hi trailer ko 2 bar release kar rahe hai,0,2020-08-17 09:33:37
@himanshumeena2929,Belddone for these dislikes We miss you ssr,0,2020-08-17 09:31:02
@naturewildlifediscovery4610,RIP bollywood.,0,2020-08-17 09:27:51
@viralme4299,#Dislike maro behenchod sale chutiya video hai sale criminal ki beti,1,2020-08-17 09:24:07
@eshanibordoloi2395,I'm waiting for sadak to release. no hatred for sanjay dutt,0,2020-08-17 09:19:17
@ajstar531,Dislike karo,1,2020-08-17 09:16:20
@harshvishwakarma8005,Tribute and love for susant singh rajput....... Hater of nepotism who search trailer to dislike How many peoples dislike without watching till end dil bechara fan,1,2020-08-17 09:14:50
@NavjotKaur-tk7pf,ghatiyaa logon ki ghatiaa movie....boycott such bloody gangsters,0,2020-08-17 09:06:51
@namesurname7835,Hate you Bollywood brothel master Butt !!!,0,2020-08-17 09:04:29
@anantpatel5709,Boycottt like karo,0,2020-08-17 09:03:45
@stebin1962,I created 10 google accounts for disliking 10 times,607,2020-08-17 09:01:44
@maneeshkumar8481,Upar wala ssr ke sath hai,1,2020-08-17 09:00:43
@gandsungli,"Plzz stop this shit. Ban Bollywood, its worlds karte B grade Film industry.",0,2020-08-17 08:49:23
@anshuchoudhary7034,Dislike kre,0,2020-08-17 08:47:16
@lalitmishrastudy9916,Ye movie pahle se flop h..boycott movie,0,2020-08-17 08:37:34
@jayhindutava5873,Baba sorry boycott ssr sorry appke lay hum kuch bhi kar skate hay duniya Jan gay hai,0,2020-08-17 08:27:57
@RKNair-lj6vv,Dust bin man Budda and dirty film....,0,2020-08-17 08:24:40
@singhRenukaa,Kon pagal h jo like kr rha ha,1,2020-08-17 08:16:45
@singhRenukaa,Ek dislike ke search kia hai only one dislike,1,2020-08-17 08:16:32
@streetrider6152,Yeah dislike ek gift hain....,0,2020-08-17 08:13:33
@shalusaritaverma6570,We love Sushant nd Hate Bhatt family and other starkids..like karan jaohar chhkke ki gndi soch,0,2020-08-17 08:12:26
@mithunsardar4352,"Boycott this movie, i love sushant sing rajput",0,2020-08-17 08:11:11
@rishipatil6215,Dislike its' world record,0,2020-08-17 08:11:08
@vikasdubey3968,Best acting sunju baba,0,2020-08-17 08:05:45
@laxmantahiliani913,Ye kaisi sadak banai hai Mahesh ne Udghatan se pehle hi tut gayi,1,2020-08-17 07:54:51
@mdsayeedurrahaman4104,Kon kon chahte ye Trailer 200M dislike cross kare??? :-:-:-Me 1st:-:-:-,13,2020-08-17 07:52:12
@unknownperson5301,Chutiya trailer,1,2020-08-17 07:48:45
@ruksanabegam4364,Ye jo 247k log hain yahi hain sushant ke justice na milne ki wajah,0,2020-08-17 07:42:53
@bikashmahato7134,Iss movie ko dislikes se bhar do Lekin plz Ankit tiwari ke song ko dislikes mt dena That is Very nice song Wo song iss movie me nhi hona chahiye tha,1,2020-08-17 07:40:21
@VivekSingh-rw3xg,Kabhi na dakhe is,0,2020-08-17 07:40:04
@alwaysfuns2032,Es movie me song bhi copy h,0,2020-08-17 07:36:53
@Shibamuna,Vad main ja Tu alia bhat,0,2020-08-17 07:35:29
@laksheykumar8714,Plzz guyzz deslike k sath report karna naa bhule,0,2020-08-17 07:29:48
@laksheykumar8714,Jahan jahan pe daaloge harr jagah aake dislike karunga aur sath mai report,0,2020-08-17 07:29:28
@kushalajain8528,Extra boring film. Please don't see this film.,3,2020-08-17 07:29:21
@kshitijkumar184,Boycott nepo kids...,0,2020-08-17 07:27:38
@shantanujain6376,"Real test will be when the movie releases, DO NOT WATCH IT",1,2020-08-17 07:27:38
@kushalajain8528,0% chance for hit film. Deserves for nothing.,1,2020-08-17 07:27:37
@urwellwisher653,tatti trailer,0,2020-08-17 07:23:36
@gavrancomedymemes5401,https://youtu.be/XpTSCSRpYKA,0,2020-08-17 07:22:10
@GAUTAMKUMAR-eg6yi,Boycott,0,2020-08-17 07:21:41
@ramlalyadav5931,,0,2020-08-17 07:20:55
@sudipkumarbhar6831,Justice for SSR,0,2020-08-17 07:19:46
@manish_kumr_prasad,idhar 2 million dislike or udhar 20 million dislike lol,1,2020-08-17 07:18:51
@pankajbisaria,Itna bura haal to meri personal videos ka nahi hua.,0,2020-08-17 07:14:31
@Khatarnak_Ladka8581,Isse bakwash aur bekar trailer ajj takk nahi dekha mainee,0,2020-08-17 07:12:03
@shrikantparmar989,Bhatt teri.... M lathh ... #####miss you SSR,0,2020-08-17 07:09:31
@ratanlalsinha6393,I think it will be most disliked video in youtube in few days,0,2020-08-17 07:01:05
@vaibhavnagvenkar7806,"How many of you are disliking this video from multiple accounts? Imagine if everyone dislikes using multiple accounts. ""Ek din mai dislikes double"" Kaisa hai scheme guys? xD",50,2020-08-17 06:52:41
@mukeshvagul1798,Chutiyo ki movie,0,2020-08-17 06:50:24
@umanathjha9450,"Kal 19 lakh likes the , aaj 18 lakh ho gaye , ye kya jhol hai bhai",1,2020-08-17 06:50:20
@nandlalpal4138,Aaliya upar wala tare saat nahi hai..,0,2020-08-17 06:44:29
@nandlalpal4138,Mahesh butt tu Jail jayega..,0,2020-08-17 06:43:48
@nandlalpal4138,Flop Film mat deko..,0,2020-08-17 06:42:38
@sanjeevchauhan3012,Most disliked trailer world record Tod Diya hai,0,2020-08-17 06:41:08
@sanjeevchauhan3012,Sushant ko insaaf Na Mile tab tak koi bhi film nahin chalegi,0,2020-08-17 06:40:54
@Mr.pk123,"Dislike -2 Youtube ,,,",0,2020-08-17 06:40:11
@kapildevsharma1180,#uninstalled hotstar,0,2020-08-17 06:33:12
@jenishthakkar2401,Kachare ka dibba,0,2020-08-17 06:32:53
@KaransinghFitness,"Ohoooo itna Ganda trailer to movie kitni gandi hogi mujhe nhi dekhni me aur 100000 logo ko share kerke kahunga ki mat Dekho ,,,,,#justice for SSR",0,2020-08-17 06:27:39
@PS-oh3ze,"Who's who? Dislike ! without seen this trailor ? Wow! Sushant ne to inko hi ""Sadak"" par la diya...kya koi naam bata sakta h...koun-2 h vo khusnasib..",10,2020-08-17 06:23:59
@astrovivek5969,,0,2020-08-17 06:22:44
@riyabagri2638,Flop,0,2020-08-17 06:22:14
@learningvibezz6946,I wish everyone reading this a happy and healthy life to u n ur parents,1,2020-08-17 06:14:14
@bharathkingnani8158,Dislike thiz trailer ....,0,2020-08-17 06:12:28
@bengal00786,Mahesh Rhea ke soy gaya,0,2020-08-17 06:09:16
@feel8287,""" , """,21,2020-08-17 06:02:44
@REAL_DAWGG,Boycott starkids,0,2020-08-17 05:56:08
@AjaySinghajjusingh87,Cheap publicity ke liye guruon ko kyon badnaam karte ho,0,2020-08-17 05:53:38
@RajeevRanjan-jb4wy,Bakwaas,0,2020-08-17 05:51:21
@sanjitroy1,kam sa kam 15 I'd bana ke dislike karunga..,0,2020-08-17 05:50:36
@shivrajparashar6937,Dislike due to tharki,0,2020-08-17 05:43:10
@kashinathk3752,No no no no,1,2020-08-17 05:37:46
@amitmishra-xr2ex,Boycott,0,2020-08-17 05:34:37
@karthiknani5867,Who searched the trailer for dislike. We miss u Sushant.,470,2020-08-17 05:31:40
@am.madangopal,,0,2020-08-17 05:29:36
@reenabehera9096,Dislike wow,0,2020-08-17 05:28:29
@sabitamahato6765,"Sirf ye movie nahi karan Johar, Mahesh Bhatt aur Alia Bhatt ke jitne v movies release honge sare ke sare hum dislike karenge salo ko chain ki nind nahi sone dena hai jab tak hamara bhai Sushant Singh Rajput ko justice nahi milta #JusticeforSSR",0,2020-08-17 05:26:38
@swatishukla8035,Bekar film,1,2020-08-17 05:22:22
@Jordanjordy04,Nepotism ...plz ban !!boycott their movies,0,2020-08-17 05:16:00
@ahmed_video,Justice for sushant singh rajput #boycott Bollywood industry Aim 10million dislikes,0,2020-08-17 05:05:08
@harekrishna3394,"Bikhari who dislike mostly unemployed unhappy want become actor but can't, who veiwd nothing commented actually film lover",0,2020-08-17 05:03:48
@magicoffunny941,this movie should be a boycott and abstrain to watch,0,2020-08-17 05:03:02
@mingmatb6810,"Honestly after SSR murder by these nepotism,gangism i in particular leave alone watching their films I hate those very names n pics they r in,oh hell yeah n those dumb superstars too,they can't even come out in open n at least write a grievance note on SSR demise,sad to see these so called superstars turned into a money vending machine,I wonder can they really look up on a mirror n say ""yes I m clean""",0,2020-08-17 04:49:54
@SonuKumar-tt8hn,aachi bilkul boycott,0,2020-08-17 04:45:34
@ArvindSingh-jf6qk,,0,2020-08-17 04:43:09
@official__boy_10m,Dislike aur karna h bhai,0,2020-08-17 04:36:55
@AbhishekMishra-lb1bm,Sala Hindustan mein jab tak Nepotism wala canima hai log chutiya bante rahenge @ Ramdhari Singh Wasepur wale,1,2020-08-17 04:35:35
@deltaforce7198,Pakistan murdabad,0,2020-08-17 04:09:46
@ranjaydeewana2920,Faltu movie,0,2020-08-17 03:58:07
@hrishikeshaghor6237,Hello Mr.Bhat...This is really bad movie... I sometimes feel that Sanju's cancer is a publicity stunt to make money out of this movie..,167,2020-08-17 03:54:52
@esharoy9631,"REASONS OF CELEBRITIES FOR ASKING CBI FOR SUSHANT : Kriti Sanon - Bachchan Pandey, Mimi Varun Dhawan - Coolie No. 1,Ranbhoomi,Mr.lele Parineeti Chopra - Sandeep or Pinky Faraar,Saina Nehwal Biopic Sooraj Pancholi - Time to dance,Hawa Singh",0,2020-08-17 03:53:26
@RK-X,"1.If an advertisement starts at the start of the video, please close it immediately.By not watching the advertisement, you're not letting them earn from the Ad. 2. Please Dislike and close it immediately.",0,2020-08-17 03:49:40
@govindmuley8240,Who is laughing on seeing the dislikes,9,2020-08-17 03:45:53
@govindmuley8240,Every one search it for giving dislike,1,2020-08-17 03:44:53
@gagangaradia7984,Worst trailer,0,2020-08-17 03:40:14
@shyamsinghchoudhary962,2 ki,0,2020-08-17 03:25:05
@chandanparchani1227,I smiling after 30 million views....superb trailer...sanju bhai rocks,0,2020-08-17 03:12:08
@LearnShareinformation,"Totly boycott all fake heroes for real hero SSR, #justice for SSR",0,2020-08-17 03:10:48
@sharfaddinmohd4812,Boycott this film,0,2020-08-17 03:09:13
@narendra7427,https://youtu.be/Rz-RRoQLLpg,0,2020-08-17 03:08:36
@narendra7427,New song of this movie https://youtu.be/Rz-RRoQLLpg,0,2020-08-17 03:08:04
@narendra7427,https://youtu.be/Rz-RRoQLLpg,0,2020-08-17 03:07:40
@johnpali3444,Pesend nai ahya hai,0,2020-08-17 03:02:33
@yakki5362,successfully wasted my 3.02 minutes,0,2020-08-17 03:02:25
@karthiknani5867,Kis Kis Ne Bina Trailer Dekhe Hi Dislike Kardiya??,616,2020-08-17 02:59:16
@luckyahir1,bhencd dislike dabakar aisa laga jaise mahesh bhatt ki gaand par laat mari di,0,2020-08-17 02:57:47
@chanakyaclass9th-10thacade7,,0,2020-08-17 02:54:54
@Sameerkhan-fk6gb,,0,2020-08-17 02:50:42
@ravikanthgarimella6715,justiceforSSR,0,2020-08-17 02:48:43
@mukeshsingh8979,Only dislike,0,2020-08-17 02:41:24
@chandelsir1994,Guruo ki jagh maulbi ya paadri words use karte to bhaut accha hota.... fir sayad jo dis ...he bo like hota .....dalal Bollywood.....gang...,0,2020-08-17 02:32:47
@desertrose7016,searched to Dislike,0,2020-08-17 02:29:16
@sangumitra3979,Tum log ka film hum desh washiyo KO psand nhi h salo,1,2020-08-17 02:17:58
@akmkhan9581,Hi Alia do you know who is SSR???,0,2020-08-17 02:15:13
@KrishnaSherdiwala,"Kshamaa manglo sab sudhar jaye ga Ab ye mat puchhna kyo, kisse or kaise?",0,2020-08-17 02:08:19
@hemalatasharma3318,Aaaathhuu,0,2020-08-17 01:55:23
@harekrishna3394,Thanks for 29 M likes who are not dislikes,0,2020-08-17 01:52:12
@amitkumar-bv3wx,Miss u Sushant,0,2020-08-17 01:52:06
@hinusharma6699,Sadak aayegi Sadak pr,0,2020-08-17 01:51:49
@ramanbanger5456,Sanju ni hota to koi trailer v ni dekhtaq,0,2020-08-17 01:51:08
@panthaky100,,0,2020-08-17 01:49:45
@dkestarox8801,Mahesh vat beti chod hai. Apna muk she kaha kud mahesh madar chod ne kha. Agla janm me pura paribar sarak ka kutta hoke paida hoga..dhorm ko badnam karta hai beti chod ...pura pari bar madar chod hai.. randi ke aulat hai sab .,0,2020-08-17 01:49:14
@sanjaysgmc2217,Flop flop,0,2020-08-17 01:44:35
@singh-uk9xs,Alia is very biggest,0,2020-08-17 01:40:54
@ankajyadav2104,Super dislike all friends,0,2020-08-17 01:36:52
@manvendrarathore5032,Flop,0,2020-08-17 01:28:10
@Joe-kk2xp,Looks like we have 2 we have to dislike,0,2020-08-17 01:25:04
@Jat-Jat,"Guys, Phineas and Ferb: Candace against the universe is coming to the service the same day. Watch that instead!",1,2020-08-17 00:51:55
@devokedevmahadev9998,Alia bhatt : Upper wala hamare sath hai iss Sadak par. Fan of SSR : haa haa upper wala ab tumhe usse Sadak par bheeg mang vayega Rukko jara sabar karo Aur Nepo tum sab Gand marao,0,2020-08-16 23:36:13
@devokedevmahadev9998,Sanjay Dutt : Sunna tha Pyaar kachre ko bhi sona bana deta hai. Fans of SSR : Pyaar se Dislike video ko karke phir se kachra bana diya tum sab ko Pyaar hajam nahi hua na Tum Nepo ganduo ko .,0,2020-08-16 23:34:12
@goldenkumargupta7822,And,0,2020-08-16 22:51:06
@swatigermanyvloggernew2165,"Hotstar hi uninstall Kar Diya hai, boycott hotstar",0,2020-08-16 22:50:00
@swatigermanyvloggernew2165,"Yeh kaun chatak hai jinhone ne like Kia hai,",0,2020-08-16 22:46:37
@kamleshkumar-ze8ol,Ghatya film,0,2020-08-16 22:29:32
@user-iu4wq2kk8r,"https://youtu.be/pcKR0LPwoYs -,",0,2020-08-16 22:23:52
@user-iu4wq2kk8r,https://youtu.be/pcKR0LPwoYs ........,0,2020-08-16 22:23:22
@user-iu4wq2kk8r,https://youtu.be/pcKR0LPwoYs,0,2020-08-16 22:22:14
@user-iu4wq2kk8r,Love you Alia,0,2020-08-16 22:22:00
@amritajones3818,. now bhutts will find out who' was/is SSR. For his fan's he's still a hero.i rather watch any movie of ssr than Salman.srk.karan or bhutts. Goodbye Bollywood,0,2020-08-16 22:12:06
@rambor-rgaming2535,ma ka bhosda nepotism ki,0,2020-08-16 21:13:53
@M956d,Dislike,0,2020-08-16 21:13:14
@shwetamahant3508,Boycott bhatt family who is backbone of rhea .. killer witch,0,2020-08-16 21:05:17
@MrMour07,Dislike karne aya hu,0,2020-08-16 21:03:15
@AbhishekKumar-iv9mq,l bcoz- Bollywood is anti-hindu Bollywood is anti-national Bollywood is pro-terrorist Bollywood is pro-nepotism...,0,2020-08-16 21:02:54
@sju2630,"Disney Hotstar, I will unsubscribe my subscription if you release Sadak2.",0,2020-08-16 20:37:05
@richasharma5394,"I saw the trailer, would have disliked it anyway....just a pathetic movie it looks like....!!",0,2020-08-16 20:31:02
@chiranjitghosh5207,,0,2020-08-16 20:28:23
@snazzy8744,Just here to press dislike!!!,0,2020-08-16 20:18:06
@amitkk7387,i came here to see dislikes which were 10 m but they r still 2 m. why ?,0,2020-08-16 20:14:53
@utilitiesforeveryindiancit7388,https://youtu.be/_5uP-tdn_a0,0,2020-08-16 20:08:30
@subhodeepghosh4300,Justice for Sushant,1,2020-08-16 20:06:47
@satyajitbej9321,Chal hat bsk,0,2020-08-16 19:54:07
@anandarunachal4046,Paused the trailer and DISLIKED,0,2020-08-16 19:48:49
@shubhangikhot-us2xm,Pagalpanti ka he ye shi bakwas,0,2020-08-16 19:48:24
@godxgaming0821,#Binod bhai,0,2020-08-16 19:42:46
@godxgaming0821,Ghu,0,2020-08-16 19:42:24
@godxgaming0821,,0,2020-08-16 19:41:53
@Oyejoshisong99,Bakwaaas,0,2020-08-16 19:38:33
@Don-kt7nq,Please hit dislike buttons so that it becomes the world's most disliked trailer...,0,2020-08-16 19:31:01
@annafrancis8769,#justiceforsushantsinghrajput,0,2020-08-16 19:18:53
@faiyazshaikh5859,Alia hated,0,2020-08-16 19:07:01
@sonamjaiswal8106,Aalia bhatt ke hath me katora Hona chahiye aur Mahesh bbudhha sadak pe gana gaye,0,2020-08-16 19:03:21
@sonamjaiswal8106,Gatar ke naale ki bhi bezati,0,2020-08-16 19:00:03
@rashidnadeem2987,Uninstall Disney+Hotstar aaps...,0,2020-08-16 18:59:40
@sonamjaiswal8106,Gatar Ka Nala me movie jaayegi,0,2020-08-16 18:59:31
@himasworld8847,Dirty politics in bollywood...paise k liye itna gir sakti hei ye sab star.. bollywood film ab dekhne ka mon nehi korti..#CBIFORSSR,0,2020-08-16 18:59:19
@sonamjaiswal8106,Aathu,0,2020-08-16 18:58:43
@abdulgaffurgaffur4841,For what purpose this movie getting dislikes any one tell me pls,0,2020-08-16 18:52:37
@atulpandey9210,Bakwaas,0,2020-08-16 18:36:58
@vikashkumarshivam1851,Bakwas,0,2020-08-16 18:34:34
@evplmp,we love you,0,2020-08-16 18:33:35
@biren8665,Hotstar...remove this third class bar girl film...kachra,0,2020-08-16 18:32:20
@sauravpandeyy,KYA YAAR KHAMAKHA DISLIKES BADANA KYON CHAHTE HO,0,2020-08-16 18:30:20
@ashutoshsingh6561,Bhut acha barbad kr doo mahes bhtt koo,0,2020-08-16 18:30:17
@kashyap_kanpuriya,Justice for shushant sir,0,2020-08-16 18:27:36
@sheeba923,Boycott,0,2020-08-16 18:25:15
@shobhit5617,Gand mrao bosdiwalloo,1,2020-08-16 18:24:17
@भारतीय66,,0,2020-08-16 18:23:33
@Mannuofficial619,Sushant ke bina kuch ni i hate this videos 10000000000 dislike,0,2020-08-16 18:21:34
@jiyachakraborty718,Heat too alllllll...justice for Our SSR.,1,2020-08-16 18:20:06
@subhankarjena2735,don't watch just dislike,0,2020-08-16 18:20:03
@shailesha7,Horrible trailer and worst humans who have worked in this movie....sic....,0,2020-08-16 18:16:33
@sarojdubey3861,#JusticeForSushantSinghRajput #CBIMustForSushant #SCGiveJusticeForSSR #BoycottMumBollywood,0,2020-08-16 18:14:40
@priyaranjanmantri9332,Ye nepo ka movie he.... Binod bolraha he....,0,2020-08-16 18:13:53
@grimbeast5509,Soory sanjay sir Alia diserv this,0,2020-08-16 18:12:24
@ucancallmekaafir2612,""""" dislike https://youtu.be/YR6yPZ1LPpA",0,2020-08-16 18:11:22
@RAJKUMAR-kg7vr,I hated aaliya...i miss you SSR..,0,2020-08-16 18:06:01
@kunalshrivast,I did uninstalled hotstar..for showing me such a movie trailer that sucks,1,2020-08-16 18:04:17
@purushotamchandani6228,,0,2020-08-16 18:03:05
@purushotamchandani4728,,0,2020-08-16 18:02:33
@pathiksandesh5100,,0,2020-08-16 17:56:59
@amritankit8628,Justice for sushant Singh Rajput,0,2020-08-16 17:54:57
@hrishikeshchinchalikar0,Who the hell watched trailer i just came to see down votes,0,2020-08-16 17:54:31
@A_Rahman0103,Jisne Dislikes kiya hai Wo Meri comments like kijiye,0,2020-08-16 17:41:45
@KunjBihari-d2f,,0,2020-08-16 17:37:07
@Lover11_,"Boycott these gangsters in disguise of actors, actresses and directors.",18,2020-08-16 17:37:04
@byishitajain6026,Boycott,0,2020-08-16 17:36:02
@Hyparnationalist007,Ma cho** denge iski,0,2020-08-16 17:32:45
@dollymishra5546,Boycott,0,2020-08-16 17:31:48
@sagartayde5967,Yes ...Nepotism exist in Bollywood...they intentionally dominate outsider...,0,2020-08-16 17:29:25
@sparshfunclub5359,If you like the SSR then watch https://youtu.be/vGqIXCwvwcw,0,2020-08-16 17:29:14
@karthiknani5867,Who searched the trailer for dislike. We miss u Sushant.,73,2020-08-16 17:29:09
@HarpreetSingh-il6cz,In 5 logo ko jeene ka koi hakk nahi they must suicide,0,2020-08-16 17:21:09
@ayushgarg53,"In fact, we all need to stop viewing this trailer, just to dislike it since we all are contributing in increasing the views no. Of this shit creation...",1,2020-08-16 17:13:38
@raj-vb5tf,sadak-2! @ ... #,0,2020-08-16 17:09:06
@ayushgarg53,Bhatt's are the sole reason for this... I appeal all out there not to even give a single watch to this shit... ```DON'T FORGIVE```,0,2020-08-16 17:07:40
@vivekanandyadav5681,Chhhiiiiii............1000 dislikes....,0,2020-08-16 17:01:37
@harishchandrasinhsolanki3999,Miss You #SSR #JusticeForSSR #CbiForSSR,0,2020-08-16 16:56:12
@bindugupta10,ishko b badao dislike,0,2020-08-16 16:51:09
@Rahulsaini-my2py,Duper,0,2020-08-16 16:49:18
@ishak5994,ye like karne walo ka level socho...my god pathetic...,0,2020-08-16 16:47:26
@pratibhapriyadarshini7229,#JusticeforSSR #JusticeforSSR #JusticeforSSR #JusticeforSSR #JusticeforSSR #JusticeforSSR #JusticeforSSR #JusticeforSSR #JusticeforSSR #JusticeforSSR #JusticeforSSR #JusticeforSSR #JusticeforSSR #JusticeforSSR #JusticeforSSR #JusticeforSSR #JusticeforSSR #JusticeforSSR #JusticeforSSR #JusticeforSSR #JusticeforSSR #JusticeforSSR #JusticeforSSR #JusticeforSSR,0,2020-08-16 16:46:54
@ShrikanthShettyOfficial,One dislike From Karnataka,0,2020-08-16 16:46:43
@riteshdumi8705,Fuck alia bhatt madar chut ni,0,2020-08-16 16:46:08
@kaushalpareek7528,Very bad movie,0,2020-08-16 16:44:58
@sstclasses6896,I searched trailor for dislike,0,2020-08-16 16:42:49
@sandeepkambli2596,Bhatt family and shiv sena will pay for Sushant Singh murder. His life will not go waste,0,2020-08-16 16:36:57
@neeraj4140,Sarakh... gatar ...may ja raha hai,0,2020-08-16 16:34:25
@ritavaid4447,Horrible,0,2020-08-16 16:33:34
@rameshpatil8718,Hate nepotism,0,2020-08-16 16:33:21
@basaveshbn4209,Let's delete hotstar if they sponsor for this,0,2020-08-16 16:22:50
@ailinathapa8425,I am so happy coz itna jyada dislikes,0,2020-08-16 16:22:49
@puneetsaini2422,Sorry Sanjay u are also a losser not support sushant tumhra apna sath itna kuch hua hai tum toh support karta tumhe bhi toh janta na support kya tha sorry u are also a nappo kid,0,2020-08-16 16:02:44
@elizasharma5865,Koi mt dekhna is movie ko... It will b a true tribute to ssr..,0,2020-08-16 16:02:15
@charanct9518,Dislike am susanth singh my hero,0,2020-08-16 15:58:17
@सुकूनकेपल,... https://youtu.be/KM6FykKFSOs,0,2020-08-16 15:56:28
@shortcutteachingcentre7272,Do not see the flim,0,2020-08-16 15:55:02
@charanct9518,Boycutt,0,2020-08-16 15:52:58
@SumitKumar-lt7tt,Bakwas h,0,2020-08-16 15:49:28
@charanct9518,Dislike,0,2020-08-16 15:48:18
@tejram1605,,0,2020-08-16 15:45:59
@poojashah5958,Bollywood,0,2020-08-16 15:37:22
@poojashah5958,,0,2020-08-16 15:37:03
@dentalcouple48,10 million dislikes here also,0,2020-08-16 15:31:40
@tarunduttjakhmola8564,Dislike,0,2020-08-16 15:30:56
@Samriddhidanceandart,We miss you sushant,0,2020-08-16 15:30:07
@raghavendra4309,Koi dekhna nahi Iss movie ko,0,2020-08-16 15:30:02
@abhishekshetty7705,We want justice for ssr,0,2020-08-16 15:20:04
@pardeepsihag5880,Ye jo 2.4 like unko meri trf se tumahri maa ka bhosda wali gaali haan jai hind dosto,0,2020-08-16 15:15:21
@shankarmandal2048,"Most dislikes this trailer ,congrats bhat",0,2020-08-16 15:11:42
@eshitaghosh6080,#boycott,0,2020-08-16 15:11:17
@Jorney_Within,Flop of the century,0,2020-08-16 15:06:04
@suryapratapsinha2911,Bloody murderer Alia and her father Mahesh..U people are going to die soon with that Reha Chakraborty..Just wait,3,2020-08-16 15:03:11
@tarungowda6894,Magical moniii!!!,1,2020-08-16 15:02:08
@tarungowda6894,Magical moniii!!!,1,2020-08-16 15:01:58
@tarungowda6894,Magical moniii!!!,1,2020-08-16 15:01:46
@Kisdworld,Is aliya aur mahesh bhatt ko hatao.. Sorry sanajay sir aur aditya roy,0,2020-08-16 15:01:36
@tarungowda6894,Magical moniii!!!,1,2020-08-16 15:01:31
@tarungowda6894,Magical moniii!!!,1,2020-08-16 15:01:17
@rajadutta3162,Rubbish stuff...,0,2020-08-16 15:01:12
@tarungowda6894,Magical moniii!!!,1,2020-08-16 15:01:03
@tarungowda6894,Magical moniii!!!,1,2020-08-16 15:00:37
@tarungowda6894,Magical moniii!!!,1,2020-08-16 15:00:21
@tarungowda6894,Magical moniii!!!,1,2020-08-16 15:00:05
@tarungowda6894,Magical moniii!!!,1,2020-08-16 14:59:52
@amazekantachannel4947,Kaun kaun hai yahan jo sirf dislike ke liye hi aaya hai?,0,2020-08-16 14:56:34
@monsubedi5880,Dislike all this now they post in different media,0,2020-08-16 14:55:50
@ishwarchaure8646,Royal Hero sushant rajput,0,2020-08-16 14:54:47
@Shahrukh77,Instead of this song watch this video which is more helpful. True story of Sushant Singh Rajput https://youtu.be/YLpNe2EUcZQ,0,2020-08-16 14:48:58
@varshasingh3527,Kyu alia aunty ji ghamad chur hua ya ab bhi kuch bacha h dekh li aam janta ki takt,0,2020-08-16 14:48:27
@gyanimidtech4650,Boycott Disney hotstar subscription,0,2020-08-16 14:46:23
@khushiyadav6815,Bakar,0,2020-08-16 14:43:57
@puransatwal2364,,0,2020-08-16 14:41:31
@drsachidanandtiwari3225,This movie should be boycott ??,0,2020-08-16 14:38:03
@gauravkalita1492,Flopped movie,0,2020-08-16 14:33:06
@AMANSINGH-oz5tw,Itnea dislike kary gay pira youtube Dua Dua ho jayga aur Mahesh bhutt ky pury khandan randi ka nash ho jayga #warrior4ssr,1,2020-08-16 14:32:07
@arabinda0018,iss video ku bhi toh 11M dislike do guys,0,2020-08-16 14:28:58
@loyancore,If you have seen the trailer please dislike it,0,2020-08-16 14:22:33
@jaisingh5041,This film should be banned,0,2020-08-16 14:21:19
@thehimalayanpeak6267,real hero tha tum sb nkli or fake ho tumhari koi film n chlni fisddi film lekr award lene vali alia or sanjay tum to dhamaka man ho koi tumhara fan n h fan of ssr,0,2020-08-16 14:20:16
@narendrasinghrajput1318,boycott,0,2020-08-16 14:17:10
@soumadipmudi4855,,0,2020-08-16 14:17:04
@amazekantachannel4947,Baba ji shilajeet kam khaya karo. Waise nai bhabi ji k kya haal hain?,0,2020-08-16 14:14:05
@jethalalworld530,Justice for SSR like who fan fo SSR mahesh and karan loda lassan,0,2020-08-16 14:12:28
@jethalalworld530,We need justice mahesh loda lassan,0,2020-08-16 14:11:39
@Sofwan786,Waiting for Sadak 2,1,2020-08-16 14:07:53
@mdrazi5319,Bs ab KJ ki baari hai Waiting for Dharma Release Guys be ready....,0,2020-08-16 14:00:57
@prabhashrivastav4068,If you love sunshant And hate these characters 1 like plz,0,2020-08-16 13:56:16
@venkik5279,Another trailer to cover up the first but people are disliking this also jaane do logo this film is anyway going to be a flop,0,2020-08-16 13:55:40
@preetipachauri9276,"This shows how stupid the public is.justice for SSR is not this.not by doing this.moreover now the truth is in front that He was killed. What do we get by disliking the trailer of other stars nd not watching their movie.even the star kids came up nd gained fame basis their merit nd not coz they r star kids.we have so many examples in front of us.nd had sushant been not given chance,wud we have known about him nd been able to ask justice for him.he definitely was given a chance.baaki politics to sabhi jagah hoti hai.dont we take advantage nd get opportunities if our parents are at good positions.everyone does.whoever disliked are pretending nd just fake people who like shekchillis without using their brains do what others do.",0,2020-08-16 13:55:08
@MamtaSingh-oz4rb,It's tym to say bye bye all nepotism nd jeyadi Bollywood...aur ha Mahesh Bhatt dam h to guru ki jgh molvi molana word use kr qki kalakar ka koi dhram nhi hota to kisi bhi klakar Bollywood gang ko kisi bhi dharam k khilaf zaher uglne ka bhi koi adhikar nhi hota....go to hell,0,2020-08-16 13:53:31
@maanikmgk,Wow 1.9 dislike,0,2020-08-16 13:53:21
@kiju1176,nostalgia with sadak. childhood memory..90s..hum tere bin kahi reha nai pate.,0,2020-08-16 13:52:59
@bhagatsingh8456,-2 1 ...,0,2020-08-16 13:52:49
@akshaythakur7593,Hostar be like Karvali bejtti,0,2020-08-16 13:52:39
@mylife-wf7if,Hat hawa aane di,0,2020-08-16 13:50:46
@shilpeshkumar1,"Very bed film , nobody can show this film",0,2020-08-16 13:45:40
@jishanzenbadboy5266,Miss you SSR,0,2020-08-16 13:42:26
@kuldeepkaurav676,", ,",0,2020-08-16 13:42:09
@jishanzenbadboy5266,Sadak 2b ek flop movie hai,0,2020-08-16 13:41:45
@piyushshailly,Sushant we love you.....,0,2020-08-16 13:37:33
@jishanzenbadboy5266,Sadak 2 trailer dislike please dislike,0,2020-08-16 13:37:04
@Shivanikaria17,"Dear Bollywood mafia, we citizens of India especially youth of India are done with ur hypocrisy. Now when we see u on streets, we are not going to give u importance. We are not interested in ur movies or ur life. Henceforth we would prefer watching or learning new things in life. Sushant's demise has taught us lesson in hard ways but life changed and that too for good.",0,2020-08-16 13:34:39
@devikarani9244,Mahesh Bhat son is involved in terrorism. Case is still in the courts. Whole family is involved in one or the other crime,0,2020-08-16 13:34:35
@upendrareddyammana8072,"Hello disney, don't show sadak in your theatre..",0,2020-08-16 13:32:45
@lelu810,"I'm not giving u view, 2sec in and I'm disliking.",0,2020-08-16 13:21:19
@vimalbareja9182,Shabaash bhai or karo dish like saloki movie nahi dekhenge desh drohi kamine,0,2020-08-16 13:18:51
@dastagirkhan7674,Justice for Sushant,0,2020-08-16 13:13:41
@kshitijkumar184,",",0,2020-08-16 13:09:13
@kshitijkumar184,", ,",0,2020-08-16 13:07:00
@chunnumunnugarments992,Sadak chap bana dange,0,2020-08-16 13:06:44
@remetinamiranda4192,Justice for ssr,0,2020-08-16 13:06:05
@sudhirsathawane9427,Ghanta milega ghatiya production,0,2020-08-16 13:05:31
@kshitijkumar184,", ,",0,2020-08-16 13:04:23
@kshitijkumar184,A big alarm for disney nd hotstar dont release such movies of nepotism nd bollywood mafia ...otherwise u will have to pay for it...we are gonna boycott every movie of nepotism kids nd bollywood mafia....,0,2020-08-16 13:02:58
@giweboiboy1589,Join my giveaways,0,2020-08-16 13:01:38
@kshitijkumar184,Few days are left..bollywood industry will be a history....,0,2020-08-16 13:00:11
@kshitijkumar184,Me toh dhoond kr dislike kiya h.....iski toh har movie ka yahi haal hoga...,0,2020-08-16 12:59:29
@priyankawankhede2888,Boycott,0,2020-08-16 12:58:49
@kshitijkumar184,Dislike from my side....nd a big slap on nepotism...,0,2020-08-16 12:58:10
@sanjayvideoharidaspurvideo2553,Disliked,0,2020-08-16 12:57:23
@abhidas4100,sadak thoo,0,2020-08-16 12:57:03
@santoshkumarsahu2436,We will not allow you to run your anti hindu propogenda through your stupid films. Seems like the film is inspired from a depression theory. It's time for your retirement. Please take some rest and give some good advice to your sishya.,0,2020-08-16 12:53:54
@shilpikarir1594,Your movie will be boycotted,0,2020-08-16 12:51:44
@aartisrinivas470,#Arres Reah,0,2020-08-16 12:49:49
@14shriramdeshmukh9,Alia bhatt tatti he,0,2020-08-16 12:45:22
@neha6000,I uninstalled hot star because of this trailer,1,2020-08-16 12:43:51
@DashCamDiaries24,Hit the dislike button Ye sirf alia ke liye he nahi Salamn khan Alia bhatt Karan johar Sabki lagegi Gaye wo din jab inki movies hit hoti thi Ab inki movies flop aur dislikes ka world record bnaega,0,2020-08-16 12:34:51
@whatsappvideos1946,M C ko stop karo,0,2020-08-16 12:34:16
@AnAdarsh07,Sb madharchod,0,2020-08-16 12:22:57
@preetamsarkar4451,Mahesh bhatt ki mkb,0,2020-08-16 12:18:49
@wahidahamidi8663,We want 10M dislikes for Alia Batt,0,2020-08-16 12:18:46
@wahidahamidi8663,,0,2020-08-16 12:18:25
@saifmirza9052,Faltuu heeh yarrr,0,2020-08-16 12:17:00
@AutomationEngg,Boycott Ballowood Gang....,0,2020-08-16 12:16:36
@roselips1543,", Dislike ? , , ,",0,2020-08-16 12:16:09
@prashantsharma4163,Planning to unsubscribe Hot-star,0,2020-08-16 12:14:11
@charanjeetsidhu6714,disliked,0,2020-08-16 12:13:20
@anjalisaini5078,Bakwas,0,2020-08-16 12:12:50
@trisha.16aug,,0,2020-08-16 12:08:47
@pranabdaimari1078,Boycott Hotstar,0,2020-08-16 12:05:03
@hinduja5555,,0,2020-08-16 12:04:42
@pipladimdung7281,History creat for dislike,0,2020-08-16 11:58:08
@takhiilifithu2924,#BoycottingBollywoodStarKidsMovies#talentless. They have robbed/looted so much money from Indian Citizens. #JusticeForSSR,0,2020-08-16 11:57:23
@abdulsenpaii,Louda movie,0,2020-08-16 11:46:30
@komalbarsaiyan9804,",",0,2020-08-16 11:45:39
@Ramasis1982,BOYCOTT NEPOTISM,0,2020-08-16 11:42:50
@soumenmajumdar4368,Dislikes karo a movie ko my friends,0,2020-08-16 11:41:36
@hemang001,Sadakchhap....,0,2020-08-16 11:40:17
@roniroy8858,Dislike Karo Bhai,0,2020-08-16 11:36:15
@vastudev,This is a Sadak 2 official trailer please dislike,1,2020-08-16 11:35:44
@8drockerz851,hotstar dont release this tatti,1,2020-08-16 11:30:24
@SantoshYadav-cl4el,Nepotism balo sab ko gand faad denge sudhar jao saalo,0,2020-08-16 11:28:25
@rohitpatil357,boycot nepotism #hatealia #ripssr lavdee ko aapni aoukat dikho,0,2020-08-16 11:27:26
@dcdwivedi6813,,0,2020-08-16 11:26:45
@jerryjaguar9293,https://youtu.be/Tsm7356Inlo,0,2020-08-16 11:26:08
@prajapatirajiv3892,,0,2020-08-16 11:21:07
@sheeba923,"Not interested to any bollywood mafia,s movie...Jao aam aadmi jaise kaam kr job kr mehnat karo....tab samajh aayega asli struggle #star ki aulaad star hi bane ye ab hum janta decide krngiiii!!! Jaise tum log chote saher se aaye actor ke sath bhedbhaav krte ho#Ab hum waisa tumhare sath krnge...wait n watch",0,2020-08-16 11:20:52
@itsgurix_x,Report karo bhai log triller ko,0,2020-08-16 11:17:40
@omprakashkushwaha5304,Bhatt or Khan ke sabh movie ko nhi dekhega,0,2020-08-16 11:16:06
@RTR215,,0,2020-08-16 11:10:54
@bhaskardeka3082,Came to dislike.,0,2020-08-16 11:08:10
@nageshkumar4016,Do kaudi ki actress and do kaudi ki movie.... Ghamandi kahi ki.......,0,2020-08-16 11:03:23
@vkyadav4740,Mai sirf dislike karne aaya hu,0,2020-08-16 11:02:07
@reenagupta9404,Ab ye ladayi rukni nahi chahiye ab Bollywood ki sab movies ko or actors ko sadak par Lana hai,0,2020-08-16 11:02:01
@vimalkumartania155,Trailer me koi problem nahi hai.. problem hai.. logo ko alia bhatt se or uske baap mahesh bhatt se... Jo Sushant Singh Rajput ki maut k leye suspect Hai.. es leye itne dislike hai trailer pr... Nahi to humare desh ki janta tatti movie ko bhi pasand krti hai.... Agar Sushant ka maurder case na hota.. to yahi dislikes.. likes me converted hote...,0,2020-08-16 11:00:08
@neeraj___yadav002,Dislike thoko re ye actor hame pasand nhi Jo talent na pahachane,0,2020-08-16 10:57:10
@Honey_2404,", , ,",0,2020-08-16 10:56:00
@ItzSURAJYADAV,Dislike it's world records....,2,2020-08-16 10:54:56
@Honey_2404,,0,2020-08-16 10:54:37
@yoga412,dislike karo,0,2020-08-16 10:53:50
@yoga412,biycout karo film ko,0,2020-08-16 10:53:39
@ArunKumar-kc6pz,Lol,0,2020-08-16 10:50:08
@bidhanbiswas9958,Searching for dislike,0,2020-08-16 10:45:13
@akp9976,Need justice for sushanth. Uninstall hot star app bcoz of the bhatt bad family,0,2020-08-16 10:40:02
@anushikathisside2788,I hate alia,0,2020-08-16 10:36:05
@aniketkumar2108,Jv tk SSR ki murder mystery clear nahi hoti tv tk no movie ..... #boycott_bollywood #CBI_for_SSR,0,2020-08-16 10:34:00
@ravimishra9248,Boycott,0,2020-08-16 10:33:52
@shashwatmishra14,Sadak 2 trailer becomes most viewed Indian trailer in 96 hours,0,2020-08-16 10:31:24
@riataxconsultancy1254,Trailer is very boring,0,2020-08-16 10:31:01
@miradas4310,Mahesh budha ka pikcer nehi chalegi,0,2020-08-16 10:30:04
@ishwarbamniya2949,To kese ap log,0,2020-08-16 10:29:24
@VijayKumar-di8cr,Miss you SSR. CBI for SSR.,0,2020-08-16 10:28:00
@chandankumarkushwaha7278,Please don't upload the trailor likes next time,0,2020-08-16 10:27:52
@rameshpali9584,Everyone say with me We want S. S. S (Sushant Singh Rajput) back,0,2020-08-16 10:21:15
@Lifewithsudeshrani,Chutiya movies,0,2020-08-16 10:17:34
@ravivaishnav4466,,0,2020-08-16 10:13:46
@Nehakumari-qu6cb,Disgusting bakwas trailer,0,2020-08-16 10:09:30
@ranvijay1245,", ...",0,2020-08-16 09:59:25
@nieshsharma1995,Jab bhi bhat ki movie ayegi dislikes hoga,0,2020-08-16 09:58:10
@kiranjadhav9999,#Aliya bhat ki wajese #Sanju baba ka movie ki trailer bhi ny dekhne man karra #Disnyhotstar movie kya ________ dekenge! bilkul ny #justiceforsushant,0,2020-08-16 09:56:31
@Drushtikon360,Paused in 1 sec. Disliked. #BoycottBollywood #JusticeForSushant,0,2020-08-16 09:55:13
@Entertainment-pz5um,dislike,0,2020-08-16 09:53:00
@ashutoshdwivedi4798,"Mish u shushant Singh rajpoot ,dishlike this movie sadak2",0,2020-08-16 09:53:00
@Movieseries4you,,0,2020-08-16 09:52:33
@shilpaG18,Satya ki jeet hogi..,0,2020-08-16 09:50:01
@neerajfunclub5413,Dikha do in doglo ki aukat ki hum kya hamare paise se palne wale log humare khilaf bolte hai sushant ka murder kiya in sabne,0,2020-08-16 09:49:08
@madhudamodaran6826,The end of the SADAK,0,2020-08-16 09:41:53
@experimentalkudi1729,Ab humari baari hai tum jaise fake ke wajah humne apna SSR ko khoya hai now ab humari baari hai,0,2020-08-16 09:37:50
@chandraroy2481,Boycott,0,2020-08-16 09:32:58
@ashvinraval3481,,0,2020-08-16 09:30:41
@vishnusundesha3967,Worst trailer,0,2020-08-16 09:28:39
@hancyfeat910,bhosdiwala,0,2020-08-16 09:26:34
@DayDreamersFlyhigh,Boycott this film....worst fim ever...we dont need this...director...,0,2020-08-16 09:23:53
@djyogeshraj7063,Are kahan kahan se late ho aise koode ko or sath me aatankvadiyon ko,0,2020-08-16 09:23:45
@voiceamitkhanna6226,boycott,0,2020-08-16 09:23:23
@rakeshpal276,Boycott Bollywood,0,2020-08-16 09:17:31
@Amitgupta-mc8ql,"A kya faltugiri bavasir mat bnaao dimag hotstar valo , ias vias bano pr nahi nepotism ko hi promote karna hai ,,,,,hotstar valo tum bhi chhhate ho kya google playstore me tumhari rating gir jay to bta do",0,2020-08-16 09:16:29
@priyakharat8058,I also come here only to dislike this,0,2020-08-16 09:16:17
@Musicalravii_2001,Mahesh Bhatt aur Alia Bhatt k muh me kitne Laude? 1 Like= 100 Laude,0,2020-08-16 09:15:40
@AnandKumar-mr6ud,Only dislike,0,2020-08-16 09:13:38
@urvijoshiin,"I haven't even watched the trailer. Just searched it stopped it and disliked it. If there was a tab for hate, I would have selected it ##justiceforSushant #cbiforsushant",0,2020-08-16 09:11:20
@queenjuhi9235,Dislike karne ke liye search kiye h ye movie ko ...hihihihi,0,2020-08-16 09:06:53
@SignatureByPratyushKunvarDas,Sushant singh rajput amar rahe,0,2020-08-16 09:03:48
@bipinsethy1607,Salman ki movie kab ayegi yar. Mujhe dislike karna he,0,2020-08-16 09:03:05
@vipulsrivastavaxbm1003,Who love shushant singh rajpoot Like Dislike,0,2020-08-16 09:02:13
@SuraJGupta-hj1mt,"why we can't blame those star kids.If you look filmfare awards best actress winner from past year you will see only nepokid like alia bhatt ,ananya pandey getting best actress award.Even they bought biggest award also with money.They hab nothing left for talented actress except bully and insult",1,2020-08-16 09:01:03
@SuraJGupta-hj1mt,So to receive a bollywood filmfare award show like alia here is the process 1)Be a starkid 2)Get launched by Karan Johar 3)Be the only one to attend the show 4)If point 3 is not possible buy the award,2,2020-08-16 09:00:36
@jaydeepchavda2607,Apart from a nepotism product. This ishq kamal song is copied from a song called rabba ho by zahid khan composed by JO-G which was released in 2011. Do check out that song on their official YouTube channels of zahid khan & JO-G and decide by yourself. Bollywood should stop this plagiarism nonsense. Pathetic from a musician perspective!,4,2020-08-16 08:56:48
@manishdubey1422,I disliked this video for SSR.,0,2020-08-16 08:54:45
@laxmansrathore,Alia se achi crore actors india me hai Na sssssakl Na acccccting Phir bhi villain papaki her0000000ine #justice for ssr,0,2020-08-16 08:53:34
@owaisgull2270,Miss u SSR,0,2020-08-16 08:53:16
@meenusaxena841,,0,2020-08-16 08:51:48
@surajsinhparmar7521,#Boycottsadak2,0,2020-08-16 08:51:29
@Worldseries121,Bakwas trailer,0,2020-08-16 08:49:00
@mohansoni1573,I hate this movie,0,2020-08-16 08:44:53
@mohansoni1573,I hate this movie,0,2020-08-16 08:44:48
@mohansoni1573,I hate this movie,0,2020-08-16 08:44:42
@rajeevbansal604,Bakwas,0,2020-08-16 08:42:43
@sandeepshakya6567,Ab ye sadak hi banane ke kaabil rahenge,0,2020-08-16 08:42:28
@premyash6539,"I think I just realized is that if you watch #sadak2trailer with the mind I fluenced by nepotism debates, Sushant's case, Mahesh butt etc, you'll find it bad, but trust me,if you keep all these aside and watch the trailer as a cinema lover with a fresh mind, you'll find it even wrost.",0,2020-08-16 08:35:01
@MohitKumar-hj8uy,Not only dislike this video but also report so that it can be removed from here .,0,2020-08-16 08:33:43
@adarshmishra2693,Sanjay dutt. Dada Aap ko ye movie me shooting nhi karni chahiye thi,0,2020-08-16 08:26:53
@Dibyajit1998,Guys Let's Make this Movie a Blockbuster Flop. This is New India..# JAI HIND,0,2020-08-16 08:26:36
@maheshshrestha6191,IIS SADAK 2 ME GADDE JYADA HAI GIR JAOGE.....,0,2020-08-16 08:22:49
@pompiborah9502,We missed u SSR M here tu dislike only,0,2020-08-16 08:19:39
@supriobiswas9082,Disliked it....,0,2020-08-16 08:19:33
@shashank_kumar2257,If you hate the trailer Give a like here,0,2020-08-16 08:19:22
@Bgmi.lover-only,Mahesh bhat romantic buddhe swag se dislike,0,2020-08-16 08:16:57
@Brijeshsingh-x91,Love Sanju and dislike only for Alia butt,0,2020-08-16 08:15:50
@Abubakar_kanth,"i like this trailer just for sanju Baba , other wise no clue to even see what its all about",0,2020-08-16 08:14:21
@SandeepSingh-xg1gt,Will not watch movies of nepotism,0,2020-08-16 08:13:39
@deborshikar6881,Boycott this movie strongly,0,2020-08-16 08:10:46
@Bgmi.lover-only,Bhai yar is movie ki trailer acchi thi magar mene movie me alia bhat ko dekh kar dislike mar diya kya mene galat kya galat lage to galiya do sahi lage to ek like karo,0,2020-08-16 08:10:12
@manpreetbajwa8708,Bakws,0,2020-08-16 08:08:02
@karanbedi6193,Just come again and again to see how much dislike increase keep dislike and keep it 50 m,0,2020-08-16 08:07:51
@Fzone-x5e,Dislike all the films of nepotisms and don't watch there films Justice for SSR,0,2020-08-16 08:06:11
@Move_It6,Which film is not liked like this,1,2020-08-16 08:04:52
@choudharyparmod71,KUTTON KI MOVIE HAI,0,2020-08-16 08:04:36
@SUNILSINGH-bp5mq,Boycott Bollywood,0,2020-08-16 08:02:44
@bhartipatangia4763,Did not like it.,0,2020-08-16 07:56:24
@lovelife-wn9ub,Sorry sanju baba,0,2020-08-16 07:55:58
@Rakeshdas-fw4uz,just come here to dislike after watching this trailer in fox star hindi..... worst story worst acting by all 0/5 star,0,2020-08-16 07:53:39
@imrandar697,All the chambers collapses for you losers,0,2020-08-16 07:53:04
@inkujain7355,Ban sadak 2,0,2020-08-16 07:48:08
@spandit6496,Abhi sadak mai ho bad mai sadak pai aa jaoge,0,2020-08-16 07:46:58
@RajinderKaur-yg9oo,Oh my sexy bhatt,0,2020-08-16 07:45:26
@sachinumate5043,,0,2020-08-16 07:41:58
@subasinee1,Mahesh bhatt production ko ban kar do.,0,2020-08-16 07:40:13
@mohd.ibraheemkhan3020,Sadak 2 is most dislike video ever till that,0,2020-08-16 07:39:12
@vinithag1516,Dont give views also,0,2020-08-16 07:24:37
@Jagdish-D-Rajput,#i miss SSR,0,2020-08-16 07:22:49
@ravishankarkumarsingh6785,Dislike .bakwas trailer,0,2020-08-16 07:19:58
@Jagdish-D-Rajput,#SSR SUPPORT &. BKVAS SADK2,0,2020-08-16 07:18:13
@ankitkumarsingh8137,Dislike this trailer & also uninstall hotstar,0,2020-08-16 07:16:38
@RajarDeshe,#LOL,0,2020-08-16 07:13:14
@skazizul4765,"If Disney hotstar,host this movie thn i will be deactivated my hotstar account & also uninstall",2,2020-08-16 07:09:28
@mahaveerprasadtawaniya6399,Nepotism murdabad.... Sushant ko insaf do,0,2020-08-16 07:07:35
@ginnishor5934,Maaro dislikes bc,0,2020-08-16 07:02:38
@rakeshsingh5119,Boycott,0,2020-08-16 07:02:13
@kritikhantwal3823,Ssr sir we all miss u,0,2020-08-16 07:00:09
@rv-starclub9915,Sabse dhatiya bekar movie,0,2020-08-16 06:59:40
@MithileshYadav-ub4he,Kahi v upolload kar lo lekin dislike toh honge h kalia,0,2020-08-16 06:58:59
@rajeshshah1809,Boycott,0,2020-08-16 06:58:40
@ShivamSingh-jw2en,Wtf.........,0,2020-08-16 06:58:16
@sureshpuri3407,Boycott,0,2020-08-16 06:57:47
@rajeshgujjar9992,10de ki movie sanju bhai kyu kyu aaye is movie main,0,2020-08-16 06:54:19
@rahulpatil17,Sare ke Sare dislike karane ke liye dekh rahe hai. Stop watching for dislike. Dislike without watching,0,2020-08-16 06:51:42
@navyabidawat9899,Same concept from last many years.. Bkwas mcha rkhi h,0,2020-08-16 06:51:16
@jagadishsandipogula9193,Worst trailer,0,2020-08-16 06:49:00
@MrAshishmisal,Dislike,0,2020-08-16 06:48:42
@amis3323,Uninstall Disney hotstar,0,2020-08-16 06:46:48
@arunvinaikar4197,"Produced by anti Indian and anti Hindu person, no patriotic person should see this movie.",0,2020-08-16 06:46:43
@abhayshahi1733,Bad attitude having bad result/responce,1,2020-08-16 06:44:15
@rajnishtiwari7109,Dislike this film boycott Mahesh Bhatt,0,2020-08-16 06:43:32
@Tushar-qv9zd,Ye film bechary Aditya ka carrer Khatam kar degi... Aliya ka to bana he nahi..... Worst trailer,0,2020-08-16 06:40:26
@thesecretmeditiation1485,alliya ki chut trailer he jesha gana he wah wah,0,2020-08-16 06:39:31
@utsavpatel4988,Banned this movie,0,2020-08-16 06:37:02
@shumenedits3360,If this movie release on hotstar ...we boycoat hotstar......who with me .like please,0,2020-08-16 06:32:25
@jojigranni,Worst movie,0,2020-08-16 06:31:57
@sameerpal5686,"I believe in every religion.....we should respect everyone's believes......in this trailer why the word ""guru"" is used......in guruon ki wajah se Mene Kisi apne ko khoya hai...... replace this word with moulvi.....why r u pointing out at a particular religion......may this film became the flopest film of Bollywood...and no one will work with star kids.......real talent get the chance",52,2020-08-16 06:28:20
@ambarishroul7278,Yeh to tati hai,0,2020-08-16 06:25:54
@nikhilyadav1689,Everyone plz report this trailer Lets make justice for sushant,0,2020-08-16 06:20:21
@PremKumar-zu9pb,,0,2020-08-16 06:13:31
@deepakbhardwaj8997,So much bakwaas.....,0,2020-08-16 06:12:58
@phantomdevil8096,"Justice for SSR Fuck Bollywood Fuck Nepotism Sry Sanjay and Aditya. Jb tk SSR ko justice nhi milti, tb tk koi picture nhi chlegi",0,2020-08-16 06:11:31
@comedymania5483,Boycott,0,2020-08-16 06:09:37
@Ramprit_sah,Dislike,0,2020-08-16 06:08:34
@90skidiary,Binod,0,2020-08-16 06:08:13
@urx_anshuu1,Jab sab log video unlike hi Kar rahe hai to ek kaam karo mera channel subscribe kardo or is video Ko to AAP unlike Kar hi rahe ho to meri videos like bhi kardo please Baaki Tumhari Marzi Love You Shushant Miss You Shushant,1,2020-08-16 06:05:04
@SandeepSharma-yk6se,Bad movie,0,2020-08-16 06:03:13
@anilkumaranand3474,,0,2020-08-16 05:57:33
@vikashkumar-vd9ku,Hiro ka bata hero... Baki mrawa dali . Ga ..kooi bihari nahi dekha ga ... garib ko mar dala Nich ne,0,2020-08-16 05:56:58
@rmehra1053,And I am not going to use any product of this movie sponsor.,0,2020-08-16 05:56:24
@rmehra1053,And I am not going to use any product of this movie sponsor.,0,2020-08-16 05:56:17
@rmehra1053,Next year I not going to renew my subscription. Because of all dislike this trailer. Why are you give this movie space in your platform. Because of money. not see ya in future. As result of your or my decision.,0,2020-08-16 05:53:43
@palshab10798,Hotstar uninstall kro,0,2020-08-16 05:52:53
@deepakchaturvedi9887,liker ki ma ka bhosada,0,2020-08-16 05:51:48
@beingsayedzohairshafi,Justice still pending,0,2020-08-16 05:48:21
@sachinnaik4865,Iss se accha mein Tom and jerry dekhna pasand karunga .... Booo Hotstar,0,2020-08-16 05:48:14
@Priyaakhil,Jhandu movie,0,2020-08-16 05:46:02
@omprakashkumar8652,I am just here to dislike this trailer,0,2020-08-16 05:45:24
@debsssbun2763,From indonesian dislike,0,2020-08-16 05:44:34
@iknowashad,Watch sadak 2 memes ft. Jagdeesh bhagat https://youtu.be/xr_Mc_MR5iY,0,2020-08-16 05:44:26
@akfiregaming9928,Yug hufh,0,2020-08-16 05:43:34
@avinash9002,Give 1 rating to disney+hotstar on Google Play Store.,1,2020-08-16 05:41:14
@sejaladhikari8380,I am disliking,1,2020-08-16 05:40:24
@kundanshortsvedioupdate,Dislike kro,0,2020-08-16 05:35:24
@DeepakMishra-jf9js,Boycott mullo ki movie,0,2020-08-16 05:31:50
@Utkarshsrivastava9494,Waah waah Kya kachra banaya hai,0,2020-08-16 05:28:22
@r.s1937,byct aliya movie,0,2020-08-16 05:28:09
@priyanshumishraishere2627,Apko Kya lagata hai Mahesh Bhatt ko kitne chhappal padna chaiya 1 like = 1000 chhappal,1,2020-08-16 05:28:05
@arunmohare23,Bycot deshdrohi,0,2020-08-16 05:23:24
@cartoonkiduniya2852,Please like only for sanjay datt sir,1,2020-08-16 05:23:00
@karthiknani5867,Who searched the trailer for dislike. We miss u Sushant.,436,2020-08-16 05:22:44
@iamsavan08,Boycott kar Lo Dislike Kar Lo SSR Shayad Wapas Aa Jaye... Aur Agar SSR Jinda Hota To Inka Alag hi Iman Hota.... SSR ki Death khud SSR ki Wajah Se Aur SSR ki Family ki Wajah Se Hui Hai.... Kar Lo Boycott waise Bhi subscription free nahi Hota Aur SSR Mara nahi Hota To Dil Bechara Flop Hoti... Honestly Puch Lo Apne Aap Se.. Aur Yahi dislike karne Wale copy Movie bolke Troll Karte.... In Trollers aur Gaali Dene Walon Ka koi Iman Nahi Hota Bs Apna time Paas Karna Hai Aur Hagna Hai Charo Taraf... All the best for Movie to Whole #Sadak2 Team,0,2020-08-16 05:22:33
@KunalKumar-cn1st,Alia Bhatt ko boycott karo ye kisi v angel heroine banane like nhi ha r isko film v milti ua toh phle isko raat gujarni prti ha tb ja kr film deta ha,0,2020-08-16 05:21:46
@aradhyagarhewal2784,Like karne wale Bollywood ke ghatiya log hai,0,2020-08-16 05:19:50
@lemita542,"Kitne bhi trailer daal lo,dislike hi milenge",0,2020-08-16 05:18:25
@ankitbuddh6813,Boycott for all yash raj movies.sale ko sach me sadak pe layenge.,0,2020-08-16 05:17:55
@atulkumar5699,Jha jha alia bhatt rhe gi wha wha dislike ka karobar chalta rhe ga Justice for SSR,1,2020-08-16 05:17:34
@priyabratachandan5972,Views badh rahe Hain no doubt but pata chalne do ki public Kya hai,0,2020-08-16 05:15:16
@rohit-pn8hs,Hotstar ko BHI boycott krna h,0,2020-08-16 05:12:06
@alwinm5179,Hit,0,2020-08-16 05:10:44
@vikasgupta40able,Sadak pr to aana hai,0,2020-08-16 05:10:19
@NarendraSingh-gs3tq,,0,2020-08-16 05:09:36
@arvindgupta1661,Who is here for dislike ?,1,2020-08-16 05:09:19
@Coolynep,I am here to see dislikes,0,2020-08-16 05:09:05
@NarendraSingh-gs3tq,,0,2020-08-16 05:08:38
@shivendrapatel1790,Baycott,0,2020-08-16 05:07:42
@rahulchhimwal8652,,0,2020-08-16 05:06:30
@darkgaming-hh6fs,Tmhri asi tesi,0,2020-08-16 05:05:20
@ramrajrabari6308,,0,2020-08-16 05:01:51
@saklain8469,Aliya Bhatt ko koi acting sikha do yar usko bhik magne kam ayegi,0,2020-08-16 05:01:09
@Netflix_Series_daily,Dislike ke sath report bhi karo,0,2020-08-16 04:55:22
@punilroy7625,Bhat company nehi chalega indian mah,0,2020-08-16 04:54:09
@wbpsi2955,Salman khan ko vi dislike chahiye..,1,2020-08-16 04:49:43
@Prince-khj5,Dislike dislike dislike karo saab. Iss chutiya ka movie kaun dekhega.,0,2020-08-16 04:48:19
@munchingmochi3187,Accha aur ek video sadak2 trailer pe dislike ke liyw,1,2020-08-16 04:45:25
@jojikhan2422,Love u baba,0,2020-08-16 04:43:46
@sinjonbarik,Original trailer 10 million,0,2020-08-16 04:41:48
@SudhirRai2233,. .,0,2020-08-16 04:41:31
@rinakarina3801,Are you guys all dumb or what. Youtube don't count your dislikes. Youtube counts only your views. Look how many views up there,0,2020-08-16 04:41:13
@sabitasen8278,https://youtu.be/n30J-f-cuCk,0,2020-08-16 04:40:08
@missdey998,#JucticeforSSR,1,2020-08-16 04:37:26
@dafdaravi5009,Yha bhi dislike ki barish maza agai,1,2020-08-16 04:34:56
@shivammungra8230,Binod,0,2020-08-16 04:30:54
@soundopretor7726,Very Bad,0,2020-08-16 04:26:56
@dharmeshstudyzone,sahi kaha bhai aapne ab talent ke dam par hi sab ko kamm milega mera bhi art ka channel hai kya aap support karoge #dharmeshbramhearts,0,2020-08-16 04:26:05
@crazyinfopedia676,Huge floppp,0,2020-08-16 04:25:38
@ajayrajwadey7496,Bycot nepotism gang,0,2020-08-16 04:23:42
@cgshashank,###boycott bollywood,0,2020-08-16 04:23:20
@karansatpute370,My dislike for whole bhatt family,0,2020-08-16 04:18:11
@soumyaranjanrout5756,Are bhai dislike karne jaisa to kuchh hai hi nahin. Pata nahin log kyun dislike kar rahe hein.,1,2020-08-16 04:14:15
@bharatjadeja6134,Dislike I hate,0,2020-08-16 04:09:06
@imkushagratomar,yaha b 10 million krdo fatft,0,2020-08-16 04:08:31
@anitapurnamasari3496,Target Dislike 100jt,0,2020-08-16 04:07:12
@ringdaiyuhlungchothe8642,Anyone coming here to see dislike and view comments?,0,2020-08-16 04:06:10
@anilchaudhary5154,Un sabko ko dil se dhanyabad jinhone unlike batan dabaya full boycott,0,2020-08-16 04:05:45
@amyamy1377,Wow,0,2020-08-16 04:00:57
@omkarkadam6345,Sanju bevada sala nashedi nubde Bollywood,0,2020-08-16 04:00:22
@SuperVerseClipsX,Bakwaas movie lag rahi hai,0,2020-08-16 03:57:27
@the_dented_NPC,"The people liking this video are Shraddha Kapoor, Varun Dhawan, Ananya Pandey, Tiger Shroff, Abhishek Bachchan, Bobby Deol the biggest struggler in world",0,2020-08-16 03:56:19
@the_dented_NPC,"The people liking this video are Shraddha Kapoor, Varun Dhawan, Ananya Pandey, Tiger Shroff, Abhishek Bachchan, Bobby Deol the biggest struggler in world.",8,2020-08-16 03:56:04
@ashishsinha9612,Never watch this movie,0,2020-08-16 03:53:42
@ashwinyadav856,,0,2020-08-16 03:53:15
@himanshusrivastava3805,Ab se nepotism walo ki koi movie nahi dekhni.. aur dislike button karna hai,0,2020-08-16 03:49:40
@Hoshtalk_Motivational,#Uninstall_Disney+ Hotstar,0,2020-08-16 03:47:28
@trades4pro,https://youtu.be/nnIRpERojmw,0,2020-08-16 03:46:58
@muhammedmusthafa7714,Blaaah blaaah blaaaaaaaaah,0,2020-08-16 03:46:50
@nisarwrites,50 Million Views Still Trending Thanku Public,0,2020-08-16 03:42:32
@sk-vc6bj,Boycott this movie,0,2020-08-16 03:39:32
@HBScence5143,Dislike,0,2020-08-16 03:32:48
@biharinews2629,#binod is better than sadak2 Who is in my favour like,0,2020-08-16 03:32:01
@biharinews2629,#binod is better than sadak2 Who is in my favour like,0,2020-08-16 03:31:55
@biharinews2629,#binod is better than sadak2 Who is in my favour like,0,2020-08-16 03:31:48
@bestpriceretailmart5251,Koi b view na de view maine rakhta so plzz ...koi b view na de,0,2020-08-16 03:31:47
@biharinews2629,#binod is better than sadak2 Who is in my favour like,0,2020-08-16 03:31:35
@SunnySharma-ep1bn,Mra dislike alia k liya hai ... Baap sach me vhi h ya ...,0,2020-08-16 03:29:20
@gautamkumarjha9614,Chutiya sadak 2,0,2020-08-16 03:29:06
@subashg4346,,0,2020-08-16 03:28:41
@parthalayek5354,"We, the people of India destroy these murderers",0,2020-08-16 03:27:56
@attitudeviper3279,Who are here to see the dislikes ande give dislike. God bless you guys for much more dislikes . Very excited for 2M dislikes,6,2020-08-16 03:25:47
@uttambhuyan9586,#Justice for ssr,0,2020-08-16 03:25:40
@sristigoswami9788,I don't like,0,2020-08-16 03:16:06
@neerajchouhan3905,Public se panga nhi hum todege ghamand bhi or dislikes record bhi,0,2020-08-16 03:11:52
@ashwanimandavi6268,Love you shushant,0,2020-08-16 03:10:12
@santoshsharma-ek2cf,Bycut,0,2020-08-16 03:09:09
@kkr8509,Need justice for ssr boycotted bhata movie,0,2020-08-16 03:08:32
@lalitkumardas2779,"Dekhle bhatt films ye he revenge 1.3 dislikes kesa laga re.. Aur ""dil bechara "" highest liked video... Bhatt tu toh gya beta tera ek v film nehi chalega abhi se",0,2020-08-16 03:08:31
@MaheshParekhh,how many people want it to be the most disliked film in the bollywood industry?,54,2020-08-16 03:06:38
@barbiesworldtoy8494,"Guys, let's boycott bollywood and not step into a theatre until the criminals are caught and hanged.",0,2020-08-16 03:05:05
@sushantkumar5650,After making sadak 3 movie mahesh bhatt comes on road # sadak 2 se sadak pr rhne ka safar,0,2020-08-16 02:54:19
@sushantkumar5650,We can't forgot you sushant sir . boycott napotism movies,1,2020-08-16 02:52:26
@pythontute2124,Budde sanjay dutt Zindagi main ek acha kaam kar jaata.,0,2020-08-16 02:38:22
@manisha_bhowmick05,This is not a movie #JusticeforSSR,0,2020-08-16 02:36:58
@morningwalker2239,Kon kon dislike dekhne ko aa rahe housubscribe karo plzzzzz agar tum alia kou hate karte hou,0,2020-08-16 02:34:22
@abhishekranpise8332,,0,2020-08-16 02:29:59
@riturajkumar8468,Dusron ka bura Karoge To Bura hi hoga 1 dislike to banta hai,0,2020-08-16 02:29:02
@bhupendrabrahmane3781,Hotstar please stop showing this types of films,1,2020-08-16 02:28:07
@safaparvin,Boycott Sadak 2.,0,2020-08-16 02:27:45
@UmeshYadavVlogss,Ye to tatti h,0,2020-08-16 02:25:38
@karishmamittal5469,,0,2020-08-16 02:16:13
@Neo-oq6jk,,0,2020-08-16 02:15:31
@akverma722,Boycott Sadak 2,1,2020-08-16 02:12:38
@techpoint7537,Justice for SSR,0,2020-08-16 02:11:12
@kishoreduseja3272,Boycott,0,2020-08-16 02:07:32
@mrabhinavstar5696,dislike justice for Sushant,0,2020-08-16 02:06:51
@lhamtashi7203,Do not watch this movie in the support of our (gem Sushant sir) #boycott #justiceforsushant,0,2020-08-16 02:05:21
@anshikarajput5885,Movie mt dekhna inki,0,2020-08-16 02:04:05
@crazyone7534,Don't watch this film plzzzzz,0,2020-08-16 02:01:13
@mrabhinavstar5696,,0,2020-08-16 02:01:08
@shankarkumar-ng9vy,Kon kon is video ko bar bar dislike check kr rha h,0,2020-08-16 01:55:34
@chandankumarthakur7429,I SSR I miss you Justice for Sushant #Uninstall_Disnep+hotstar,0,2020-08-16 01:53:39
@sumitsingh7357,Ak dummm tattyti h,0,2020-08-16 01:45:06
@kunalshrivast,What would be next career options for bhatt family ?,0,2020-08-16 01:40:45
@bigbossbigfann,Boycott first three movies of big producers and stars . Make them loose money so their ego breaks and understand loss of someone,0,2020-08-16 01:38:32
@Rajeshk27,02:34 sanju,0,2020-08-16 01:38:00
@sahilsahu2847,Sarm bi nahi aati aisi movie banateho,1,2020-08-16 01:32:46
@sahilsahu2847,"aisi movie, ko, to, bain, kar dena chahiaa",1,2020-08-16 01:30:37
@sahilsahu2847,A,1,2020-08-16 01:28:38
@ssassa1670,Will not be watching this Bhatt flick or any other. EVER.,0,2020-08-16 01:23:41
@Maxxkk56,,0,2020-08-16 01:19:38
@jayendrasinhchauhan4659,Boycott Bollywood movie,0,2020-08-16 01:16:03
@milindzambauliker,Sadak thuuuuuuuuuuuuuuuuuuuuuuuuuuuu,0,2020-08-16 01:07:20
@samapika11,ISKO BHI 10m dislike karo sab.,0,2020-08-16 00:53:11
@anilreddy1927,Hotstar vip App uninstalled,1,2020-08-16 00:40:05
@devkantroy123,,0,2020-08-16 00:31:26
@NavinKumar-dc5dm,Thu mahesh bhutt,0,2020-08-16 00:27:23
@SACHINKUMAR-iq2gi,Worst trailer,0,2020-08-16 00:12:37
@RajeshKumarSharma-01,Please Dislike the trailer of Sadak 2 To teach the lesson against nepotism,0,2020-08-15 23:59:33
@shivagarwal6487,,0,2020-08-15 23:10:18
@nilamjoshi6045,Ssr is best,0,2020-08-15 23:08:02
@NiteshYadav-xc3ck,Dish like kro,0,2020-08-15 22:52:14
@VivekSingh-oo3cw,This is a super flop,0,2020-08-15 22:49:41
@sumitchauhan4056,"#Boycott @Bollywood.. Sadak pr aayenge ab ye sb. Alia palia, Mukesh Tattu, sallu lallu, Sonam Tapori, Sooar Pancholi tum sabko sadak hum dikhayenge.. . Koi kutta bhi na dekhega ye ghatia movie... #CBIforSSR",0,2020-08-15 22:47:52
@lankeshiwanninayake5366,"I'm a Sri lankan, I know the whole story about SSR, And I'm so damn proud to say that I disliked this trailer within few seconds",48,2020-08-15 22:30:51
@sneharajpal5929,#globalprayersfor SSR #CBI4SSR #WARRIORS4SSR,0,2020-08-15 22:10:49
@kalpitthakar,Doomsday for all this idiots,0,2020-08-15 22:06:14
@santoshmehta2457,Disliked this movie,0,2020-08-15 21:54:02
@rahulchouhan5795,https://youtu.be/AXXTGxnrapw This dog deserve more likes and watches then this trailer,0,2020-08-15 21:41:38
@priyamkashyap3154,I miss you sushant singh ye movi sadk 2 mhesba ka hum nahi dekhenge aur public se anurodh hai ki nahi dekhe Baki aapki eccha,0,2020-08-15 21:38:20
@Edits-s6,Plz everybody Dislike and boycott this Nepotism movie,0,2020-08-15 21:31:33
@Acharya.Prasann,@ Biggest @ Movie .. I personally @,0,2020-08-15 21:23:03
@Goan_Heritage,#JusticeforSSR,0,2020-08-15 21:20:39
@drkp7084,I am report this video. Who report this video like my comment.,1,2020-08-15 21:04:52
@soumidaw4962,Boycott Sadak 2,0,2020-08-15 21:02:14
@bhaveshpatel3312,Jaisi karni waisi bharni Let teach them who think they have owned this bollywood industry ..... let pray movie won't get release on hotstar.. Saw the trailer just because of Sanjay sir .. Get well soon sanjay sir #Justice for SSR,0,2020-08-15 21:00:31
@dhaval5958,,0,2020-08-15 20:52:16
@ZakirHussain-nk6hf,Hum maaf karne walon me se nahi hain ..keh kar lenge sabki ..,0,2020-08-15 20:43:52
@baljitosan9939,Flop flim,0,2020-08-15 20:37:28
@SheebaKhan-tc4ct,I don't care about the movie ....juzzz the dislike,0,2020-08-15 20:36:46
@Ranjitnagda15,(Dislike),15,2020-08-15 20:35:31
@Ranjitnagda15,,1,2020-08-15 20:34:01
@Ranjitnagda15,dislike,1,2020-08-15 20:33:33
@anshamanhas8218,Like mat karo samaj Mai nahi aata hai kya,0,2020-08-15 20:29:50
@angryyoungboy1842,m cho dbhatt ki beti ki film flop hogi,0,2020-08-15 20:29:15
@angryyoungboy1842,Sanjay Dutt hospital drama is linked to it,0,2020-08-15 20:27:37
@MISHRAJI123-3KM,,0,2020-08-15 20:23:03
@mynameis12,Binod also clicked dislike,0,2020-08-15 20:16:54
@SwagHaryanavs,My girlfriend like this trailer but now she js my ex girlfriend,13,2020-08-15 20:10:47
@Chiklipickli,Aak thoo,0,2020-08-15 20:10:11
@vividhabyneha1025,"This is all for sushant nd to let you know industry , wht the common people can do. You become Star by just our penny we spend for our entertainment. Dislike even watching this crap",0,2020-08-15 20:07:26
@AshokKumar-po8mw,,0,2020-08-15 20:07:01
@AshokKumar-po8mw,Very disappointed,0,2020-08-15 20:06:52
@AshokKumar-po8mw,Kharab,0,2020-08-15 20:06:40
@AshokKumar-po8mw,Bakwass,0,2020-08-15 20:06:33
@AbhishekKumar-iv9mq,"Jisne bhi SSR ke liye CBI ki mang na kiya, us star ke film ka aur brand ka hamesha ke liye Boycott karo .... Chahe wo khan's ho, Akshay ho,ajay ho,ritik ho, amitabh ho, chahe koi bhi ho....",0,2020-08-15 20:05:36
@relaxingvideos5915,Jo shushant ke hatyare h hm un abhi ki movie ko boycott karenge.agr shushant ke liye pure bollywood se ldna pde to hm..kon kon mere sad h...,1,2020-08-15 20:02:22
@RaviKumar-or9ho,Boycott Butt & his associates.. #CBI for SSR May his soul rest in peace,0,2020-08-15 19:56:59
@jomonanupriya673,Slapped on batt face by press button,0,2020-08-15 19:54:43
@ramenpandey1620,Ab tumhara koi picture dekhne wala nahi hai mahes bhatt,0,2020-08-15 19:54:41
@nothingbutthetruth6833,"Heard that this is Terrorist Sanjay Dutts last movie, still he failed to acquire acting skills. Pooja butt shows more expression in her portrait than she has ever showed while playing a role. No expectations about Alia Butt considering that she doesn't have brains to figure out what acting means",0,2020-08-15 19:47:17
@surojitmaity5774,Ab teri kya hogi ALIYA..?,0,2020-08-15 19:40:34
@Vavx7,Kon kon dislike dekhne Aya ??,1,2020-08-15 19:40:08
@katgefuzail5806,Dislike karo harami log ko sale log #justiceforsushant,0,2020-08-15 19:38:27
@orion0707,Malayali,0,2020-08-15 19:36:06
@P24400,After some days Bollywood will make their place in the pages of History. Mumbai has no film maker industry . It is producing mafia raj and making disorder of our culture. Boycott all the movies of mumbai gundas. Justice for SSR,22,2020-08-15 19:35:51
@chanchubaghel1717,Sushant kon h ab smjh a gya hoga aliya..,0,2020-08-15 19:35:19
@vishwanathkumar287,Sadak 2 banane walon ko sadak par lao tab Sushant Singh Rajput ka nyay ki sambhavna jyada hoga,0,2020-08-15 19:32:24
@aspiretolearn709,https://youtu.be/ecZZwvKdvZw,0,2020-08-15 19:26:05
@SunilRathod-no2uw,Dislike ka world record ka aword hai ye film ko,0,2020-08-15 19:25:56
@dannymarakofficial9998,Mahesh buddha jhonny sins lite,0,2020-08-15 19:25:32
@sonubajaj6307,Dislike for alia and land mahesh bhatt,0,2020-08-15 19:24:15
@sonubajaj6307,Chuth maro is film ki,0,2020-08-15 19:23:05
@rollingvlogs459,Hotstar ko bhi uninstall karna chahiye tabhi hoga,0,2020-08-15 19:22:57
@rollingvlogs459,Uninstall hotstar,0,2020-08-15 19:21:33
@ismotara6664,Every body do dislike and report,0,2020-08-15 19:19:58
@7r0Freedom,boycott,0,2020-08-15 19:15:31
@arijit530,Make 10 million dislikes target for this video,0,2020-08-15 19:14:32
@arijit530,Boycott Disney hotstar for taking starkido Alia . Justice for SSR,38,2020-08-15 19:13:48
@anearhossain4508,Where do these actresses come from?,0,2020-08-15 19:11:22
@madhusudansharma.s2653,Not interested,0,2020-08-15 19:10:58
@hasimuddinsk1176,Vat family rejected filll.mahes vattt. Justice for ssr,1,2020-08-15 19:10:15
@mycountrymylife7759,,0,2020-08-15 19:09:05
@snehanigam1107,#Nepo Penguins full movie,0,2020-08-15 18:59:51
@ravirajkumrawat2533,Chahe jitne new trailer bana lo. Dislike ka record banne wala he. #Boycott nepotism,1,2020-08-15 18:59:40
@keshav_cr7817,Aaaaaa tttthhhhuuuuu,0,2020-08-15 18:58:22
@alenroy3507,All dislike are deserved,0,2020-08-15 18:56:10
@rajneeshsharma5645,"Kachra movie with kachra star like alia,Mahesh,pujaz bhatt",0,2020-08-15 18:49:52
@manajitmondal2801,Mare tarha only dislike Karne Wala like here,0,2020-08-15 18:48:57
@rohitparab3873,Wold record,0,2020-08-15 18:46:42
@samritisharma6970,Just report it for violence... this will be fun #justiceforSSR,0,2020-08-15 18:46:24
@rohitparab3873,Indians are not watching this foollish actress movie.boycot Disney why u done this fool,0,2020-08-15 18:46:02
@rohitparab3873,Nepotisum ki maaki aankh,0,2020-08-15 18:45:09
@ALLINONEBESTFORFAMILY,"Very bad, nepotism",0,2020-08-15 18:43:18
@dreamdost2242,SadaK 2 AayegA sadak me ab Chappal ke sath jute ve marna chaye Aaliya bhattaro ko,1,2020-08-15 18:42:21
@iayk007,#Boycottsadak2,0,2020-08-15 18:34:33
@rahulsongaraVlog,,0,2020-08-15 18:31:23
@apsrathore8173,"Plz don't watch this film at any watch,",0,2020-08-15 18:30:24
@megapintofwine5696,Faak u mahest butt,0,2020-08-15 18:29:48
@sweety2682,,0,2020-08-15 18:28:27
@kartikgupta1062,listen guys! to make them get in loss whenever the ad of this movie appears click on it so that its cost have to be deducted from the company and please don't search for it and dislike it because it will only increase their views. (only the geniuses will understand this),3,2020-08-15 18:23:43
@pujasingh4478,Mujhe samjh nahi aaya sab bol rahe the to dekhne aa gai but thoda Ganda sa Laga,0,2020-08-15 18:21:34
@jitendragovalkar6673,Faltu trailer,0,2020-08-15 18:20:25
@rahuldeshmukh339,Dislike... bc alia n mahesh bhatt ke liye ...bc tumhari sab logo ki picture boycott karenge ....alia teri future filmy bhi dislike karunga .....dekhunga nhii. Harami.....(Sanju baba n Aditya Roy Kapoor...best hai..ur great),0,2020-08-15 18:20:11
@rohitSfitness,"Aditya Roy Kapoor right now : "" Mai madarchod hun jo isme aya"" ..",1,2020-08-15 18:18:32
@alagarsam9318,My friend was liked this trailer .he is locked in bathroom for 3 hrs,0,2020-08-15 18:13:02
@mahendersingh1746,I don't even watch bollywood movies.. Just googled it... To dislike,0,2020-08-15 18:10:37
@rudranarayanpattnaik4823,Hotstar bhi uninstal karna padega,0,2020-08-15 18:10:32
@RiteshRJvlogs008,Like ka record india View ka record india And also dislike ka record from india.. how cool country is this.. chutiyo ko unki aukad dikha deti h.. ye janta hai kabbi soti nai.. or hindustani jab jag gaye tum sabki ******,0,2020-08-15 18:08:40
@goldeihaolai1855,# cbijusticeforSSR,0,2020-08-15 18:07:33
@RiteshRJvlogs008,Mc ki picture na dekhunga na kisi dost ko dekhne jane dunga.. or ghanta mene video dekha hi nai open kiya pause kiya n sidha dislike.. if movie is gold than also ill give dislike coz tum randi ks bache us layak nai ho.. jatu picture banake oscar ki bhik mangne jatey ho mc log.,0,2020-08-15 18:07:30
@SonuKumar-vb4ty,Is video ko dislike krne aaye the to kaam ho gya,1,2020-08-15 18:06:39
@files2499,.. . By... NEERAJ PANDEY (Sushant's fan) #Justice for sushant# #boycottssdak2#,0,2020-08-15 18:04:17
@jadejarajdipsinh4625,Lagta h uninstall krna pdega,0,2020-08-15 18:01:26
@karnamajhi5860,I hate sadak 2,0,2020-08-15 18:00:43
@p-book7426,Doston aur ek channel mein sadak 2 upload hua hai use bhi dislike maro https://www.youtube.com/channel/UCISHPlIfK-OWH-V4DLMOpnA,0,2020-08-15 17:58:41
@RollingWithSeltos,I never liked her acting anyways....,0,2020-08-15 17:56:55
@AmitVerma-wn5vg,Aaliya tu movie bna na chod de teri movie koi ni dekhne ka ab,0,2020-08-15 17:55:26
@AmitVerma-wn5vg,Koi ni dekhne ka bkvash movie,0,2020-08-15 17:54:51
@divyanschandak6568,EVERYONE SAY WITH ME #CBI FOR SSR WE ALL ARE WITH SSR MAY HIS SOUL REST IN PEACE,81,2020-08-15 17:54:33
@বাংলাnewsgraph,Boycott bhatt and all khan kapoor. All are mafia and muderer of sushant.. justice for sushant singh rajput.. the real hero and talent of bollywood is SSR......... BANNED BOLLYWOOD,0,2020-08-15 17:54:30
@AmitVerma-wn5vg,Nikal k bhar fek do bath ko rndi khnna h yo,0,2020-08-15 17:54:24
@shaikhsa9718,1 dislike from me also Ssr fan,0,2020-08-15 17:53:38
@omparkashkaushik8361,MC Please ignore,0,2020-08-15 17:53:01
@shwetanitinramani2857,Disliked....I miss SSR. Boycott him,0,2020-08-15 17:47:51
@ramchandsahu9570,So bad video,1,2020-08-15 17:46:48
@ramchandsahu9570,Most dislike video in the World,1,2020-08-15 17:46:16
@ripanghosh2088,"Abhi tu film banana band kar de,our tum log bhi iski beti uske beta sab suno tum log bhi band karo, bahut ho chuka. Ab se Tum logon ka film koi nahin dekhega. Aur jo who bolati hai na ki ""ham logon ne thodi tumko Bulaya dekhne ke liye"" ab who abhi samajh jayegi.",0,2020-08-15 17:44:52
@abinashbiswal9274,Guys great going for dislike but there better option is also available which is called Report. Do Report as much as possible.,0,2020-08-15 17:43:07
@ripanghosh2088,"Jo aadami aapane badi beti ke pet mein chhoti beti ko paida Karen, tabhi to samajh Jana chahie ki who aadami kis tarah hai. Use aadami ko to chullu bhar Pani mein doob ke mar Jana chahie.",0,2020-08-15 17:37:49
@മരണത്തെതോൽപിച്ചസുൽത്താൻസുൽത്താ,Justice for sushant,0,2020-08-15 17:33:07
@pradumpal5592,Please disliked this movie and so make a world record,0,2020-08-15 17:32:16
@viralvideos8716,Boycott..,0,2020-08-15 17:29:11
@diptiupadhyay4770,Bakwas,0,2020-08-15 17:28:50
@Nature-yb1ig,Sanju baba aap ko aaliya ko nhi lena chahiye tha kisi aur ko le liye hote aur karan johar to gya flop pariwar wadi boycott,0,2020-08-15 17:28:46
@neerajverma1234,Uninstalling Hotstar,0,2020-08-15 17:28:41
@erth2563,2,0,2020-08-15 17:28:13
@anilpandey3459,Bycot the movie.,0,2020-08-15 17:27:26
@apilmato1423,Dislike for Alia,0,2020-08-15 17:26:54
@wonderfulworld2000,Did my job dislike from Nepal,0,2020-08-15 17:26:51
@heenakarandikar9728,"Worst trailer n non sense alia bhatt, may u loose everything n hate ur videos",0,2020-08-15 17:26:21
@vikashpandey4459,Bakwas film,0,2020-08-15 17:24:28
@shankyplayzz7033,Fake acting Fake stardom and Fake people.,0,2020-08-15 17:23:20
@SurajKumar-zd6qt,,0,2020-08-15 17:22:27
@PankajKumar-mv5zd,Nhi dekhenge,0,2020-08-15 17:22:17
@sia...293,,0,2020-08-15 17:21:24
@nireshkar3596,Faltu movie,0,2020-08-15 17:21:23
@bhaumahadik1322,Hate bhatt family,0,2020-08-15 17:19:59
@bhatibrothers761,Agar sachme inki maa chodne me aapko maja aa rha hain. To comment me reply karo Ahh,0,2020-08-15 17:19:08
@laymanstermsup,Music,0,2020-08-15 17:19:07
@saravanan00700,That views are not for the trailer only for dislike button,0,2020-08-15 17:18:40
@bappabag8980,Hahahaha dislikes,0,2020-08-15 17:17:18
@bhatibrothers761,Dislike + report = maja agya,0,2020-08-15 17:17:10
@bhatibrothers761,Dislike + report = sukoon,0,2020-08-15 17:16:41
@HP-xc8wp,,0,2020-08-15 17:15:19
@rickeylama7019,"Every dog has its day! "" this one's for u bro... Cheers for the dislikes.....",6,2020-08-15 17:15:03
@anishabali1693,I request Disney Hotstar. Remove Sadak2 from your list. If you have not given the purchasing rights money to Bhatt Production. If you have paid the money then take it back. Nobody will watch this movie. It will be a big loss for Disney Hotstar. My suggestion for you >>purchase rights for some Sushant Singh Rajput movies. People will love this.,0,2020-08-15 17:13:07
@karthiknani5867,How many of you checking this trailer repeatedly to see for dislikes....,39,2020-08-15 17:12:36
@samir8989,Bakwaas,0,2020-08-15 17:12:27
@competitioncourse7269,https://youtu.be/MVHOQSl8LXM,0,2020-08-15 17:11:23
@competitioncourse7269,https://youtu.be/MVHOQSl8LXM,1,2020-08-15 17:11:11
@BittuSingh-oh3lr,,0,2020-08-15 17:11:04
@goodhealth70,I love disney hotstar but this trailer diserves dislike #justheretodislike #justiceforssr,0,2020-08-15 17:09:15
@kishorekumarakhaury70,... ...???,0,2020-08-15 17:08:00
@navianttal3312,dont likeeee,0,2020-08-15 17:04:36
@Circle360newsyoutube,Aao dislike karo aur taxi pakad ke chali jao,0,2020-08-15 17:01:57
@ITISRAHUL2507,Susant FANS LETS DISLIKE,0,2020-08-15 17:01:15
@mr.pappujisharma7031,Aliya Bhatt ka Sare film song aur sab trailer bahishkar karta hun yah sab Ek Katil hai Mahesh Bhatt ka Jitna Bhi film hai sab bahishkar karunga #miss_you_Sushant_sir,0,2020-08-15 17:01:06
@ishqwala5046,Napitojam,0,2020-08-15 16:58:38
@babyrani3655,"Waste products of Bollywood,",0,2020-08-15 16:58:13
@meghachan8721,Lol,0,2020-08-15 16:57:39
@rahulkhosla8285,Ban for Mahesh bhatt and family,0,2020-08-15 16:57:30
@mithunmandal4207,Only sanjay dutt,0,2020-08-15 16:55:49
@lipikachand7995,Pathetic,0,2020-08-15 16:54:59
@bharatpatidar3693,Here is the reason of dislike https://kyakehtahaiindiia.blogspot.com/2020/08/blog-post_15.html?m=1,1,2020-08-15 16:54:56
@arunshankar1869,I like Sanju sir but I gave dislike boz of aliya,0,2020-08-15 16:53:41
@Drivebyeasy,Dislike for bhat family and sanju and aditya,0,2020-08-15 16:50:34
@sumitkangane9556,Laura lasan bhatt family,0,2020-08-15 16:49:56
@optimusprime8265,Such shit trailer. I am regretting wasting my few MBs of data on this trailer. Definitely won't spend a paisa to watch this movie. What a crap direction by mahesh bhatt. My morning crap has better direction than the direction by mahesh bhatt,0,2020-08-15 16:47:07
@BackpackBuddies39,,0,2020-08-15 16:46:08
@MrMajid-wf4ld,Most Dislike trailer World record holder,26,2020-08-15 16:45:40
@nasa6121,I am going to unsubscribe the hotstar.,0,2020-08-15 16:44:16
@sangeethas8406,"Very bad trailer,by the way who is alia bhatt",0,2020-08-15 16:42:22
@kamparaju9786,Who is Alia bhatt... Is she new worst actor for bollywood,0,2020-08-15 16:41:09
@ravi80087,Bad,0,2020-08-15 16:41:00
@shubhambangwal9344,#boycott,0,2020-08-15 16:39:29
@KaranKumar-cw9ev,Bil kul bekar tealer h,0,2020-08-15 16:39:06
@ravikumaraggarwal8137,Not like ....,0,2020-08-15 16:38:40
@rampraveshupadhyay219,Hot Star did a mistake. Now they will be paying for this and this is going to be biggest flop movie in Indian history.,20,2020-08-15 16:38:28
@raviranjan6034,Aliya bhatt or bhatt's Ki movie to chalna ni dayna chaheay Kyu Ki Aliya Ka na face Acha h naa acting aata h Isko yeah to heroin banay ki like he ni h. Reply do dosto Mera Cmnt Jo hmko support kr raha,1,2020-08-15 16:37:17
@vyshnaviswaero1575,Most disliked trailer,0,2020-08-15 16:36:50
@gourabmishra827,The dislike is for alia bhatt,0,2020-08-15 16:35:03
@RahulSk-kz6it,Dislike like Thakur,1,2020-08-15 16:33:59
@sunilmaurya4609,Bakwaas,1,2020-08-15 16:30:25
@prashantrawat4633,Kamine ka pilla bhatt Keede pdenge is pr Kuttta,0,2020-08-15 16:30:02
@madhumita_singh,#boycott,0,2020-08-15 16:29:02
@vikrambose1070,,0,2020-08-15 16:24:55
@offersweekend3846,Sadak 2 movi sadak Mae ana chaye Don't watching movi,0,2020-08-15 16:24:07
@SS-yw9ts,"1.9 Million dislikes !!!! Wow ! # JUSTICE FOR SSR ....Truth never remains hidden for long , one day or the other it definitely comes out !",0,2020-08-15 16:22:50
@RohitVerma-nj9yg,Mast,0,2020-08-15 16:22:28
@RohitVerma-nj9yg,Gjb,0,2020-08-15 16:21:39
@teluguhindireaction5917,I am boycott alia bhatt and Mahesh bhatt movies,0,2020-08-15 16:20:17
@activitywithknowledge4608,I do not see this video but I give dislike I Hate Napotism,0,2020-08-15 16:19:31
@largesuvcar6091,But just think about sanjay dutt ...,0,2020-08-15 16:18:24
@merajsumra9840,who is watching Again and Again for Dislike,0,2020-08-15 16:17:50
@maulikmoradiya8271,Plz.not released this movie sadak 2,0,2020-08-15 16:17:18
@SumitSingh0911,"Pooja Bhatt : we are getting views due to dislike campaign. It's like : Kya hua thappad pada to , atleast chuha to sahi isi bahane.",0,2020-08-15 16:15:56
@bharatchawla6266,Sanjubaba sorry,0,2020-08-15 16:15:13
@ranvisingh6953,"Guys Thodi Si Energy Bacha ke rakho Abhi IMDB,Rotten tomatoes, Google Pe bhi Marni hai. Bhatt ki gayi Phatt",0,2020-08-15 16:15:01
@jayeshkaushik5946,I open this video again and again just to see how many more dislikes added,25,2020-08-15 16:14:21
@Wildripperz_pro,Thuuuuu matherchod alia randi or sale buddhe tera lauda katenge matherchod chor mahesh or mukesh bhatt sale murderer teri ma ka bhosda flop kr denge film teri dekhte he kaisa kamata he tu chutiya alia,0,2020-08-15 16:13:11
@amandeep.dheer18,Miss you SSR,0,2020-08-15 16:12:39
@anweshacalls,No more positive vibes! No support!,0,2020-08-15 16:12:09
@teluguhindireaction5917,Worst acting alia bhatt background come,0,2020-08-15 16:11:51
@Sadshorts133,I hate,0,2020-08-15 16:11:19
@pandit498,NH 82,0,2020-08-15 16:10:54
@onkarsingh-dg1cc,Bakwas,0,2020-08-15 16:10:00
@mrsahu3206,Me too yape DISLIKE kr nekeleya aaya thaa,1,2020-08-15 16:09:11
@Ami_Pranab_Pratap,Mahesh Bhat ka picture dekhna toh dur sirf Trailer deykha kiukey Dislike karna tha.Bhag saitano ka jhund..,0,2020-08-15 16:08:24
@shashiranjan7198,Bakbas Bhatt by film industry very bad,0,2020-08-15 16:08:15
@VivekHari123,f*** haters,0,2020-08-15 16:07:41
@somdixit1,,0,2020-08-15 16:07:29
@rameshkumarchaudhary9496,Sale Sushant ko mar diye,0,2020-08-15 16:07:22
@RajkumarSingh-bs6fw,Only 247k for likes and 1.9m dislike,0,2020-08-15 16:07:21
@bhavnakasturi6676,Dislike kro bhar bhar k,0,2020-08-15 16:07:20
@dileepshilayadav4468,,0,2020-08-15 16:07:07
@mrudaysankar1329,Sorry but this trailer has not any meaning....,0,2020-08-15 16:07:04
@vinayakingle2146,Boycott Disney for above Trailer,0,2020-08-15 16:06:46
@toonstuffy156,go to hell bollywood,0,2020-08-15 16:06:35
@hemantsingh0908,"Very boring, bad, immoral , ugly trailer",0,2020-08-15 16:06:22
@sabnayasmine5176,I search all videos of sadak 2 for dislike. I didnt see the trailer but I open to dislike. Alia did u know who is sushanth now? do u remember koffee with karan hereafter u will never forget. justice for SSR,0,2020-08-15 16:06:12
@harendraproperty2528,Is haramjaadi ki chakkar main puri movie kharab ho gyi,0,2020-08-15 16:05:53
@todayfashionworld4598,Sushant k Qatilon ko nhi bakhsha jayega.... Stop nepotism.... Aaliya kutiya hai.... Mata Rani dislike karne walon ki Har iksha poori Kare....,1,2020-08-15 16:05:39
@indianmythologyinenglish2009,in bollywood walo ki gand mein ghuda nhi h kisi aur religion ke liye galat dikhane ka kyuki enko pta h agar kisi aur religion ke upar galti se bhi kuch dika diya toh allah hu akbar wali goli inki gand mein mar denge,0,2020-08-15 16:05:25
@bikisingh607,Jo Jo like kiya hai iss trailer ko bo sab chutiya hai Mere dost thoko,0,2020-08-15 16:05:14
@rahulpanchal5096,Boycott karo inki movie ko ...koi bhi movie aaye boycott karo...koi bhi actor sushant Bhai ke case m aage nhi aaya .... stupid movie,0,2020-08-15 16:05:02
@adityapatole471,Chutiya Movie bc,0,2020-08-15 16:04:53
@Official-gc6nj,Yes bhai .....No like sorry sanju bhai,1,2020-08-15 16:04:44
@Kamaldeep619,,0,2020-08-15 16:04:31
@santoshpoddar1347,Who has just come to dislike.. #JusticforSSR #CbienquirySSR #boycottnepotism #DanceKoI,1,2020-08-15 16:04:28
@AbdheshKumar-us1pw,Dislike karke Kya hoga ye log bhukhe mar jayenge Kya agar itna hi jyada hate karte ho inn logo ko toh kasam kha lo jindgi me kabhi koi si movie nahi dekhoge apne ghar tv pr aur na hi theater me,0,2020-08-15 16:04:14
@statusvideodhanbad2703,Alia bhatt dislike,0,2020-08-15 16:04:11
@hapondkoch5904,Boycott dis movie 4 SRS,0,2020-08-15 16:04:06
@indiafirst6184,dislike,0,2020-08-15 16:04:04
@umapraveen5539,Ignore this movie #justiceforsushant,0,2020-08-15 16:04:00
@telugustudent6759,Who came here for dislike only??,1,2020-08-15 16:03:57
@DevshiGoatfarm,Public se panga mt lena star honge tumhare ghar ke koi bhi nahi dekhega ap logo ki movie,0,2020-08-15 16:03:55
@peshala8587,Ha......Ha.......Ha........ #Tur....rrr #Fus.....sss,0,2020-08-15 16:03:42
@sandeepamigo5287,If u release in hotstar plus then boycott hotstar,0,2020-08-15 16:03:34
@arrjeevi6695,This trailer got unkike but salmankhan karanjohar Instagram post got lakhs and lakhs of likes yyyu,0,2020-08-15 16:03:29
@CXMithunJha,no need to see ..shame on you people,0,2020-08-15 16:03:28
@prakashpraki2659,I vl never watch this bullshit muvie,0,2020-08-15 16:03:27
@pravin0223,Justic for shushant,0,2020-08-15 16:03:22
@ratneshchaubey8028,Dislikes movie,0,2020-08-15 16:03:22
@bhagirathmal9269,Dislike kro,0,2020-08-15 16:03:13
@kushlachandel756,aliya or acting namumkin,1,2020-08-15 16:03:09
@satyakevlogs76,Faltu ki movie hai,0,2020-08-15 16:03:04
@ralte31,All dislike come on..go go go,0,2020-08-15 16:02:58
@just._.zeeshu,Love u baba,0,2020-08-15 16:02:51
@besemplewithpallabi8101,,0,2020-08-15 16:02:51
@easyenglishtutor1635,Worst ever,0,2020-08-15 16:02:51
@VikashYadav-qm5fw,Dislike kyo kr rhe hoo koe bataye gaa,0,2020-08-15 16:02:49
@panchalimitra4598,"Every one just clicked the video to dislike it. Fyi....""NO ONE IS WSTCHING IT""",0,2020-08-15 16:02:30
@shaunakkarekar9261,Kya tatti jesa movie banaya ha and chutya jesa trailor aliya ka face dekar he mena unlike kar deya video.,0,2020-08-15 16:02:26
@kushlachandel756,zero 00000000,1,2020-08-15 16:02:25
@surendrakanojiya7473,Pray for SANJAY DUTT,2,2020-08-15 16:02:23
@Itsme-hc5tf,Record this trailer.....,1,2020-08-15 16:02:15
@MrKhan-gy6vv,Hme sanjay Dutt ki chahiye,0,2020-08-15 16:02:11
@sksonu6x,Sanjay sir aap achhe lagte hai isliye yea video main dislike Nahi karenge lekin yea Aliya k liye is movie ko v Nahi dekhenge ...jey se aap mere favourite the sunant sir v humko achhe lagte the ...imissu,0,2020-08-15 16:01:54
@siddharthlade1448,My dislike is for just ALIYA BHAAT AND THE LIKE IS FOR SANJAY DAAT,0,2020-08-15 16:01:48
@peddireddysatheesh6040,Don't watch just do dislike....,0,2020-08-15 16:01:45
@__suga.coated__aa2400,Maza aa gya dislike thok ke,0,2020-08-15 16:01:40
@FaizanAnsari-gj6oo,Itne dislike,0,2020-08-15 16:01:33
@ravipaliwalvlogs,Dislike please,0,2020-08-15 16:01:28
@technicalvikash3576,I don't like this movie sadak 2,0,2020-08-15 16:01:17
@arnabpal8293,Ye chutiya log kaun hai jo like de raha hai?.,0,2020-08-15 16:01:10
@FaizanAnsari-gj6oo,Itne dislike,0,2020-08-15 16:01:08
@RahulKumar-ch9ie,Worst ever film.... Faltu hai,0,2020-08-15 16:01:05
@MrSunilbhatt,Mar diya dislike,0,2020-08-15 16:00:55
@NEWERASHOR,Sadak me sadak kha h bhai ?? Inki love ztory dekhe kya bc ??,0,2020-08-15 16:00:52
@gundabhai5834,2.9 cr views hai that mean logo ko acha lag raha h,0,2020-08-15 16:00:52
@AnkitGupta-je8kx,I hate mahesh,0,2020-08-15 16:00:46
@pujajha9201,I never like again Alys muvi justice for ssr,1,2020-08-15 16:00:46
@statusvideodhanbad2703,Dislike bakwas trailer ghatiya,0,2020-08-15 16:00:42
@narendrakumarsingh3339,Aliya ke koe bhi movie mat dekhna plz bahut hi bekar movie hai,0,2020-08-15 16:00:36
@vasanthishetty789,Worst,0,2020-08-15 16:00:26
@tusharkumarsharma2978,Kuch samjha nhi hai toh scope aur kaam bohot hai,0,2020-08-15 16:00:15
@thanewfilm2137,Bike Court,0,2020-08-15 16:00:12
@yashkohli4631,Disliking for standing against nepotism and mahesh bhatt.. #Support SSR,0,2020-08-15 16:00:10
@DMKELECTION,Pls dislike,0,2020-08-15 16:00:08
@charanrajdip198,Sanjay dutt se koi dushmani nahi bhai ye mahesh se dushmani he,0,2020-08-15 16:00:07
@ghanshyam0924,Mast,0,2020-08-15 16:00:07
@bhawanisingh-pt8fx,Boycott,0,2020-08-15 16:00:04
@sunitarathore7220,sorry sanjay baba,0,2020-08-15 15:59:58
@jayaprakashs5820,You are lucky kid of film back ground or else your beauty n acting are below average...ppl are fools who admire ur beauty ... Stupid mahesh,0,2020-08-15 15:59:51
@soumikole7024,No hatered for Aditya Roy Kapoor or Sanjay Dutt,0,2020-08-15 15:59:50
@avnishgupta7849,Because of only alia,0,2020-08-15 15:59:46
@himmatprajapat721,Binod,0,2020-08-15 15:59:45
@debarpitapanigrahy7691,Boycott this movie and uninstall hotstar,0,2020-08-15 15:59:41
@vikrantchoudhary4817,ssr fan,0,2020-08-15 15:59:38
@vaibhavvyas988,YouTube Did u just put it in my ads to dislike it or what?,0,2020-08-15 15:59:29
@himmatprajapat721,Binod,0,2020-08-15 15:59:27
@rajatkhoda8876,Release mat kr dena bhencho issey,0,2020-08-15 15:59:14
@Tragicarts,Htt bc Tharki budhe ki maa ka saki naka ...salla,0,2020-08-15 15:59:08
@parthivsaha5310,Jindagi ka sabsa ghatiya movie hae eya,0,2020-08-15 15:59:06
@vikrantchoudhary4817,flop,0,2020-08-15 15:59:05
@sahilvishwakarma3909,Pray for sanjay dutt...,2,2020-08-15 15:59:02
@rajeshshetty6243,"These people are very eager to portray fake guru's, But never seen showing a real Guru. These Wants to sell negativity and make money.",1,2020-08-15 15:58:59
@Aneqot,Itni bakwaas movie,0,2020-08-15 15:58:58
@shekharrana1155,Bhen k lando gye tumhre din...,0,2020-08-15 15:58:57
@shubham87092,Losers,0,2020-08-15 15:58:55
@adarshgameology2588,When will people understand view Matter not dislike for money and business,11,2020-08-15 15:58:50
@indiafightback4472,Bull shit,0,2020-08-15 15:58:49
@AnkitPandey-xe6sr,#dislike,1,2020-08-15 15:58:43
@kuwaitstar4136,F*** video,0,2020-08-15 15:58:35
@manojkumarsaw9462,"I hate Bhatt family,ooosssr",0,2020-08-15 15:58:30
@dileshmanikpuri3307,Dislike,0,2020-08-15 15:58:25
@jagatnath4778,Sanju baba kiya koru u r my favorite but dislike kor dia sry..,0,2020-08-15 15:58:20
@sahilvishwakarma3909,Hat mc....,0,2020-08-15 15:58:18
@radhaysarkar777,Baba love u bt sorry,0,2020-08-15 15:58:10
@vishalraj4850,Bakchod,0,2020-08-15 15:58:03
@juanginesh4538,SSR,0,2020-08-15 15:58:03
@starstudio242,https://youtu.be/OTv0Df3Ywuk,0,2020-08-15 15:58:01
@yugalkishore4895,Dekhna bhi nahi chahiye,0,2020-08-15 15:57:54
@soulfulshrey3651,Psychic trailer ! Disliking totally,0,2020-08-15 15:57:52
@NRadha,These dislikes are not for u sanju bhai.. sorry,0,2020-08-15 15:57:44
@KJgeet,Hopeless trailer cheeeeee tuuuuuuu,0,2020-08-15 15:57:33
@dinabandhunag4948,I miss u sushant sir,0,2020-08-15 15:57:33
@songstatement3467,#hackelstatusbablu,0,2020-08-15 15:57:17
@ShivaniSingh-hb2zm,Garbage...faltu...bakwaas,0,2020-08-15 15:57:15
@souravarya1308,Alia ka Lia dislike,1,2020-08-15 15:57:14
@abhishekpandey2127,Only Sanju sir ke liye chalegi,0,2020-08-15 15:57:06
@basitahmedlaskar8765,One the super duper hit movie is cuming,0,2020-08-15 15:56:51
@NRadha,World recorded video in youtube,0,2020-08-15 15:56:51
@maharanshahvlogs9037,Binod,0,2020-08-15 15:56:47
@abhishekpandey2127,Bekar hai,0,2020-08-15 15:56:44
@DineshSharma-qy2hm,Big Flop,0,2020-08-15 15:56:29
@ojaswaniyadav9958,Watched 4 times .still can't able to get what is going in ? Worst movie... Bycott it FOR SSR.,19,2020-08-15 15:56:28
@aaravchauhan2181,Is Sadak se Achi Vo Sadak Hai.. Jo Abhi Bani Bhi Nhi,0,2020-08-15 15:56:26
@AshishYadav-tg7zx,salo,0,2020-08-15 15:56:06
@tripureshmishra4352,Bycott mahesh bhatt,0,2020-08-15 15:56:01
@Akhil-sz6vy,Get lost,0,2020-08-15 15:55:52
@curiosity2226,Put this trailer any other yt channel breaks the record again and again for dislike,0,2020-08-15 15:55:50
@AshishYadav-tg7zx,Randi,0,2020-08-15 15:55:46
@ravithadiyamusic9749,Bekar,0,2020-08-15 15:55:41
@mohitkaithal2444,Beautiful love you #adityaroykapoor #bhaiya aap best ho,0,2020-08-15 15:55:39
@mohammedashiq1414,Aliya worst actor,0,2020-08-15 15:55:35
@kavithabai1936,Waste moie,0,2020-08-15 15:55:31
@dnyaneshwargaikwad3077,I like Sanjay datt but I hate nepotism,0,2020-08-15 15:55:20
@sajjadnk9,Susanth effect spoted,0,2020-08-15 15:55:16
@yuvasingh3809,Jo dislike nahi karega vo sala pagal hoga,0,2020-08-15 15:55:16
@gurmailsinghgursirat5411,Bakbas Movie,0,2020-08-15 15:55:12
@anandgaurav8780,Worst,0,2020-08-15 15:54:59
@deepakshukla2018,She is here due to her father and she does not know anything except nepotism and show off. I think no one should watch this movie.,7,2020-08-15 15:54:59
@lokeshmahadule3231,Nepotism,0,2020-08-15 15:54:33
@AdityaThakur-mh1fd,Sanjay Dutt is in stage 4 of lung Cancer so i think we should respect him we should not write anything About him. It could be his last movie,0,2020-08-15 15:54:30
@rauniksinghrauniksingh3928,,0,2020-08-15 15:54:29
@gurdeepkaurjhanse4546,"It's high time illiterate Alia ,padhai shuru karo.",0,2020-08-15 15:54:28
@anandgaurav8780,Bakwas nepotism hatao,0,2020-08-15 15:54:26
@gurpreetmehmi9699,bhat chal hatt,0,2020-08-15 15:53:56
@Dhanraj-vv1lo,All this are bad stars so pl don't forget to dis like,0,2020-08-15 15:53:51
@puspitasaha834,"Please dont release the movie, coz you must have seen the trailer, how people gonna react for the movie",47,2020-08-15 15:53:34
@ramgite8249,"Directed by mahesh bhatt?......isko ladkiyo se fursat mili film direction karne ko??......zhuta kahika,",0,2020-08-15 15:53:32
@rahularora820,Farzi film h abb se bolliwood ke bhadvo ke liye paise kharab nhi karne h,0,2020-08-15 15:53:30
@rajgaming2975,,0,2020-08-15 15:53:06
@pinkypinky5944,Ha ha ha more dislikes johar Sushanth sir down down bollywood nepotism,0,2020-08-15 15:52:46
@bhutumghosh5154,Why there are people with 247K likes???,0,2020-08-15 15:52:45
@amitbhadke4817,I hate trailer dislike movie,0,2020-08-15 15:52:44
@sarathkarthick7801,Irritate face Aliabat,0,2020-08-15 15:52:25
@abhimishra_vlogs,Dislike,0,2020-08-15 15:51:59
@krishnarajbhar,... ...Nepotism Beep Beep,0,2020-08-15 15:51:56
@dipalijagtap9131,Boggasssss,0,2020-08-15 15:51:54
@tanuzzzworld5281,Justice for ssr.....#jst boycott this movie,0,2020-08-15 15:51:47
@stagedance1778,What Pooja Bhatt and Soni Rajdan said about Sadak 2 million disliked .. https://youtu.be/vW694dL_Yis,0,2020-08-15 15:51:44
@abhaprajapati2326,Enough work done by bhatts...no more required....,0,2020-08-15 15:51:42
@asraralam3252,Chutiya movi lag raha h,0,2020-08-15 15:51:32
@mathandenglishgurumathande6430,I hate this,0,2020-08-15 15:51:29
@swayammalagi2674,This trailer is flop because of alia,2,2020-08-15 15:51:24
@sarnendumistri4985,Hum Sabko Susant Sir Chahie,0,2020-08-15 15:51:16
@tonytony3005,Bekar bakwaas,0,2020-08-15 15:51:11
@preetwasntfound,Justice for ssr,0,2020-08-15 15:51:10
@prativ2490,So happy to see 1.9 M dislikes It deserves,1,2020-08-15 15:51:07
@ankitgoswami2752,,0,2020-08-15 15:50:47
@archanasaha6281,I will never see the movie.,0,2020-08-15 15:50:33
@Orevaguruyt,Waste,0,2020-08-15 15:50:32
@anuragmeena5938,Yeah Duniya Madar chod he lekin usse badii madar chod aaliabhat he,0,2020-08-15 15:50:21
@pramilashetye1241,#boycott,0,2020-08-15 15:50:15
@goravrajput5039,Prob. Sanjay dutt se nhi oror se h,1,2020-08-15 15:50:14
@premasnani5711,Koi achi actress nh mili tumko,0,2020-08-15 15:50:12
@princekumarprajapati8261,Abey Lauri wali sakal. Si ladki jhatt lekha. Bakchodi krti hi bsdiwali.. Aaayeee baba re. Isko acting ka chance hi kishme diya bc Phli fursat me nikl ##ssr sir s,0,2020-08-15 15:49:49
@nileshahir5813,Dislike mahesh bhatt vaghri,0,2020-08-15 15:49:49
@k2raj924araria,dislike is very good,0,2020-08-15 15:49:47
@kazijahirahmed2530,Alia bhatt hay islia dis like milahay sorry Sanjay bai,2,2020-08-15 15:49:43
@abhay6230,Came to see the video with my backup account just to dislike it,1,2020-08-15 15:49:42
@laughingmedia79,Bycott,1,2020-08-15 15:49:42
@amandas280,,2,2020-08-15 15:49:37
@mannishsethii8712,Sorry Sanjay Dutt you are best Alia Bhatt I hate you disappointed very cheap Alia Bhatt not good movie trailer Alia Bhatt,1,2020-08-15 15:49:27
@mangeshsonawane7313,Boycott,1,2020-08-15 15:49:26
@abhirajrathore7948,,1,2020-08-15 15:49:14
@gabrookrn5702,Kro dislike madrchodo ko.. Saale ne ek bche ko door kiya uski family se miss u SSR,1,2020-08-15 15:49:10
@alienman5013,*I am a small YouTuber* *Need you support* *Please*,2,2020-08-15 15:49:07
@preetkumar2857,Lol,0,2020-08-15 15:49:04
@yogeshrisky5600,Soryy sanju baba But apko to pta h ye dislike kis k liye h,0,2020-08-15 15:49:02
@mahalaxmicollection5249,Youtube me reirt karo ke trailor hatane ke liye.,0,2020-08-15 15:48:58
@ramsagargupta7953,Bakwah hai,0,2020-08-15 15:48:58
@sarnendumistri4985,Miss You Susant Sir,0,2020-08-15 15:48:49
@pampadas9026,Bad bad very bad,0,2020-08-15 15:48:40
@prashantsingh-zj9bo,I MiSS u SusHant singh Rajput,0,2020-08-15 15:48:39
@poojajangid2317,Total chitiyapa,0,2020-08-15 15:48:35
@Manni_1506,Tatti tatti tatti Pressure aaya to yahi kr di kafi acchi jgha thi ye sab krne ki Most dislike trailer world record hona chahiye,0,2020-08-15 15:48:33
@SaurabhVerma-cn2pp,Boycott,0,2020-08-15 15:48:25
@shrikrishana3909,Aab haramkhoro ko pata chalega...sadak chhap lodu bhatt,0,2020-08-15 15:48:23
@sscwala-pt9yu,I love you Sakshi,0,2020-08-15 15:48:13
@rahul_ranveer_singh,Nepotism ki maa ka bhos.........,0,2020-08-15 15:48:08
@gauravsuryavanshivines3924,Sorry sanju sir,0,2020-08-15 15:48:04
@diwakartiwari680,Fek guru ki wajah se apne ko khoya dekho eska dailoge hindu dharam ko nicha dikhana gor karo es dailog par,0,2020-08-15 15:48:04
@supritadutta5179,Please dislike this trailer and the worst director,0,2020-08-15 15:47:48
@herinsandebbarmaherinsande6662,Unlike dene K liye hi 7 second chalana padha,0,2020-08-15 15:47:46
@21mathsjayclasses693,Boycott,0,2020-08-15 15:47:39
@DivyanshukrJha,,0,2020-08-15 15:47:33
@dalbirsingh4927,Boycott,0,2020-08-15 15:47:27
@Shree_tarders,Sanju baba hme maaf krna aaliya ke karan dislike krna pda I hate you,0,2020-08-15 15:47:27
@silkybhargava1804,Bakwas,0,2020-08-15 15:47:23
@samsan8647,Most dislike trailer forever,1,2020-08-15 15:47:21
@harshsiwach2559,Are yrr itne bhi buri nhi h...jitni tum unlike kr rhe ho.....koi ye movie dekhe ya na dekhe ..m toh dekhne wali hu.....Achi h yrr movie,1,2020-08-15 15:47:12
@parthsharma9021,who is there to just check out dislikes.,0,2020-08-15 15:47:12
@sangeetlaviskar3693,Hii,0,2020-08-15 15:47:02
@firdoushimallick4028,Boyycot,0,2020-08-15 15:47:01
@moiylhouvum4995,"I never like Alia Bhatt from the time she entered film industry. Her over acting, her appearance, her voice, everything of her is",0,2020-08-15 15:46:59
@booklover4099,No wonder they were so eager to release it on OTT,0,2020-08-15 15:46:55
@KSRAJ21,,0,2020-08-15 15:46:54
@homayantipradhan3625,Faltu,0,2020-08-15 15:46:46
@shreedubey1824,The worst Trailer at all they are the fake star real are hided and fake are expressing their self to be the best but real are always real and fake can't be real,0,2020-08-15 15:46:42
@booklover4099,Let's hold a moment of silence for that person who ran to Bhatt and said we need Sadak 2,12,2020-08-15 15:46:37
@poonamyadav-hi8ve,Koi mat dekho.. support for Sushant... Nepotism,0,2020-08-15 15:46:32
@divyangpatel2773,Salo ne sari dis likes hatai lekin hum firse dislike karenge.,0,2020-08-15 15:46:31
@rhythmofinnerpeace7918,Nepotism ki dukan .. dislike to banta he boss...,0,2020-08-15 15:46:27
@raghavhegde1189,Sry Sanju sir this movie not for u because of aliya,0,2020-08-15 15:46:19
@ANKITSHARMA-kd7ke,Super flop hone wali h ye. Dislike,0,2020-08-15 15:46:19
@AnmolKumar-en3jj,Sanjay dutt is best ..btt alia film flop kr deggi,0,2020-08-15 15:46:18
@riyasaha5331,Indian people to Alia bhattt:-Q bhai.. Kesi lgi aagya swad! sadak banne se phle tut gyiAgle bar se aache sadak bnana,0,2020-08-15 15:46:17
@rahulmekwan7609,Full time kar rhai ye log,0,2020-08-15 15:46:14
@preetipriya2649,I adviced hotstar to Block this trailer,0,2020-08-15 15:46:13
@beingbestyoutube,Jisne bhi like kiya ha wo madar chod ha sala bhosdi ka,0,2020-08-15 15:46:06
@samsan8647,Worst trailer,1,2020-08-15 15:46:03
@arijitdas8165,Dirt... I m never gonna watch.,0,2020-08-15 15:46:02
@shubhamsinghchouhan6317,I don't like aaliya...and intolerance gange...,0,2020-08-15 15:46:01
@jangidtechnical,Dislikes would Record,1,2020-08-15 15:45:59
@mrudulagholap125,No nepotism will be tolerated!!!!,0,2020-08-15 15:45:55
@SunnyKumar-wr3ev,Dislike .....I like it,0,2020-08-15 15:45:54
@Rohannsharma09,Bakwas ..,0,2020-08-15 15:45:40
@ashish1234590,Worst trailer and dialogue..,0,2020-08-15 15:45:24
@yuvrajvaishnav2725,19 lack dislikes and more comming,0,2020-08-15 15:45:19
@harshilpanchal4594,Kesi actress ko lekar movie bana lete ho aliya name of shitt ..... this movie must be boycott. True talented actors can not get chances because of this type of worst actors....,0,2020-08-15 15:45:15
@shalusingla6219,There should be 10 million dislikes as 10 million likes in dil becchara If yes like,6,2020-08-15 15:45:13
@sarveshrai6063,,0,2020-08-15 15:45:13
@swastiameya1235,Bahut bakwaas,1,2020-08-15 15:45:00
@mahalaxmicollection5249,"Sala ghatiya director, ghatita heroin ki ghatiya film",0,2020-08-15 15:44:51
@RajeshKumar-xm2pz,Bye card,0,2020-08-15 15:44:33
@nikitamahato5839,Not interested in trailor,1,2020-08-15 15:44:32
@shrikantthigale3452,Boycott..,0,2020-08-15 15:44:25
@skmishra614,dislike,0,2020-08-15 15:44:16
@rituparnapaul4150,Worst actress....worst movie.... And dirty Mahesh Bhatt,0,2020-08-15 15:44:06
@vikramchavan9748,dislike ..,0,2020-08-15 15:44:06
@sukhmansingh3221,Sorry Sanju . Hate Alia Bhatt. Salute SSR,0,2020-08-15 15:43:48
@Bhavya-sri-w60,Sanjay ji good but Alia acting rubbish.,0,2020-08-15 15:43:47
@RajeshKumar-xm2pz,Bakwas,0,2020-08-15 15:43:31
@karamanjaya6907,I log in regularly just to see the number of dislikes shooting up,1,2020-08-15 15:43:31
@manjeetyadav5973,World record trailer dislike I haven't never seen Aaliya,0,2020-08-15 15:43:12
@chhaganvarma7227,movie,0,2020-08-15 15:43:12
@mukeshmaddi6381,We want justice,0,2020-08-15 15:42:57
@khemeshsahu5937,Bakvas,0,2020-08-15 15:42:55
@vikramchavan9748,dislike ke ..,0,2020-08-15 15:42:52
@satwikshetty9868,Dislike it,0,2020-08-15 15:42:48
@spradeepkumarschandrasheka672,Flop trailer due to,0,2020-08-15 15:42:43
@amitblog9283,Ha ab marega banane wala,0,2020-08-15 15:42:42
@ujjawalusa,Dekhna hi nhi hai,0,2020-08-15 15:42:32
@vedanshshrivastava8171,Baba this dislikes are not for you...,0,2020-08-15 15:42:22
@amitblog9283,Farzi Nai chalegi or iski awaj bhi farzi,0,2020-08-15 15:42:18
@NandanJhaofficial,Dislike,0,2020-08-15 15:42:15
@lokeshyadav8996,Search karke dislike kiya maine . They can buy law and police but ham sabhee log milke is nepotism karne waalonke sikaana hai,0,2020-08-15 15:42:15
@anuragtripathi5812,Pooja bhatt bade behan h aliya bhatt ki sala sara paisa khud hi chatoge,0,2020-08-15 15:42:12
@deepjeetkumar1506,Sabse bekar acting aliya bhatt,0,2020-08-15 15:42:03
@swatipawar7762,Boycott,0,2020-08-15 15:42:02
@dukalugayakwad743,I am waiting this movie,0,2020-08-15 15:41:48
@AjaySingh-ib4qr,S S R,0,2020-08-15 15:41:46
@veeramanrai4094,Love you sanju sir,0,2020-08-15 15:41:41
@dukalugayakwad743,Very nice,0,2020-08-15 15:41:31
@motivational_devyadu454,Sorry Sanjay baba.....,0,2020-08-15 15:41:29
@poomeshdh8404,without reasons Only for sushant Singh,0,2020-08-15 15:41:20
@saimantamang5875,Gonna be a full fledged flop movie. All sluttish and filthy.,0,2020-08-15 15:41:19
@Subhashchandra-od5dh,Bollywood murdabad,0,2020-08-15 15:41:18
@aarkaayken5844,"Now I know why so many dislike., Cos they mentioned #fakegurus# all this are blind bhakts",0,2020-08-15 15:41:10
@ashwinisingh_kkmusicalgroup,*These morons have uploaded the trailer from two account just to get publicity* . *LET'S BOYCOTT THESE NEPO KIDS AND THEIR FILMS*,1,2020-08-15 15:41:01
@Yuvrajsingh0120,This talier just to dislike Jai susant Singh Rajput,0,2020-08-15 15:40:57
@priyankasingh-gc9yk,because of Alia Bhatt,0,2020-08-15 15:40:57
@manjudevi2266,Nikalo kuto ko,0,2020-08-15 15:40:53
@chitranshamuley6117,Ye chindi Alya kisko liya,0,2020-08-15 15:40:41
@debasishchatterjee7729,Vug bc,0,2020-08-15 15:40:39
@rajupandey5888,Bhatt teri ye movie nahi chlegi beta,0,2020-08-15 15:40:38
@probitragogoi3308,Only dislike hahahhah,0,2020-08-15 15:40:38
@AdityaRaj-os8qq,Inn log ka film dekhna hi bakwas h,0,2020-08-15 15:40:37
@yashikamahajan8782,,1,2020-08-15 15:40:37
@jstar3257,Dislike Dislike Dislike,0,2020-08-15 15:40:28
@aartiparihar1205,Boycott,0,2020-08-15 15:40:25
@ChandradharUpadhyay,,0,2020-08-15 15:40:25
@tanveerahmed2088,Sanju was & in great,0,2020-08-15 15:40:22
@arjunsinghthakur6709,Bakwas movie ka k******** trailer,0,2020-08-15 15:40:05
@deepsahu8121,Bakwas,0,2020-08-15 15:40:04
@Sky_Shukla_Bhiwandi,",",0,2020-08-15 15:40:01
@Subhashchandra-od5dh,Aliya bhatt murdabad,0,2020-08-15 15:39:50
@tapinyadav2336,,1,2020-08-15 15:39:48
@saimantamang5875,,0,2020-08-15 15:39:41
@foreverunknownboy3434,Mahesh and alia donoo nepali hai Aur BINOD HAI,0,2020-08-15 15:39:41
@ankitkumarsingh9004,Beti aaylia tu to gyi kaam se,0,2020-08-15 15:39:31
@sushmasurjityadav7866,Bad person,0,2020-08-15 15:39:28
@sanjeevkumarpm3436,Ha bhai bicott karo,0,2020-08-15 15:39:08
@rajadhirajsingh7453,Bekar movie he boycott karo salo,0,2020-08-15 15:39:08
@hiteshparmar8555,Isse Bada Bakwassss.. Trailer Maine Aaj Tak Nahi Dekhaaaa.... Super Floppppp...,1,2020-08-15 15:39:00
@foreverunknownboy3434,Binaa trailer dekha dis like karr Diya,0,2020-08-15 15:38:43
@prakashnegi1804,Chutiya acter hai is movie m ek,0,2020-08-15 15:38:37
@rawlebaisa371,Alia there was a day when i like uh but not now so this dislike for uh dear,0,2020-08-15 15:38:37
@foreverunknownboy3434,India ma acchi sadak nhi hai isliye sadak movie naam sunn ke dislikes tokooo,0,2020-08-15 15:38:20
@tanialodh529,,0,2020-08-15 15:38:18
@dhananjaykumar1304,Sbse ghatiya movies,0,2020-08-15 15:38:14
@gamingwithanshu2107,Sorry sanju sir . i am big fan of you sir but ssr ka liya deslike karna pda,1,2020-08-15 15:38:12
@shehjadansari6003,Wast of time this movie,0,2020-08-15 15:38:11
@Rahul-xj3rf,Only dislike,1,2020-08-15 15:37:58
@lakshyasharma882,Fox Star wale pe 10M ho gaye Jai Hind Mission passed Respect ++,15,2020-08-15 15:37:57
@bhumiarya2468,Dislikes are more than likes,0,2020-08-15 15:37:40
@manveensingh5140,Like only for sanju bhai,0,2020-08-15 15:37:32
@Yogeshgupta8549,Des ke kalank,0,2020-08-15 15:37:26
@poonamdevi2965,Nt gd,0,2020-08-15 15:37:17
@refreshingpoint2877,It's not a flim ...it's a party of star kid with a cheap director ...!!,0,2020-08-15 15:37:14
@ranjanshashi9590,Dislike movie,0,2020-08-15 15:37:10
@SonuSingh-ek7yz,By cott .......this films ......,0,2020-08-15 15:36:55
@amantulsiyan2655,Sanju Baba .. respect man but itni achhi movies m rahe chuke ho apako yeh Bhatt family hi mili thi,0,2020-08-15 15:36:52
@DhruvNathMusic,Tattttiiiiiii bakwaassss,0,2020-08-15 15:36:50
@saptarishiroybhandari4456,Most bogas..,0,2020-08-15 15:36:37
@ritevolution9385,Kachre ko kicchar bana deta hai.. Like bhatts,0,2020-08-15 15:36:30
@Badalbihari3,Movie ko ban kro,1,2020-08-15 15:36:30
@Imsuryavanshi1,Chutiya sale sab ke sab,0,2020-08-15 15:36:21
@rawalsworld.6998,Sorry aditya,0,2020-08-15 15:36:05
@vaibhavwankhede355,Humne to n dekhke hi dislike Alia boycott,0,2020-08-15 15:35:55
@pahadiqueen3243,Alia k liye dislike...sushant k liye kill bola. Karan johar the chakka ko option me sushant mila tha shahrukh bol k dekhta pir kya bolti ye alia. Isko acting ati nai h bas bap dada k pese me uchlo.,0,2020-08-15 15:35:47
@sobiakhan7490,Hate aliyah,0,2020-08-15 15:35:42
@rarvind2,looks like Malang,1,2020-08-15 15:35:39
@suvadip18,Bdk,0,2020-08-15 15:35:37
@royalguru,Bakwaas,0,2020-08-15 15:35:36
@onlinestar555,Wrong time to release the movie,0,2020-08-15 15:35:34
@monajaiswal8492,The worst trailer ever,0,2020-08-15 15:35:28
@rawalsworld.6998,Sorry sanju baba,0,2020-08-15 15:35:27
@aaditsk4016,dislike,0,2020-08-15 15:35:10
@MrGhost5099,"Release hui to flop hui, Jay Hind Support #SSR",1,2020-08-15 15:35:02
@ahyojingx1910,Worst movie,0,2020-08-15 15:34:53
@alishasuri6930,#boycottbollywood,0,2020-08-15 15:34:53
@sayanganguly20,"My kind request is to everyone, please don't watch this movie",26,2020-08-15 15:34:48
@KanchanSingh-us3ri,Boycott movie,0,2020-08-15 15:34:44
@MrPixelblur,boycott hotstar...,0,2020-08-15 15:34:29
@scinexgamingyt,Madharchod move h,0,2020-08-15 15:34:14
@sujanbarik594,Banned.. ha ha agaye na sadak par..ullu,0,2020-08-15 15:34:00
@KanchanSingh-us3ri,Only dislike,0,2020-08-15 15:33:58
@AshishSharma-mu1hm,,0,2020-08-15 15:33:58
@subodhsharma7093,The Trailer sucks,0,2020-08-15 15:33:52
@soniasingh5806,Mat dekhna koi film,0,2020-08-15 15:33:46
@chandanmaurya8374,In sab ki move hit nhi honi chahiye ya sab katli hai I heta you guys,0,2020-08-15 15:33:32
@shankarjadhav938,sadak movie ka remake hota to accha hota,0,2020-08-15 15:33:29
@kup1318,Maar jaoo tum sab logg get lost u characterless people,0,2020-08-15 15:33:03
@abhayagrawal3948,Dislike for Mahesh Bhatt,0,2020-08-15 15:33:02
@RahulSingh-kf6lk,Dislikes,0,2020-08-15 15:32:43
@kup1318,"Sharm nahi aatti,,nonsense",0,2020-08-15 15:32:24
@syedzeeshan8549,Ever green baba,1,2020-08-15 15:32:15
@swatikumari4027,Chudail ka movie dekhna to dur kmini k nam see nfrt ho gyi h,0,2020-08-15 15:32:12
@hemadripareek5661,Worst,0,2020-08-15 15:32:07
@DineshSharma-fy4yc,Bhatt Family Dirty family is bollywood,1,2020-08-15 15:31:52
@vijayalogy,... dislike G,0,2020-08-15 15:31:41
@akshaypratapsingh8698,Dislike alia bhatt,0,2020-08-15 15:31:40
@zipp3ryt,"#justicforsushant. This dislik becz, for Alia and all others bhutts... Not for sanju and others characters.",0,2020-08-15 15:31:39
@parveenojwani1677,log kahate the ki pahle trelar dekho bina dekhe dish Like mat karo ab trelar dekha to eshi movi dish like ke layak hi h sadak 1 ki buri tarah vat lagai h,0,2020-08-15 15:31:34
@Princebilodara,Aise logo ki movie ko dekhna hi nahi chahiye,0,2020-08-15 15:31:33
@dillipparida6159,Sadak 2 dekhne k badle main to koi b tootie footie Sadak dekh k sath main thandi Hawa v kha loon toh achha h,0,2020-08-15 15:31:29
@nicecomputer2393,Boycott karo salo ko,0,2020-08-15 15:30:59
@entertainernumber193,Bollywood bycoat only south,1,2020-08-15 15:30:40
@izza5612,Super duper hit hogi.. bahuth din bad kuch story dekhne ko mile gi aisa lagta,0,2020-08-15 15:30:15
@milijassal8880,Kitni gandi acting sabki... Over acting...,0,2020-08-15 15:30:13
@Shubham-vk6sq,Star kids Chutiya,0,2020-08-15 15:30:11
@manojbehra1334,Bakkkwaaaaaassssss banddddddd,0,2020-08-15 15:30:05
@hemantsaini3849,Dislike for bhatts and starkids movie,1,2020-08-15 15:30:03
@asharani6417,Wat nonsense is this.......?,0,2020-08-15 15:30:01
@nileshkumarwani8356,Make it 2 crore You know what I am talking about,2,2020-08-15 15:29:41
@rakeshmalefactor7553,The real win has to be like if we uninstall hotstar and deactivate account.. if those 1.9M Dislikes makes the change of deactivating Hotstar accounts.. that will make a difference,0,2020-08-15 15:29:37
@yogesh8558,Bycott this movie.,0,2020-08-15 15:29:34
@ravindrasinghrajpoot3165,Boy cott 2,0,2020-08-15 15:29:24
@vijensatardekar3414,Lode lag gaye,0,2020-08-15 15:29:23
@ArtCreativeMindz,Acha to Sadak2 ka matlab do Channels pr bezati karwana tha,0,2020-08-15 15:29:21
@goodlifestudy2003,I love susant,0,2020-08-15 15:29:12
@rituraagmusicvolgs4646,2020 top film was dil bechara #shushantsinghrajput... #bycottrehaandmaheshbhatt.,0,2020-08-15 15:29:11
@kunwarshakti306,Boycott mafiya movis...,1,2020-08-15 15:28:55
@kalpanakulshreshthalearning,Dislike only for alia & Bhatt's movie not others,1,2020-08-15 15:28:41
@musicknowledge8064,dislike for Bhatt community.,0,2020-08-15 15:28:40
@audiobooks5947,Fully bakwas time waste movie z grade type,0,2020-08-15 15:28:38
@informationwithbhaiyaji5557,This dislike is for nepotism not for Sanju baba,3,2020-08-15 15:28:37
@SusheelKumar-gp3hb,Ssr,0,2020-08-15 15:28:25
@rambaghtop4709,Kukkur hi movies dekhaga.,0,2020-08-15 15:28:22
@ravindramehra3517,I don't like this trailer,0,2020-08-15 15:28:17
@rakeshmalefactor7553,Uninstalled Hotstar and deactivated acct,0,2020-08-15 15:28:14
@Shivay-o7x,dislike,0,2020-08-15 15:28:12
@રાહુલ-ql3oe,dekhe bina unlike,0,2020-08-15 15:28:10
@audiobooks5947,Super duper flop movie,0,2020-08-15 15:28:03
@amitkamate6635,Tharki buddha ...,0,2020-08-15 15:28:01
@shaliniraja9317,I'm watching this video to dislike it,0,2020-08-15 15:27:34
@sanjeevankumar6972,I het you aalia and mahesh bhatt,0,2020-08-15 15:27:29
@osmpunjabi,Why 2m people dislikes who knows behind mestery,0,2020-08-15 15:27:29
@mamtaojha6473,Only aliya ...not others,0,2020-08-15 15:27:19
@seshukhandavilli,Excellent,1,2020-08-15 15:27:18
@fanmsd8711,Boycott justice for #ssr,0,2020-08-15 15:27:14
@unknownaspirant2026,* // 2 *,1,2020-08-15 15:27:13
@AnythingYashubh,"2:31 replace that with ""PRODUCED BY MURDERER"" #JUSTICEFORSSR",37,2020-08-15 15:27:06
@Dhruvcomedy7080,!?,0,2020-08-15 15:27:06
@ankitchaturvedi8363,jab tak aise logon ko Bollywood mein safai ya nahin hoga tab tak Bollywood ki safai nahin ho sakti isiliye aisi movies ka bycout karna hai hamare liye acha h,0,2020-08-15 15:27:04
@D._.KHXNNN,world record 20m disliked,0,2020-08-15 15:26:59
@vishalvikramsingh703,Dutt sir be afar from Bhatt family,0,2020-08-15 15:26:41
@bibu107,Boycott Bhat movies,1,2020-08-15 15:26:39
@sk-allreviews,Bakawasssss,0,2020-08-15 15:26:31
@marathaatul5341,World record of dislikes,0,2020-08-15 15:26:22
@ameet_9578,Like those who just came to dislike,0,2020-08-15 15:26:22
@RevRoamRepeat,I liked this video only for sanju baba,0,2020-08-15 15:26:21
@AakashMahla,,0,2020-08-15 15:26:21
@dpksppraveen2571,Another time i have disliked this trailer,0,2020-08-15 15:26:16
@vishalvikramsingh703,Dislike is only for Bhatt,0,2020-08-15 15:26:12
@Sonusingh179,Boycott,0,2020-08-15 15:26:11
@Dr.Anindya2629,Justice for Sushant Singh Rajput,0,2020-08-15 15:26:07
@silvershades2730,I have made many id's and dislike the trailaor,0,2020-08-15 15:25:59
@psgaming7726,,0,2020-08-15 15:25:57
@abhitsubba4291,"Mahesh batt apni batti ko cinema ma la skta hai lakin sushant jaisa talented honourable larka ko nhi kyunnnn,?? Shushant ka maut ka jimmadarr ko krhi se krhi sjja millni chahiya",0,2020-08-15 15:25:47
@roshanigairola3322,Let's press the dislike button and share and comments,5,2020-08-15 15:25:43
@insuranceconsultantalltype2930,,0,2020-08-15 15:25:43
@vishalvikramsingh703,Bullshit,0,2020-08-15 15:25:29
@dimplemishra7708,Sanjay sir sorry par Aliya ka liya folop ho na h ya movie ko,0,2020-08-15 15:25:22
@pratimasingh4613,Alia ko gliya padni chahiye ki nahi,0,2020-08-15 15:25:17
@gulshanaggarwal1,Mtlab kuch bhi.... Bhae hindustan ke wasi ho to km se km itna to seekh lo... secular ho to kisi bhi dharam ka bich me na lao ya saaf bolo hum to ek dhram ko man ne wale hai unhi ke favor me bolenge aur unhe ka favor krenge. Jb to ye samjh aata hai pr secular k naam pr ye dogla pan kahe bhai...,0,2020-08-15 15:25:13
@suhaanhunerkar278,Suhaan,0,2020-08-15 15:25:13
@vijaymbarbs8,WHO IS ALIA?????? I take a vow to not to watch this movie...,0,2020-08-15 15:25:10
@PradeepKumar-ix3hj,,0,2020-08-15 15:25:07
@parinamanpadalgal1691,End of the trailer is very nice. Ab marega--- Mahesh bhat.,4,2020-08-15 15:25:02
@osmpunjabi,Who loves Aditya Kapoor,0,2020-08-15 15:24:48
@jayshingkhese7394,,0,2020-08-15 15:24:46
@vikassharma896,Sorry baba . But dislike to krna hi padega. Or movie dekhne ka to sawal hi nho hota. Jo dimag lga k movie banai h na. Phir b nhi chalne vali h. But is baar baat alag h,0,2020-08-15 15:24:34
@heartless9378,flop,0,2020-08-15 15:24:30
@jaydeepsinhjadeja3830,Alia (chillar),0,2020-08-15 15:24:11
@manoharbalotiya2486,chal pahli furst m nikl Sali lavdi chinal,0,2020-08-15 15:24:08
@kiranpawar9626,"Aliya kitani manhus hai,,sanju baba k sath kam kiya sanju baba k to laag gai,, cancer ho gaya,,aaisa h honga bade bap k beti ko liya na to aaisa h honga,,vashila vali gudiya bc",0,2020-08-15 15:24:06
@yupyup7296,Movie ki story hi smjh nai ayi ..,0,2020-08-15 15:23:56
@paramprakash8814,,0,2020-08-15 15:23:53
@tarundhara9657,,0,2020-08-15 15:23:50
@trddd2666,Always be chutia,0,2020-08-15 15:23:49
@iglepp,Give more dislikes,0,2020-08-15 15:23:45
@dr.sadhanashivdasani1430,It will become a most disliked vedio of the YouTube and the credit will go to honest audiance. #JusticeforSSR,0,2020-08-15 15:23:40
@animeshshriwastava6080,Bakwash movie hai,0,2020-08-15 15:23:35
@JKTHEKINGJKTHEKING,,1,2020-08-15 15:23:34
@montykumar7176,RANDII KAAA BACHAAAA WALA MOVIES,0,2020-08-15 15:23:26
@lalitathakur8109,Get well soon sanjay sir,0,2020-08-15 15:23:25
@laxmikoch1615,Sanjay ji ke liye ek like de rahe hai,0,2020-08-15 15:23:18
@bbrakesh9786,Bakwaas,0,2020-08-15 15:23:14
@ArvindKumar-sk3cz,Is se achi sadak to gaon ki hai,0,2020-08-15 15:23:08
@ranjanaranjana130,Boycott,0,2020-08-15 15:22:52
@pururajsoni6465,this is the first time in my life i have searched the trailer to dislike,0,2020-08-15 15:22:26
@bholachahar458,In ko to bollywood se hi nhi apane desh se bhi nikal dena chahiye,0,2020-08-15 15:22:23
@pururajsoni6465,this is the first time in my life i have searched the trailer to dislike,0,2020-08-15 15:22:16
@PawanSharma-ri4xv,,1,2020-08-15 15:22:08
@kamlakantyadav7343,Is Movie ka bhiskar ho,0,2020-08-15 15:22:00
@ravirawal5004,Boycott this movie.,0,2020-08-15 15:21:44
@KapilYadav-sp6gi,Boycott,0,2020-08-15 15:21:44
@milindwagh1041,Nepotism,0,2020-08-15 15:21:29
@dr.devendra6001,Boycott Boycott,0,2020-08-15 15:21:24
@aryanpawar8468,Dislike,0,2020-08-15 15:21:18
@mintumondal6543,,0,2020-08-15 15:21:07
@gopinalawade1911,Original original hai Sadashiv amrapurkar best villain actors 1991 best movies,0,2020-08-15 15:21:07
@testking30,We are not going to watch this movie at any cost,0,2020-08-15 15:21:03
@snehalkumbhalkar,Bakwas...,0,2020-08-15 15:21:03
@ravi6096,,0,2020-08-15 15:20:33
@devilgaming5322,bahi dekho yrr sirf alia bhat ke hone se hm movie ko kharab nahi bta skte na usme baba bhi to h unke bhi kafi fan honge tum m se to yrr tumhe dislike krna h karo magar movie dekhne k baad he faisla krna ki kharab h achi,0,2020-08-15 15:20:28
@paragkasturkar5417,Bakwas nahi dekhna,0,2020-08-15 15:20:27
@LuckyLaxman5567,dislike me tho record thod diyaa,0,2020-08-15 15:20:18
@salilsinha3871,I hate bollywood,0,2020-08-15 15:20:12
@GurinderSingh-pt9th,,0,2020-08-15 15:20:12
@RJ-tl3jl,Bhatt to to gaya,0,2020-08-15 15:20:11
@rjayarasingh7,Dis like kiya maine,0,2020-08-15 15:20:01
@Official_Rajnish_Yadav_Rj,Dislike thoko,0,2020-08-15 15:20:01
@PradeepKumar-ci9pu,The trailer will be excellent if alia bhat is absent in the movie.....,0,2020-08-15 15:20:00
@sunnysharma-eg8bb,"Not offending anyone but this trailer literally bakwas at all ...and in logo ki acting ""soneuhaga wala kam"" now double bakwas.",0,2020-08-15 15:19:59
@devildork2471,Pure shit,0,2020-08-15 15:19:36
@erronblackgaming4703,Chutad Alia,0,2020-08-15 15:19:16
@dharmeshkumar4436,Bakwaas,0,2020-08-15 15:19:10
@pmahalakshmi7235,Dislike it because i love sushant ..,0,2020-08-15 15:19:03
@onceinabluemoon2818,Boycott,0,2020-08-15 15:18:54
@shaikshavali9071,Waiting to dislike,0,2020-08-15 15:18:52
@pramodtiwarikirtanmandali,Jo dislike krna chahte jai o o hme like kare,0,2020-08-15 15:18:31
@pgrg323,Boycott takla tharki's any movies.Y to give him any penny by wachin his creations? There r others to support guys.,37,2020-08-15 15:17:26
@sonamchoubey6251,Worst trailer I watched ever,0,2020-08-15 15:17:20
@Eleganceedge_by_pratimma,Its not even abt nepotism or someone else the story i cant digest it,0,2020-08-15 15:17:18
@rahulvadher5406,Bakchodi hai ye,0,2020-08-15 15:17:09
@saverkaur6057,Bakwas very very bakwas nikal pehli fursat me,0,2020-08-15 15:17:01
@aekanshagarwal7461,Ye kya bawasir banana diye ho,0,2020-08-15 15:16:59
@santoshrajak3330,Boycott,0,2020-08-15 15:16:59
@jitendrarathour1470,Boycoot this movie. Ridiculous,0,2020-08-15 15:16:49
@charanmalla25,Dislike,1,2020-08-15 15:16:43
@NavdeepSingh-qb1mx,Worst film,0,2020-08-15 15:16:31
@Befikarrrr,Tattyy,0,2020-08-15 15:16:30
@milindbhosale7043,Bhaiii mai to unlike karne ke liye open kiya .,0,2020-08-15 15:16:22
@patelsupriya2207,High nepotism in industry,0,2020-08-15 15:16:18
@iandme_era,Ye dekhne se accha hai black and white movie dekh lu I hate this,0,2020-08-15 15:16:17
@aaravvedwal,"Ye behanchod Aalia Bhatt ko star samjha rhe h isko ka iq level to papu se bhi Kam h Ye 12 pass BC Sushant Ko jo ki aieee me top rank se select hua that ek show par English me Gyan baat rhi thi, or attitude dekho to isme duniya bhar ka bhara PDA h sale fake stars",0,2020-08-15 15:16:09
@kirankiru7402,Just search n dislike it so easy pizyy,0,2020-08-15 15:16:01
@durgatamilponnik7314,Vow 1.9m dislike now haha,1,2020-08-15 15:15:59
@koreanstorysong9406,Kaise laga ye toh trailer that picture abhi baki hai uski gand laga denge,0,2020-08-15 15:15:50
@narendervashisth460,Oooooooooooooooooooiooooooooooooooooooooooooooooooooooooooooooiooooooooooooooooooooooooooooooooooooooooooooooooiooooooooooooooooooooooooooooooooooooooooooooooooooooooooooooooooooooooooooooooooooooooooooooooooooooooooooooooooiooooooooooooooooooooooooooooooooooooooooo,0,2020-08-15 15:15:49
@schengenvisaservice4759,Movie of Gang who only promote star kids...,0,2020-08-15 15:15:47
@retikkumar5602,Mother chod ki picture hai,0,2020-08-15 15:15:45
@chandrashekar6437,We hate nepotism,0,2020-08-15 15:15:41
@Eleganceedge_by_pratimma,Really such a drama i will prefer to watch some series instead of this movie... Chala na goli,1,2020-08-15 15:15:39
@AnirbanBiswas123,*disliked*,0,2020-08-15 15:15:37
@anandjoshi3624,Boycott mahesh Bhatt,0,2020-08-15 15:15:30
@sonukumarhindu1179,Not supported #boycott,0,2020-08-15 15:15:25
@runnikumari6333,,0,2020-08-15 15:15:01
@amalrajput01,Ek shabd me.....bekaar,0,2020-08-15 15:14:42
@shiwanisingh5484,Who is Alia,1,2020-08-15 15:14:30
@junaidbagwan8494,"Boycott Nepotism, We will not Watch Any Nepotism Product Movie.... Sorry and Get Well Soon Sanjay Sir...",0,2020-08-15 15:14:28
@himanshupatra8238,Boycott Aliya bhatta,0,2020-08-15 15:14:26
@intoxicatedbychai7134,Pathetic trailer!!!,0,2020-08-15 15:13:59
@amansirohi15,Dislike kro bhai ( # Rip susant singh rajput ) Boycott bollywood,1,2020-08-15 15:13:38
@varnitraina4684,Dog's,0,2020-08-15 15:13:35
@mayankcricketgamingchannel3395,Mare Thara kisna dislike Kiya video Ko,0,2020-08-15 15:13:33
@ajinkyakadam5663,Binod,0,2020-08-15 15:13:28
@sumerrathore165,"All these should be destroyed forever, all of them should be kicked out of the film industries,",0,2020-08-15 15:13:27
@ajinkyakadam5663,Binod,0,2020-08-15 15:13:18
@pushpindersandhu4143,Bakwas mahesh Bhatt bhadwa,0,2020-08-15 15:13:17
@jishnusandilya80,Sanjay dutt ko chorke sab bekar,0,2020-08-15 15:13:13
@onlinestudypoint5302,Kmina,0,2020-08-15 15:13:12
@rupamkumarixiia2931,We won't support nepotism at all,0,2020-08-15 15:13:01
@Rai_Sahab4,Jo mere sath h sushant sir ke sath wo dislike maro Plz bhai log Love u rip,0,2020-08-15 15:12:47
@punitdas6804,Its best dislike movie for alia Bhatt,0,2020-08-15 15:12:38
@sandeepgoud8971,Gandu trailer,0,2020-08-15 15:12:35
@vikasgautam4130,and who all come here to dislike it so for them,1,2020-08-15 15:12:30
@StellarOriginal,Whatever the hell Nepotism of alia Sanju Baba you've amazed always....... Sirf usliye dekhenge,0,2020-08-15 15:12:30
@SSS-dn3uz,New goal to reach 10M once again,1,2020-08-15 15:12:25
@oscaraward2506,I hate aaliya,0,2020-08-15 15:12:24
@sandeepkhatri7830,Fully Bycot,0,2020-08-15 15:12:14
@hardengaming5276,Boycott alia,0,2020-08-15 15:12:10
@mitalimittal5034,Worst movie ever,0,2020-08-15 15:12:03
@AbhishekRajput-oe8jd,Susant Singh Rajput is real hero,0,2020-08-15 15:11:57
@sitaverma1250,I didn't saw the trailer Just came here to dislike it,0,2020-08-15 15:11:56
@arjunmajhi131,,0,2020-08-15 15:11:52
@ashutosh4282,Areee 10 million kam gir gaye lagta hai,0,2020-08-15 15:11:51
@shabanapatal8389,Haram mahesh but suvvar Ka awlod Sara familly pron stars voga. Baycot all khan movies also mahesh our nalla Ka movies,0,2020-08-15 15:11:45
@ashuc85,#Boycott Bollywood,0,2020-08-15 15:11:42
@vastsandeep,"Alia, pls don't show us your bloody face again.",0,2020-08-15 15:11:41
@vikasgautam4130,#justice for sushant singh rajput,3,2020-08-15 15:11:24
@raovijay8757,Abe bc Alia ko leke q aisi taisi kra di movie ki,0,2020-08-15 15:11:24
@Rai_Sahab4,I hate alia bhatt Miss u sushant sir,0,2020-08-15 15:11:22
@payeldas872,Just a s****,0,2020-08-15 15:11:19
@tusharparmar265,,0,2020-08-15 15:11:03
@atoz2324,Sorry dislike,0,2020-08-15 15:11:03
@technicalrashuz96,https://chat.whatsapp.com/DzJWDcV9ss90AuLa0dDzcF,0,2020-08-15 15:11:03
@sarojrawat9013,Not only we have to dislike we have also not to watch this film,0,2020-08-15 15:10:56
@vikasgautam4130,#no 1 hero SSR,1,2020-08-15 15:10:46
@raghvendra3790,Teri maa ka bharosa,0,2020-08-15 15:10:46
@sanjeevchaudhary1013,Bycutt,0,2020-08-15 15:10:40
@samirahmad4503,Binod,0,2020-08-15 15:10:38
@errorfilms1023,See the record of sarrainodu Hindi dubbed movie,0,2020-08-15 15:10:36
@jagdishmalik7777,...,0,2020-08-15 15:10:19
@TechyBro,Search for dislike,1,2020-08-15 15:10:14
@pappusheladiya6354,They both are salfis Pls don't what at this movie,0,2020-08-15 15:10:14
@jagdishmalik7777,...,0,2020-08-15 15:09:49
@jwaharkalaunisancharasatha7306,Awesome,0,2020-08-15 15:09:47
@Hawk_Ironfist,Boycott Disney hotstar,0,2020-08-15 15:09:47
@kishorjagtap4570,.,0,2020-08-15 15:09:37
@sachinthakur998,Justice 4 Sushant,0,2020-08-15 15:09:36
@goddevanshyt8478,I love ur song akhar tuhme ana ha but I will never listen this song,0,2020-08-15 15:09:24
@sushmathakur3478,Upar vala is never with u alia bhatt! And ur baap too beti ...nepotism sucks!,0,2020-08-15 15:09:24
@RajeshChauhan-hp5dt,Boycott,0,2020-08-15 15:09:19
@AbhishekKumar-hd7nu,Kuto ka nahi Dekhana,0,2020-08-15 15:09:11
@geethapg8558,I dont care about nepotism but this trailer is shit.....,0,2020-08-15 15:09:09
@NilNilisha07,Binod,0,2020-08-15 15:09:07
@babyshreenath916,che,0,2020-08-15 15:09:04
@Hawk_Ironfist,If this movie release in hotstar then I will never buy hotstar .,21,2020-08-15 15:08:56
@vinayr8335,1 dislike from me. Love you Sushant.,1,2020-08-15 15:08:39
@RajeshChauhan-hp5dt,Yaaaaaaaaak thuuuuuuuu chhiiiiiiiii,0,2020-08-15 15:08:34
@ansraj9743,Koi baat nhi sanju baba ap ka galti isme nhi hai par ab jo ayega KGF chapter 2 wo pura hit hoga,0,2020-08-15 15:08:28
@tarunbaidhya6709,I am just come for dislike the video,0,2020-08-15 15:08:17
@gemini.4067,ye kya hai?,0,2020-08-15 15:08:11
@ARKWorld786,love ssr justice for sushant,0,2020-08-15 15:08:07
@parthapratimrabha1808,,0,2020-08-15 15:08:01
@world9120,Bharr mee jaiye,0,2020-08-15 15:07:26
@rajveerrajput4809,,0,2020-08-15 15:07:25
@ishwarsharma6678,Boycott mahesh butt,0,2020-08-15 15:07:23
@goddevanshyt8478,28 August will be black day of India if anyone goes to see this fucking movie,0,2020-08-15 15:06:53
@ARKWorld786,Ghatiya logo ki ghatiya gandi or phuhad film karan johar jaise ghatiya log he dekhenge khud ki ghatiya film,0,2020-08-15 15:06:51
@nitumukarjee9633,Disgusting people. Nepotism..i have boycott this film.,0,2020-08-15 15:06:51
@Hawk_Ironfist,#boycutt Star kids,0,2020-08-15 15:06:47
@VersatileVineet,SSR we love you,0,2020-08-15 15:06:46
@AbhaySingh-iw5lb,Kaun hai aaliya,1,2020-08-15 15:06:40
@Sk_short_video_85,,1,2020-08-15 15:06:13
@amolgarje9981,SSR,0,2020-08-15 15:06:06
@rajadundirajadundi7068,I'm fan of Sushant idoits,0,2020-08-15 15:05:42
@GuitR23,Just came here to see how bad the trailer is and how bad these nepo kids act...dislike to banta hai.... #boycottsadak2,0,2020-08-15 15:05:39
@jewelleryupdate9266,Chotiya hai sob,0,2020-08-15 15:05:24
@Lord-V15,WTF is this uneven theme of the movie? It feels like they wanted to make a road trip movie but then decided to make it an action flick.,5,2020-08-15 15:05:15
@rahularunda,I have never liked Aliya's face nor her acting.,104,2020-08-15 15:05:10
@rrv8161,Jitta paisa isma lga ussa achaa bachho ki school ki feee submit krdedete dua miltiiii,0,2020-08-15 15:05:08
@harshithasree6707,I dislike the video without watching,0,2020-08-15 15:05:05
@koreansauce7069,Gay video,0,2020-08-15 15:05:03
@renubhardwaj7157,Aaaatttttthhhhhhuuuuuu,0,2020-08-15 15:04:58
@who_vivek,Nepotism Except BABA,0,2020-08-15 15:04:53
@pramodworkvlogs884,Bak was... Thuuuuuu,0,2020-08-15 15:04:47
@RakeshGupta-rc1et,Dislaek,0,2020-08-15 15:04:44
@samugouda9403,Abe dank se PM nam pata nahi hai in logon ko toh industry se bahar nikalna chaiye nepotism ko koi entry nahi ae sali ALIA BHATT ko baga jana chahiye,0,2020-08-15 15:04:36
@ritikabarua9008,Bakwas movie heroine toh aur BHI bakwas nepotism ki aulad,0,2020-08-15 15:04:25
@jayesh___x183,Super hit,1,2020-08-15 15:03:55
@nadiamahzabin310,At first I thought that i will dislike the trailer without seeing but it will also injustice... Now after seeing this traile i am thinking that it would be better if i dislike it without seeing,0,2020-08-15 15:03:49
@lavanyaanthony1524,Fake stars and stupid star kids,0,2020-08-15 15:03:44
@theknight6369,Mera dislike button kam nahi kar raha tha par abhi kar raha he . . . Dhanyabad. . . #Binod,0,2020-08-15 15:03:44
@sushamajana6251,Justice for sushant singh.....,0,2020-08-15 15:03:44
@reneeefr,Dislike #SSR,0,2020-08-15 15:03:11
@pakshdua,Mahesh bhatti,0,2020-08-15 15:03:09
@govindchauhan1284,Look like Terminator movies .. . Baba seems like Arnold in last part driving on the roads.,0,2020-08-15 15:03:09
@abhishektrivedivlog,Hatao sattadhari,0,2020-08-15 15:02:57
@krishnaratawa,Bda hi ghtiya h ...,0,2020-08-15 15:02:56
@abhishektrivedivlog,Dislike,0,2020-08-15 15:02:48
@lemathongam7130,Report,0,2020-08-15 15:02:37
@ritikabarua9008,Agar hum yeh sab movie naa dekhe toh better hai. Because mujhe Bollywood naa interest tha naa hai.,0,2020-08-15 15:02:31
@akdigitalstudiomianigurdip1683,My favorite actor and my favorite movie sadak,0,2020-08-15 15:02:29
@killeryt9649,I liked this just because of Sanjay Datt but I am against Alia Bhatt and mahesh Bhatt #endnepotism,1,2020-08-15 15:02:26
@saritabhatt7742,"Issi sadak pe baith ke beekh mang ab,",0,2020-08-15 15:02:19
@vaibhavgupta2605,Mahesh Bhatt has lost one avid fan of his in me...no more Bhatt flims on my TV screens...ever...a lot better is there beyond Bhatts...,0,2020-08-15 15:02:16
@neerajrjaiswal,Boycott Mahesh Bhatt.,0,2020-08-15 15:02:09
@lavanyaanthony1524,We wont watch this movie until there is justice for sushant,0,2020-08-15 15:02:07
@indianarmy-ns5pm,Nahi bhai koi bhi a picture release hone par koi bhi mat dekhna please Sushant Sar Ko abhi tak Insaaf nahin mila haior cbi ki Mang kariye please mere doston,0,2020-08-15 15:01:58
@swarnadevi2750,"Boycott these products of nepotism .We are the viewers and we have the power to choose between the correct and wrong .We made a mistake once but we'll not repeat that mistake again .So ,give the starkids a million of dislikes and adopt the outsiders who are the real actors like Sushant",1,2020-08-15 15:01:54
@swapnilpardhe5038,i hate aliya n all bhar family,0,2020-08-15 15:01:51
@reenaj625,Kon like KR RHA bhootni ke like krna paap hai Nadi kinare saap hai Wai alia ka baap h,0,2020-08-15 15:01:48
@ajaybontha4453,,0,2020-08-15 15:01:47
@nikulsinhgohil7401,BAN Alia Bhatt,0,2020-08-15 15:01:47
@geetadhote9713,Even I just opened the trailer for dislike.. to add a small contribution to give a lesson to Mr. hypocrite Bhatt....what ever pollution u have created in industry should wash out..and my humble request to all supporter of SSR ...we have the power and choice to choose our real hero...not like this fake one ...so please use your power and show us what we can do,0,2020-08-15 15:01:45
@ruchigodiyal500,Boycott,0,2020-08-15 15:01:44
@riyas151627,We love u sushant we wont spare any of the single one #karanjohar we are waiting for your new movie #justiceforsushantrajput,0,2020-08-15 15:01:43
@subhashitashree6112,I hate u soooooo muchhhhhh soooo muchhhhhh allllll,0,2020-08-15 15:01:36
@mahadeokamble1164,move mat dikhana bhai log,0,2020-08-15 15:01:32
@skumarb999,Ultimate dislikes ! Unity is the strength !,0,2020-08-15 15:01:30
@kanchanparkash5253,stupied trailer alia bhatt nd mahesh bhatt,0,2020-08-15 15:01:25
@abhishektrivedivlog,No Watch,0,2020-08-15 15:01:24
@tituchakraborty6804,Third class film.,0,2020-08-15 15:01:01
@sknajrul-A,Jana tha japan per chale aye punjub,0,2020-08-15 15:00:45
@Anilpatel-wy2yw,Flop alia chor bhattt,0,2020-08-15 15:00:43
@kajalsinghaniya7795,I hate this trailer boycott Bollywood star,0,2020-08-15 15:00:27
@enagickangenwaterbhatiya,Dislike karo,0,2020-08-15 15:00:25
@vinaypandey6091,,0,2020-08-15 15:00:08
@Anjalivedant,I was waiting for this trailer 'd'like,3,2020-08-15 15:00:00
@prosenjitdutta1140,Boycott......,0,2020-08-15 14:59:55
@nilanjanmukherjee3203,Flop,0,2020-08-15 14:59:55
@Kamviper77,Tatti kisne ki he re,0,2020-08-15 14:59:51
@tusharzade5129,Bc trailer hai,1,2020-08-15 14:59:39
@vikassingla63,Boycott Mahesh Bhatt,1,2020-08-15 14:59:33
@gem1305,It was 4m dislikes..now it's 1.9m only how,0,2020-08-15 14:59:32
@maheshtiwari3138,,0,2020-08-15 14:59:18
@shashideshpande2292,Chal chutiya film deshdrohiii,0,2020-08-15 14:59:07
@h.kumarbooksbank1919,Mhaesh butt...kutta,0,2020-08-15 14:59:05
@dr.proficient,Kuch bhi ........not interested sadak2 Hated this......,1,2020-08-15 14:58:52
@jayantdubeydubey3872,Bycoot bhaat,0,2020-08-15 14:58:51
@vikassarathe7606,Chutiya ke movie ko dislike krdo plz,0,2020-08-15 14:58:47
@amanbabu785,,0,2020-08-15 14:58:37
@KiranSuryawanshi-xc4ei,Aliya ke badale dusari heroin chai ye thi...films ...,0,2020-08-15 14:58:36
@sristigupta684,It is like audience can watch many other good cinema for entertainment rather than watching films like these and promoting the false air of being popular . If its about entertainment we can watch way better series on Netflix or amazon thats making profit to some genuine production houses who try and offer roles to new comers and outsiders as well!!,0,2020-08-15 14:58:31
@navinraj8122,Dis like 2 chance please,0,2020-08-15 14:58:23
@Misturindam,SSR ZINDABAD RAHE .. WE WANT JUSTICE FOR SSR ... HE WAS THE REAL STAR OF US.. SSR AMAR RAHE ..,0,2020-08-15 14:58:22
@mousumichakraborty6579,Justice for Sushant Singh Rajput !,0,2020-08-15 14:58:17
@surajyogi4054,,0,2020-08-15 14:58:14
@shaliniprakash3141,Boycott nepotism,0,2020-08-15 14:58:11
@puneetsharma3457,"No story But one word to say ""Third Class"".",0,2020-08-15 14:58:06
@sachintiwari5133,10m Ho gaye,0,2020-08-15 14:58:05
@RajeshKumar-vl5vl,*Smart phone se smart work kar k earning kare free me sign up kare signup karte hi 50 Rs signup bonus mil jayega aur work kar k unlimited earn kare* Rsgio24 joining link http://rsgio24.com/signup.aspx?spnid=9813147976,1,2020-08-15 14:57:48
@debasishbarman453,Please don't show your..... Face again alia,0,2020-08-15 14:57:40
@buntyrawat5088,Alia bhatt ki wajah se ki h ye dislike,0,2020-08-15 14:57:36
@pravinwar,No more nepotism. We will only spend our money if new talent is promoted.,0,2020-08-15 14:57:20
@rajeshsharma-nt5yh,Bollywood filmon ko weichert karo,0,2020-08-15 14:57:19
@habibagencies3639,Peoples please dislike,0,2020-08-15 14:57:05
@ravitolani2698,Is movie ko sadak par hi lana hai,0,2020-08-15 14:57:00
@RajaKumar-oi6sp,#Aliyabhattban,0,2020-08-15 14:56:59
@RajaKumar-oi6sp,#Aliyabhattban,0,2020-08-15 14:56:51
@amleshkumaramleshkumar1972,Fully bavas trailer Isse pahle vala achchha tha,0,2020-08-15 14:56:46
@ranvirbharowal5647,"Agar dislike krna hai to bina dekhe kro. Ease to unke views badh hi jayege Or wo peasa kma hi lenge,, think about it",0,2020-08-15 14:56:41
@sukhpalraghav5265,,0,2020-08-15 14:56:30
@RajaKumar-oi6sp,#Aliyabhattban,0,2020-08-15 14:56:26
@Yourdad1011-t6c,sone (dutt) ko kachra banadiya chutya ne,0,2020-08-15 14:56:16
@RajaKumar-oi6sp,#Aliyabhattban,0,2020-08-15 14:56:13
@LifestyleHub1,,0,2020-08-15 14:56:12
@Twinkle_LittleStar415,Always support talented actors.nepo kids also talented .,0,2020-08-15 14:56:11
@kanchanshaw6203,Is movie me sbse acha to Pooja Bhatt acting kr rhi h Frame me reh k,0,2020-08-15 14:56:10
@RajaKumar-oi6sp,#Aliyabhattban,0,2020-08-15 14:56:03
@akshay2820,say no alia,0,2020-08-15 14:55:56
@Armanmulani,Only baba,0,2020-08-15 14:55:53
@sukhpalraghav5265,Wrost movie,0,2020-08-15 14:55:52
@sampurntechgyan5574,Delete video,0,2020-08-15 14:55:45
@RajaKumar-oi6sp,#Aliya bhatt ban,0,2020-08-15 14:55:42
@akadcha4181,Kohi mht dehkna,0,2020-08-15 14:55:26
@swetasinghshrinet,Bycott This Movie Bycott Nepotism Bycott Star Kids,0,2020-08-15 14:55:21
@aniketupadhyay8850,Binod,0,2020-08-15 14:55:16
@shankarpandupawar8073,Baba movie nahi dekenge sorry,0,2020-08-15 14:55:13
@ArvindKumar-km8oy,,0,2020-08-15 14:55:13
@goyalmehndidesingn3702,Sorry sorry sanju baba,0,2020-08-15 14:55:10
@akshayrohilla4348,Nepto & khansno more,0,2020-08-15 14:55:05
@Misturindam,Faltu trailer... Super duper flop .. we are SRI SRI SRI SRI N TIMES SRI SUSHAN SINGH RAJPUT'S FAN .. WE BOYCOTT YOUR ALL MOVIES ... FROM ME ONLY DISLIKE FOR YOU ...,0,2020-08-15 14:54:27
@dhavalsakariya9405,Aalia to gyi,0,2020-08-15 14:54:13
@shashanksingh8331,Boycott this movie,0,2020-08-15 14:54:03
@riyaghodke4172,Pyar kachre ko sona banata hai parr humme kachra dekhna nhi hai,1,2020-08-15 14:53:38
@Gears-Journeys,We about to change the whole mf BOLLYWOOD wait and watch,0,2020-08-15 14:53:33
@VishalSingh-dk6gp,Bekaar,0,2020-08-15 14:53:32
@sujansinghshekhawat3398,Love u sunju baba but not m.bhatt ...MC...,0,2020-08-15 14:53:32
@AmeySapkal-xt2to,Who else came here just to dislike video,0,2020-08-15 14:53:25
@ankitg6419,Ham nhi dekhenge,0,2020-08-15 14:53:25
@crazyboysuji6933,Nepotisam,0,2020-08-15 14:53:22
@santoshshah3274,Aaa thuuuu,1,2020-08-15 14:53:18
@kimtaehyung1366,I think comment section is more interesting than the actual video,1,2020-08-15 14:53:16
@aakashchaudhary1986,One like for sanju baba,0,2020-08-15 14:53:16
@zevystar8646,Dislikes ye wohi 20lacs tiktok wale chutiye h ......muje trailer like nahi krna ta ....but krna padha nepotism hahahahaha khud kuch like Wala kaam karo karo pehele badme dusre ko dilike karna,0,2020-08-15 14:53:06
@fitnesspurpose1406,Sushant ham sharminda hai tere kaatil abhi bhi zinda hai!! Ab to sharam kro itne dislikes ke baad bhi mar kyu ni jaate!!,0,2020-08-15 14:53:05
@kkstudioamet,Boycat the movie,0,2020-08-15 14:52:47
@kamleshtembhare,Fake stars,0,2020-08-15 14:52:41
@anjalisinha7012,Koi bhi is film ko na dekhen please,0,2020-08-15 14:52:39
@sandyanticona7318,Bakwaas,0,2020-08-15 14:52:37
@teacity123,Always dislike Miss u Sushant,0,2020-08-15 14:52:29
@dipalraval5543,Alia ji pls acting chhod do.,0,2020-08-15 14:52:26
@sudishkumar6001,Bycott,0,2020-08-15 14:52:07
@rekharora,,0,2020-08-15 14:52:07
@blushwithprav,Came here to dislike only but thought to saw it............ Fuck it.. 3:00 Mins wasted.. Sorry 3:02 :/,0,2020-08-15 14:52:07
@pankajluthra1479,Dont watch this movie and trailer... its my appeal to all...,0,2020-08-15 14:52:06
@shorts_creator3522,Sadak ko to sadk pe hi achha lagta he or ye sadak pe hi rahega,0,2020-08-15 14:51:58
@asuryasaree9161,Bakwash film,0,2020-08-15 14:51:40
@Ankitninja300,Sorry Sanju Baba but ye female actresses kon hai aachi nahi lagi acting iski so dislike...,0,2020-08-15 14:51:39
@anjalisinha7012,Is film ko koi na dekhe kasam Sushant ki,0,2020-08-15 14:51:35
@someshjha9774,Boycott,0,2020-08-15 14:51:32
@lohemicaneat5511,SSR,1,2020-08-15 14:51:22
@tushar1624,Andi Mandi Sandi Jo nepotism ko badhwa de uski ********* ..... complete this,0,2020-08-15 14:51:20
@rmrahulmeena3457,Aliya ki wajha se ishe diss like mile h,0,2020-08-15 14:51:11
@shorts_creator3522,Bycott,0,2020-08-15 14:51:07
@ayushimohan1274,Sadak 2 sadak par jaega,0,2020-08-15 14:51:03
@adityamohod3819,Guys the film is not on her only its Sanjay dutt fimls best actor ever so don't dislike his film,1,2020-08-15 14:50:47
@amanghantal-b2z,Ager aap like nahi kar sakte to aap unlike kya kar rahe hai,1,2020-08-15 14:50:46
@zooghz1589,I watch this trailer 5. Times I can t understand anything,2,2020-08-15 14:50:45
@LalanKumar-hv8ec,Who is aaliya,0,2020-08-15 14:50:45
@nikitachhabra2911,A Film by an Idiot and worked by Idiots..,0,2020-08-15 14:50:32
@adiking5738,The truth of this amount of dislike is because in this movie Alia bhat and Mahesh Bhat is present Am i right,0,2020-08-15 14:50:32
@onlinabhi,Justice for sushant,0,2020-08-15 14:50:28
@neha1061,Sab dislike kuin kr re hai vaise,0,2020-08-15 14:50:22
@thakurdeepanshusolanki7700,Ab se jo bhi Mahesh Bhatt ki move ave gi vo felop he jave gi kyu.. ki humro bhai RAJPUTANA ki shaan Sushant Singh Rajput..ko mar diyo tum sb maro ge ab bno move humm bhi dekte h kase tum move released krte ho,0,2020-08-15 14:50:16
@anjalisinha7012,Very bad,0,2020-08-15 14:50:11
@satyamshivam007,"Normal ,",0,2020-08-15 14:50:11
@greatthoughtsfromme,Dislike for #BINOD,0,2020-08-15 14:50:03
@shida2772,Log watch kare h trailer ko dislike ke chakkar me sidha report karo take delete ho jaye youtube se fir ghante ka promotion kare ge youtube,0,2020-08-15 14:49:50
@ka17applefitness,Justice for Sushanth,0,2020-08-15 14:49:48
@anandsagar1138,Bad movies I hate alia bhatt,0,2020-08-15 14:49:44
@naemaltariqtariq562,Flop,0,2020-08-15 14:49:15
@viveksingh5104,Super shit,0,2020-08-15 14:49:04
@pankajsingh-du3gu,Sorry Sanju sir,0,2020-08-15 14:48:55
@AnkitKumar-on6xl,Unlike karne aaya hu,0,2020-08-15 14:48:49
@pavanjamdale7715,Sadak,0,2020-08-15 14:48:48
@anarhathekadath6311,Why is everyone here with so much hate.Once SSR was asked abt nepotism and not getting chances he never hate anyone or he doent like to spread hate like this.Is it proven that Alia or Mahesh butt is responsible for SSR death.The original person should be punished thats true justice for SSR,0,2020-08-15 14:48:34
@alljuwaraja9883,On kiya dislike krne k liya,0,2020-08-15 14:48:32
@arindamchatterjee1145,Alia -who is suahant Public after 5 years - who is Alia?,0,2020-08-15 14:48:29
@kankanbora4001,Aliya - tati,0,2020-08-15 14:47:58
@ajnrajput7117,Sadak2 bakwaas trailer....... Nikal jao bhatt family india se.....,0,2020-08-15 14:47:57
@rishikn3439,who here came to dislike,0,2020-08-15 14:47:48
@m.r._prajwal,Not fr Sanjay Dutt,0,2020-08-15 14:47:44
@darshangowda3379,Unfollow nepties on all social media.. ASAP,0,2020-08-15 14:47:42
@SunilKumar-zi7zn,Bhatta family randi hai sali,0,2020-08-15 14:47:40
@RAHULSingh-jh8br,Fake,0,2020-08-15 14:47:36
@vishalshah1620,Kuch bhi banaya hai,0,2020-08-15 14:47:30
@nitintatiapmul2136,,0,2020-08-15 14:47:25
@manishatomar8938,Bekar aur bakwas,0,2020-08-15 14:47:25
@parveenkataria1382,Who is alia,0,2020-08-15 14:47:25
@jitendrakumarmishra453,Ghatiya,0,2020-08-15 14:47:23
@gamingwithrianboiis7863,World record alia bhatt .celebrate your time .mere trailer pai sabse zyada dislikes hai .tumhare trailer pai hai kya .aisa alia bhatt bolegi,0,2020-08-15 14:47:21
@patragyanendra,I hate this movie trailer. Bcz its a Mukesh Bhatt film and one of flop but Nepotism actress Alia bhatt acting in this movie... so no one like nepotism film... hate hate and hate this movie.,0,2020-08-15 14:47:16
@jitendrakumarmishra453,Bakwash,0,2020-08-15 14:47:11
@vaibhavverma2630,nepo products ...they all hate real tallents....justice for SSR ! .... I also respect shradha kapoor that she attended condolence of SSR....and big round of applause for Kangana Ranaut ! ...And for all who support SSR.,0,2020-08-15 14:47:07
@patragyanendra,I hate this movie trailer. Bcz its a Mukesh Bhatt film and one of flop but Nepotism actress Alia bhatt acting in this movie... so no one like nepotism film... hate hate and hate this movie.,0,2020-08-15 14:46:57
@prabhakarwaghmode5523,Bsdk,0,2020-08-15 14:46:21
@i-llusion8744,dont get me wrong im just came here to dislike,0,2020-08-15 14:46:08
@Deva-ASD,dislike,0,2020-08-15 14:45:59
@pankajpachauri5563,Dislike Dislike dislike dislike dislike dislike............,1,2020-08-15 14:45:52
@gopalthapa7919,Bhai Sanjay dutt ko toh chor do,0,2020-08-15 14:45:44
@goddevanshyt8478,"Baba kabhi aana mere ghar , dekho pariwar kya hota h",0,2020-08-15 14:45:42
@rowoonswife7279,https://youtu.be/cMiGBVJU4tg,0,2020-08-15 14:45:22
@ErasworldSachinEraLove,End of Nipo kid's Middle class Kidd's rocking This is power of middle class,2,2020-08-15 14:45:19
@shafiullahkhan9323,"Outstanding trailer congrats Aditya,Baba, and alia bhatt",1,2020-08-15 14:45:08
@goddevanshyt8478,You r part of this game,0,2020-08-15 14:45:07
@LennyandZuiworld,Really I was thinking why ppl disliking the trailer I thought to watch nd give like but after watching the trailer I changed my mind ........ No story,2,2020-08-15 14:45:01
@satendrasingh4739,Koi na dekhna sale ki movie,0,2020-08-15 14:45:01
@dipakdevraj9491,Maa chud gyi bc log,0,2020-08-15 14:44:51
@adarshanand6035,Ghatiya,0,2020-08-15 14:44:47
@shaiknadeem5104,Superb trailer,0,2020-08-15 14:44:42
@AnilKumarAnilKumar-bp1xt,Asia achcha to hamare Bihar ki sadak hai,0,2020-08-15 14:44:42
@lalankumar-nr5mg,Koi nahi dekhega sadak 2 maha bakbas.......,0,2020-08-15 14:44:41
@sangeetassraf895,Nepotism k sakal v nehi dekhna ..... ..... Unk bap hi dekhe ye movie .... Tum logo k liye hm jese normal logo se koi hero Banta he or tum log use mar dete ho or tum jese nepotism k movie dekhe hum kv nehi,0,2020-08-15 14:44:28
@krishnachetry6839,Boycot,0,2020-08-15 14:44:27
@chayanikadas1587,Sahe kitni v atchi movi q na ho.....jaha Nepotism hoga waha dislike or Film dekhene ka to na hi nai,0,2020-08-15 14:44:18
@meghamausam7848,Totally bycot of Mahesh bhatt movie I never want to see any movie of Mahesh bhat production,0,2020-08-15 14:44:16
@goddevanshyt8478,Baba upar ja ke kya bologe sunil dutt shaab ko,0,2020-08-15 14:44:13
@anuradhanag6348,Bhut ghatiya h aaliya bhat I hat,0,2020-08-15 14:44:10
@karansaini1560,Bakwas fuddu,0,2020-08-15 14:43:57
@lifecruise123,1.9m ..?,0,2020-08-15 14:43:49
@amolbabar360,I just came to dislike alia butter Most disliked trailer,0,2020-08-15 14:43:48
@durgasubedi6575,Plz guys dislike karo inlogo ne hamara sushant ko mara he,0,2020-08-15 14:43:45
@daviddeva8025,Sadak movie sadak me honi chahiye,0,2020-08-15 14:43:43
@ranjeetsingh3445,Kachra,1,2020-08-15 14:43:42
@preety___rawat,Besharmo ki tarah...alia ko abhi promote kar rehai hai,1,2020-08-15 14:43:33
@Digital_Engg,1 lacks dislike from me,0,2020-08-15 14:43:33
@ravinderrathi1081,Bakwas film hai ya mai ye banned honi chahiya,0,2020-08-15 14:43:25
@shreyapatekar6842,Who came just to see dislikes,11,2020-08-15 14:43:19
@MahendraSingh-ej2ps,Dislike history bro may be dislike,0,2020-08-15 14:43:14
@jitendrakumarsharma9086,Dislike for Bhatt family,0,2020-08-15 14:43:12
@dhirendrabhadoriya8820,,0,2020-08-15 14:43:06
@mowahid408,Comment padhne kon kon Aya hai,0,2020-08-15 14:43:00
@dr.raazpathan6670,aliya bhatt ko ni letye movie pe to ....dislike ni hoti,0,2020-08-15 14:42:51
@GAMERYT0222,Just dislike,0,2020-08-15 14:42:48
@abhaybisen8175,"Ye dislike us safed suwar ke liye. Ye safed suwar aap ko tv channels pe bolte huye gardan, pith ya pet khujata mil jayega.",0,2020-08-15 14:42:48
@manishkumarsingh9533,By cott,0,2020-08-15 14:42:45
@gunsroses_rj3444,"I'm disliked the trailer, Coz I HATE Alia... alia hater from KERALA",0,2020-08-15 14:42:38
@shaikarshadnice4952,28m.log muvie dekh ke bolenge achi nahi hai.phir bolte hum muvie ku galat sabit karne ke liye dekhi.ware jante .unka kaam banta,0,2020-08-15 14:42:38
@omkarmishra3271,,0,2020-08-15 14:42:33
@vanamsuma4221,Say no to nepotism . support the real talent,0,2020-08-15 14:42:32
@AvinashSingh-yn5bz,Sadala movie,0,2020-08-15 14:42:25
@goutamdas5349,I hate this movie.... all Hindu boycott this movie,0,2020-08-15 14:42:17
@ChandanSingh-gj8rd,Let's make this new India Guinness World Records for most disliked movie trailer of sadak 2,0,2020-08-15 14:42:13
@thanoossoul,me : searching where is my dislike button & press after gone... # SSR fan from kerala #,1,2020-08-15 14:42:08
@shalinimodanwal1539,mahesh batt thakri buddha,0,2020-08-15 14:41:57
@sagarsenapati7050,Disgusting.....,0,2020-08-15 14:41:38
@Thepositive-me,Get lost aliya,0,2020-08-15 14:41:35
@devendrashekhawat7356,Sushant singh rajput amar rahe,0,2020-08-15 14:41:00
@shashisingh5054,Falop,0,2020-08-15 14:40:43
@jyotirmoysarma1992,I like sanju baba and aaditya but i hate aalia.,0,2020-08-15 14:40:36
@anandpandit9504,"I am just here to contribute something by disliking. I swear I didn't watch the trailer. One is a terrorist, another is a brainless pseudo feminist. These people think we live in 80s, they think only they know everything. We have Internet.",0,2020-08-15 14:40:30
@goddevanshyt8478,"Sanju Baba we love u , but if someone say in every episode who is Sushant rajput ,let the world fuck her. Sorry for bad words, but people make star not star make people.",0,2020-08-15 14:40:12
@rahilnawaz7142,My gf liked this trailer now she is my ex,8,2020-08-15 14:39:59
@suparnade7189,Boycot Bhatt's film,0,2020-08-15 14:39:58
@tanyagoel2127,besharmi ki bhi haad ha,0,2020-08-15 14:39:14
@prabhakaran9224,This trailer shows the peoples opinion and disappoint about Bollywood....! Peoples remain remember the SSR... #Justiceforsushant And I'm just angry with Maharashtra shit government for regret SSR case,0,2020-08-15 14:39:10
@ramlakshmandahiya508,bakwas,0,2020-08-15 14:39:08
@Mohit-iv6sq,Disney waalo karwali beztti trailer daal kar,1,2020-08-15 14:38:57
@sgvideos1411,Alia randi,0,2020-08-15 14:38:57
@shubhamsaurav9911,"Bollywood fraud hai, sala jisme talent nahi baap ke badoulat bollywood m aa jata hai,, talent ka koi kadar nahi hai..... Hate it except some real heroes",0,2020-08-15 14:38:49
@ritikaprajapati3191,Bakwas betuka triler aur wesi hi movie bhi hogi.,0,2020-08-15 14:38:48
@knownasbaki,Such a comedy,1,2020-08-15 14:38:45
@kakalibhattacharjee186,"Come to dislike this chutiya father of nepotism's trailer,,,, 1.2 M dislike ho chuka hain ,,, yeh to trailer tha movie abhi baki hain,,, Dislike the trailer for Susant Singh Rajput",1,2020-08-15 14:38:43
@arvind_gupta,dislike,104,2020-08-15 14:38:40
@Ak-rw6hw,Hate this tailor n boycott the film,0,2020-08-15 14:38:34
@MeetOn_Fire,I hate u,0,2020-08-15 14:38:27
@soniyareddy6092,I think likers don't love SSR,0,2020-08-15 14:38:15
@letlunsingson4702,If u hate this film like here a film made of a shit,1,2020-08-15 14:38:11
@ChandanSingh-gj8rd,Boycott,0,2020-08-15 14:37:57
@ngepyeih6631,I am searching for Dil bechara movie but not found in the YouTube channel but what I found is that EVIL ALIA BAAT movie found I really hate to see you.,0,2020-08-15 14:37:48
@GHT6396,Dislike button ban hi hai is video ke liye,0,2020-08-15 14:37:34
@Generalknowledgeviral,Movie k sath hot star ko v boycott Karo tab samjh me aayega,0,2020-08-15 14:37:28
@AnilSolanki-be7mc,Hate Bollywood #boycott Bollywood,0,2020-08-15 14:37:25
@rocky6746,Third class...movie,0,2020-08-15 14:37:04
@samridhtiwari5526,Dislike are being removed And sorry sanjay sir for dislike,1,2020-08-15 14:37:02
@pranavprakash5217,"Saalon pehle apne dislike dekh lo, movie ka result bhi dekhna you Hippocrates.long live sushant whether in our memory, you are still and would remain ideal for life. Remembering you",0,2020-08-15 14:37:02
@rgaikwad2133,!!!,0,2020-08-15 14:37:01
@sofiivlogs5245,Shit,0,2020-08-15 14:36:55
@nandanmukhiya1502,Teri maa ki aankh,0,2020-08-15 14:36:54
@ajaylalka3530,Kon kon dislike dekhne aaya h,0,2020-08-15 14:36:52
@priyaankurtiwari9441,Boycotts all movies by mahesh bhatt.,0,2020-08-15 14:36:52
@Generalknowledgeviral,Boycott kro,0,2020-08-15 14:36:51
@shubh.jainnn1995,I just came here to dislike,0,2020-08-15 14:36:50
@mr.shakti5201,Dharma producer's boyccot,0,2020-08-15 14:36:46
@shridaypaikravlogs,Boycott,0,2020-08-15 14:36:40
@JourneybyVikash,Dislike,0,2020-08-15 14:36:21
@Devilcrowd,Mukesh bhatt l##d,0,2020-08-15 14:36:15
@santoshsuraiya6661,I will dislike Khan's also.Who r with me ..,0,2020-08-15 14:35:58
@ratanvyas5483,By cott,0,2020-08-15 14:35:53
@nareshbutani370,Ek aadmi ek se jyada dislike de sakta hai?,1,2020-08-15 14:35:42
@abhishekverma2277,Abtak ka Sabse bekar trailer,1,2020-08-15 14:35:38
@yashwantkumar257,I hate this,0,2020-08-15 14:35:27
@RishabhPareek,*DISLIKE KAM KAISE HUYE ? YOUTUBE TERI MAAKI CHOOT*,0,2020-08-15 14:35:27
@shatarupadebnath517,Faltu trailer,0,2020-08-15 14:35:24
@tarunrawat565,JAI HIND DOSTO Tumse Badiya Toh BINOD Hai Or Agar Sadak Pe Mill Jaye Toh Hamein Bhi Bata Dena #BINODKODHUNDHKEDIKHA #ALIABHATT,0,2020-08-15 14:35:22
@Devilcrowd,Bkawass gain kya,0,2020-08-15 14:35:21
@tmeme9361,I am tamil nadu but I disliked this trailer because i am big fan of sushant sing rajput,0,2020-08-15 14:35:19
@fantastic3560,"I pray from god that this trailer should get 10M dislikes ,",5,2020-08-15 14:35:09
@JOHN_T123,Faltu,0,2020-08-15 14:34:57
@gsjsjsnsjsjsudhsjsjjsbsb6958,Common true Indian movie lovers dislike fastly...,12,2020-08-15 14:34:55
@pvlog220,Sadak 2 Movie Ko Sadak Pa Lana Ha Kon kon agree ha Thoko like,0,2020-08-15 14:34:49
@viveksharmav6333,,0,2020-08-15 14:34:46
@crystalultramb8000,Dislike Dislike Dislike Dislike,0,2020-08-15 14:34:40
@shatarupadebnath517,Who is Alia,0,2020-08-15 14:34:37
@mayankteotia7778,Flopping movie,0,2020-08-15 14:34:36
@crystalultramb8000,Dislike Dislike Dislike Dislike,0,2020-08-15 14:34:31
@poojap555,Big no to aliya bhatt someone tag here her,0,2020-08-15 14:34:25
@abhishekgupta-hz8wh,Boycott,0,2020-08-15 14:34:18
@crystalultramb8000,Dislike Dislike Dislike Dislike,0,2020-08-15 14:34:14
@learn_for_ssc,I hate this. Nepotism,0,2020-08-15 14:34:13
@allroundatvicky9277,Agar koi neta bhasan deta chahe wo gadhi ka lund bhi nhi janta ho uski bahut sare view or like milte usko dharma aastha se nhi jodta h but ye manoranjan ka ek video manta hu me usko itna dislike kyu,0,2020-08-15 14:34:12
@SunnyKumar-mp7ng,I'm not intrested star kids movie,0,2020-08-15 14:34:02
@satyendraraghav2077,Itna ghatiya trailer kabhi nhi dekha maine,0,2020-08-15 14:33:43
@pawanpreetsra4143,,0,2020-08-15 14:33:40
@abhishekgupta-hz8wh,I always Dislike,0,2020-08-15 14:33:39
@tryout3826,bakwas trailer yh log ko movie nikal na band kar dena chaya,0,2020-08-15 14:33:32
@shubhamthakur1495,Sorry sunnjay sir,0,2020-08-15 14:33:31
@saifquraishi1591,1st part hi achha hain 2nd to maha bokas lag rha hain hain,0,2020-08-15 14:33:23
@allroundatvicky9277,Isko Dharm or aastha se nhi jodna chahiye,0,2020-08-15 14:33:07
@rajnikant7635,Dislike this,0,2020-08-15 14:33:05
@allroundatvicky9277,Movies hoti h manoranjan ke liye,0,2020-08-15 14:32:54
@sharanubukka3637,Worst people in bollywood industry...,0,2020-08-15 14:32:49
@sudiptaroychoudhwry722,The dislike is for Alia Bhatt and rest of the Bhatt clan...Not for Aditya Roy Kapoor or Sanjay Dutt. #justiceforsushant,154,2020-08-15 14:32:45
@palashdas1579,Binod,0,2020-08-15 14:32:43
@allroundatvicky9277,Mujhe to kuchh isme itna bura lga nhi,0,2020-08-15 14:32:41
@mj.6512,Who is Alia . & Comina Mahesha Bhat takala sala..... Inki movie nahi chalani chahiye bhaio..... Boycott Alia/mahesh,0,2020-08-15 14:32:37
@indranimukherjee1459,Alia.. We just hate you ... Justice for sushaant singh rajput...( SsR)... CBI,0,2020-08-15 14:32:24
@xyzshorts1966,F movie mafia,0,2020-08-15 14:32:23
@prabhashankarsharma1349,Baykot,0,2020-08-15 14:32:20
@allroundatvicky9277,Yrr isko itna dislike karne ka matlb kya h,0,2020-08-15 14:32:20
@harshaltripathi14,#BoycottSadak2,0,2020-08-15 14:31:57
@sushmitadev286,Nhi dekhni yeh film.....,0,2020-08-15 14:31:56
@mdnumanali4783,I'm sorry but....main bina dekhe dislike kar rahi hun....kyuki main enka muh dekh kar din kharab nhi kar sakti apna.....main bas dislike karne aayi thi....,0,2020-08-15 14:31:51
@shraddhasantoshbandagi6677,"Boycott alia,mahesh, Shahrukh,Amir,Salman,johar",0,2020-08-15 14:31:48
@mubasharmubashar5368,Bekar,0,2020-08-15 14:31:35
@ArtCreativeMindz,Ab Phir Se Dislike Krna Padega,1,2020-08-15 14:31:34
@hollywoodmovies3678,Jo like mili he bo Sanjay Datt ki bajah se mila he,0,2020-08-15 14:31:29
@rajnikhicher9382,I came only to dislike,0,2020-08-15 14:31:10
@anishlalgandhi7,My girlfriend like this trailer now she is my ex,128,2020-08-15 14:31:05
@viveksharmav6333,Boycott Alia bhutt,0,2020-08-15 14:31:05
@shubhamkumarpandey874,Aapka film ko Bahubali 2 se bhi jyada pyar denge Sanju Baba love uhhh Dil se,0,2020-08-15 14:31:00
@babsadon,Farzi movie,0,2020-08-15 14:31:00
@lkdewangan10,Third class trailer... Don't watch... hated it,0,2020-08-15 14:30:59
@hkmepola653,Faltu alia faltu movie . boycott,0,2020-08-15 14:30:58
@Aakib-01w,Kya galat he isme,0,2020-08-15 14:30:50
@pratikkanagi2111,Binod,0,2020-08-15 14:30:37
@nadegodgaming3663,bewkuf alia bhatt how you feel about 2 million dislikes..dumbo girl,0,2020-08-15 14:30:35
@ng2377,,36,2020-08-15 14:30:33
@pratikkanagi2111,Binod,0,2020-08-15 14:30:32
@deepakchauhan7765,",",0,2020-08-15 14:30:30
@PoojaSingh-gs5du,Dislike third class movie,0,2020-08-15 14:30:27
@pratikkanagi2111,Binod,0,2020-08-15 14:30:26
@pratikkanagi2111,Binod,0,2020-08-15 14:30:20
@devenderkumar6912,Bakvaas baycoot,0,2020-08-15 14:30:18
@mohamedbashid9154,I just coming for dislike...,0,2020-08-15 14:30:18
@shivangisharma6314,Aliya kutiya ki film hyy koi mt jana sali harmi ki beti hyy,0,2020-08-15 14:30:15
@sundarammishra4742,dislike kardo bhai log aur mera like https://youtu.be/In_33yNyu6w,1,2020-08-15 14:30:12
@shaneernest5220,Boycott the film,0,2020-08-15 14:29:57
@jeewansinghsongara3149,Dislike,0,2020-08-15 14:29:45
@pratikkanagi2111,Binod,0,2020-08-15 14:29:42
@rautkuldeepbharat7184,"Very Bad Movie of Bad People ,",0,2020-08-15 14:29:41
@nethradevraj6153,I just came here for Sanjay Dutt and to dislike trailer,12,2020-08-15 14:29:34
@pratikkanagi2111,Binod,0,2020-08-15 14:29:28
@ashokkamanofficial9521,Plz dislike kre,0,2020-08-15 14:29:23
@shubhamkumarpandey874,Sanju Baba I am your big fan baba,0,2020-08-15 14:29:22
@pratikkanagi2111,Binod,0,2020-08-15 14:29:21
@pratikkanagi2111,Binod,0,2020-08-15 14:29:14
@brotherhand4426,Just hate alia,0,2020-08-15 14:29:10
@prithvistatus3964,Dislike kiyaa kayaa,0,2020-08-15 14:29:05
@bipulkumaryadav7366,Harami ka film,0,2020-08-15 14:29:03
@angadveersingh8278,This movie should be banned,0,2020-08-15 14:29:02
@viratbhardwaj337,Bad dislike this trailer cbi for SSR proud for Susant Singh Rajput,0,2020-08-15 14:28:59
@lostsoul5975,"Guys, please dislike this trailor...your little contribution will make a DF mahesh bhatt to realise his place",0,2020-08-15 14:28:52
@Dileswar2801,"sushant sing rajpoot ko , ,",0,2020-08-15 14:28:50
@eksuhanasafar9087,Dislike dislike dislike dislike dislike dislike dislike,0,2020-08-15 14:28:46
@sanjaypandey7265,I forget your all flim and all videos,0,2020-08-15 14:28:41
@Kalibabakajm,Isko like karne wale chutiye hai,0,2020-08-15 14:28:25
@sanajayakumarsingh,Flop actress,0,2020-08-15 14:28:19
@deepakranjan510,Me sanjay dutt sir ka fan hun par sir apko alia jesi bazar ladki ke sath kam kar ke apka izat kho diya,0,2020-08-15 14:28:06
@Gugly-l1z,Right time to raise #say no to nepo products,1,2020-08-15 14:27:56
@vishalhastir3804,Baba kidrrr. Baba tu chahe Jaan mang lee. Per kidrr faff gya tu. Always stay healthy and happy. Luv u baba,0,2020-08-15 14:27:10
@Rb_sharmavlog2910,,0,2020-08-15 14:27:07
@sahossahos4703,indiabalosadak2isfilmkedislikekefladchia,0,2020-08-15 14:26:59
@technodebojeet9262,Koi mat dekhna,0,2020-08-15 14:26:57
@arindamghosal2136,I am waiting for dislike the tailor of this movie now I can do this.,7,2020-08-15 14:26:53
@prathameshjoshi3635,"Jo bhi bhatt ke movies hoge buri tara pel diye jayenge ........hotstar don't do shit with bollywood shit like bhatt, salman , karan johar",0,2020-08-15 14:26:39
@marindadhol6993,"kya pakane ka license hi le liya Bhatt camp ne, had hai yaar kaunsi sadak hai ye, jo bina baarish hi bikheree parhi hai. .",0,2020-08-15 14:26:26
@jalpapadhiyar5554,I don't understand trailer. ....,0,2020-08-15 14:26:25
@snjust9266,Karma is following,0,2020-08-15 14:26:18
@Lonewolf0301,Bas 1.9 m dislikes...Kya hua desh ki janta ko... Sushant ka murderr bhul gaaye kya sab...isi Mahesh Bhatt ne usko pagal declare kiya tha. yehi mauka he.. dikha do aapni takat is chutiye ko,0,2020-08-15 14:26:15
@gunjitverma8984,Please dislike this trailer,0,2020-08-15 14:26:11
@vidhirajput2904,Tum log bhi to kachra ho aur tum logo ko bhi bollywood se kachre ki hum log fekwa denge... Ab tum deakhogi ki agar fans apne pe aajaye to kuchh bhi kar sakte hai...,0,2020-08-15 14:26:10
@ytstudio9469,Sirf sanju baba hai isliye dislike nahi kr raha hoo,1,2020-08-15 14:26:09
@jitendraashokdaharwal2609,Dislike,0,2020-08-15 14:26:05
@gobeyonddestination4059,Superb trailer,2,2020-08-15 14:26:01
@nitinrathod4630,Nepotism ....acting is also so thirdclass leval speically alia bhatt Please again don't get the nepotism actors in a film i hated My favorite actor is always sushant Singh rajput i love him...,1,2020-08-15 14:25:58
@_vidcreators,Bekar movie,0,2020-08-15 14:25:56
@shrikrushnasapkal2866,I hate Aliya Bhatt....,0,2020-08-15 14:25:55
@rameshrameshkumar662,Bakvas,0,2020-08-15 14:25:52
@janvisingh4225,Alia didi phele acting sikh lo...... Apse achi mere 2 saal ki. Cousin acha acting ke leti h,0,2020-08-15 14:25:47
@shubhamkumarpandey874,Apna wala me apne tuba jaw,0,2020-08-15 14:25:46
@Gugly-l1z,Guys watch republic bharat they are struggling for #justicessr,0,2020-08-15 14:25:40
@rishasingh6598,Coom soon very bad movie,1,2020-08-15 14:25:34
@shubhamkumarpandey874,Ab chodate raho sali..........,0,2020-08-15 14:25:29
@appurajasabale7166,Dislike ki barsat sadak 2,0,2020-08-15 14:25:28
@ayishakaul,"Nepotism at its peak! Bad acting, terrible trailer! Film wont succeed",30,2020-08-15 14:25:27
@rahulnarulaa,Why the no. Of Dislikes changed ? It was 10 M and now it is 1 Million,6,2020-08-15 14:25:26
@deepakkumar-lv1np,Chutiya movie hai,0,2020-08-15 14:25:23
@lalusuthar1963,kutte ki movie hi a aliya ki maa ki chut,0,2020-08-15 14:25:18
@TANWARJI35,"Jahil,gawar,tatti, lettering,mavad,kanjar,karamjali,kalmuhi,",1,2020-08-15 14:25:15
@_vidcreators,Bakwass,0,2020-08-15 14:25:14
@karansawhneyx,Sorry for the dislike Baba,0,2020-08-15 14:25:09
@shivamvishwakarma4741,Boycoott this movie,0,2020-08-15 14:25:08
@harshitsingh31,Hey guys get ready for pathan,2,2020-08-15 14:25:08
@manishvirmani27,And yes I also disliked it with no doubt,0,2020-08-15 14:25:06
@nehatripathi7313,Dislike .. wooow yrr,0,2020-08-15 14:25:00
@helpdeskashutosh5483,This dislike for aliyah bhatt and mahesh bhatt,0,2020-08-15 14:24:50
@anandjain5063,Fussssssss,0,2020-08-15 14:24:42
@souravkivines,Isko dekhne se Acha mujhe Corona ho jaye,0,2020-08-15 14:24:37
@rakeshkumarpandit9775,Dislike,0,2020-08-15 14:24:34
@veenashrivastava3959,"I am here to dislike this video, don't care about storyline.",0,2020-08-15 14:24:32
@tirthpatel8894,This dislike is for alia bhatt only and not for other cast members,0,2020-08-15 14:24:24
@manishvirmani27,"Waste of time n money , Not interested",0,2020-08-15 14:24:18
@mr_rahulrohara5964,Yei mahesh bhatt oR iski beti Aliya koi movie dekhne nahi jayega Sunnlo sab boycutt Logo ko promote na hi krna hai Shushant sir jese bande ho Promote krenge,1,2020-08-15 14:24:09
@ajaymohite4141,#justice for SSR,0,2020-08-15 14:24:02
@sanoopraju3387,Get well soon Baba love and prayers from kerala,2,2020-08-15 14:23:58
@sankuw.b9288,,0,2020-08-15 14:23:36
@monidasgupta4722,TRASH,0,2020-08-15 14:23:29
@shivamvishwakarma4741,,3,2020-08-15 14:23:20
@niralebindass4262,hmm,0,2020-08-15 14:23:09
@Indian__citizen000,Only dislike........... Bhai,0,2020-08-15 14:23:08
@mrytyunjaykr,"Disliking this after seeing ad , lol... Achha khasa bacha tha, bekaar me nazar ke saamne aa gya tu",0,2020-08-15 14:23:05
@dhanavatofficial6549,bhatt family movie h ye to...sari family isi movie m aa gayi...fir bhi itta bakwaas banaya ye to ummeed nhi thi,0,2020-08-15 14:22:53
@memeraven9938,"Trailer running as a love story, at 1:42 Me: Waqt badal diye, jazbat badal diye.. P.S: Wese trailer me kuch khaas tha bhi nahi.. Tatti",3,2020-08-15 14:22:43
@ssingh7071,randi ki aulado,0,2020-08-15 14:22:40
@devkumar-xx5mp,"I was eagerly waiting for this trailer to get diliked this, today i finally got a chance to dislike it, and this dislike for full cast of movie except sanjay dutt and aditya roy kapoor",0,2020-08-15 14:22:31
@afreensiddique1057,I hate only bhatt I can't watch these movie I hate bhatt,0,2020-08-15 14:22:28
@aswinbabub6721,WTF...,0,2020-08-15 14:22:24
@shubhamkumarpandey874,Aliya Bhatt ko chodote raho ab tum beta film banane se kuchh nahi hoga sale,0,2020-08-15 14:22:21
@channukawdi3252,Nepotism ab zyada din nahi chalegi kyun ki ab apni puri desh jaan chuki hai ab tum logon ki movies koi nhi dekhega 101% sure.....,0,2020-08-15 14:22:21
@mishra1576,Dislike just because alia and liked because sanjay sir and aditya,0,2020-08-15 14:22:20
@_rdzofa1585,Dislike button gave me happy.,0,2020-08-15 14:22:19
@prgroupdigital2655,Bakbassssss dirty bad,0,2020-08-15 14:22:18
@Delhiwale-t1d,KNOW U recognize who was SSR,1,2020-08-15 14:22:01
@adityakumarpandey499,I hate this trailer And I dislike this video,0,2020-08-15 14:21:56
@thebikeplace390,Nepotism filmmmmmm....... Bakwas film making cost -10 crore Profit cost : 00000.00 paisa,0,2020-08-15 14:21:48
@shraddhasingh5228,Keep it up guys .... We citizens are the most powerful,0,2020-08-15 14:21:41
@RanjanKumar-kz5wn,Kamal hai,0,2020-08-15 14:21:13
@anadarampatel1513,Yeh bhadwo ki movie h,0,2020-08-15 14:21:13
@HarshKumar-qv7wx,Hahahahahaha Chuld movie koi nhi dekhne ka,0,2020-08-15 14:21:12
@ambareeshavn5123,bycout nepotism,0,2020-08-15 14:21:08
@rachitmishra9174,Abe tum sab chuttiye how sale ek most wanted or ek sala bakchod murder hn sale itna kuch how gaya fir movie bana diya sale ko yah samjh nahi aara sale sushant Singh Rajput ka murder karke movie bana diya or ek is trailer mai maha chuttiya ladki jo 12th fail woh bhi,0,2020-08-15 14:20:45
@laddu_tutuk_Jodi,Ye kya battimizzi hai... 2 jagh ek hi trailer upload krne ka kya sense? Fox star ab Disney,0,2020-08-15 14:20:42
@anamikasutradhar7282,Etna dislike,1,2020-08-15 14:20:38
@pawpawlarrysalot,Mask dislike maro. Dont be shy,0,2020-08-15 14:20:29
@mousuminandi3039,Search and dislike,0,2020-08-15 14:20:20
@kuldipkumarkaushal7551,Har jagah dislike hi Milkha... Been de takke....,0,2020-08-15 14:20:13
@rawatsinghrathore7116,,0,2020-08-15 14:20:12
@memeraven9938,Only think i like in this trailer is the Kiss..,0,2020-08-15 14:20:03
@AnilSahu-gg4dt,,0,2020-08-15 14:19:42
@deepakd..k5908,Aaliya bhat kisi ko bhi pasand nahi hai mujhe bhi,0,2020-08-15 14:19:40
@tarunchourasiya6597,our lode disney wale ki bhi gaan maaro,0,2020-08-15 14:19:39
@gulshanchandel4295,Nice trailor,1,2020-08-15 14:19:35
@rdkushwaha5548,Sabhi madharchodo ke liye dislike Hai.... Qki kisi ne Sushant Singh ke liye aawaj nhi uthayi...,0,2020-08-15 14:19:29
@phoenixrecords7205,Randi lavde hai jo bhi like krenge,0,2020-08-15 14:19:25
@thetechnicallab3044,Dislike for Susant sir justice guys,0,2020-08-15 14:19:21
@supriyagupta7619,"Want #cbiforSsr but not disliking this video because other than the lead cast, there are so many people whose fortunes depend on this movie. These people don't have anything to fall back on.",0,2020-08-15 14:19:18
@rajeshmeena9598,Alia bhatt is not good Sushant dead so dis like,0,2020-08-15 14:19:17
@Akshmeetbhoomi,#BoycottDisney+Hotstar,0,2020-08-15 14:19:10
@24kanya,Sorry Sanju sir...we're not gonna watch this movie!,23,2020-08-15 14:18:56
@dhanavatofficial6549,shushant.. rajkumar rao.. aayushman..nawajuddin r best actor in bollywood at present,0,2020-08-15 14:18:37
@MastiBlogg7007,Bekar ghatiya mai to dislike kiya,0,2020-08-15 14:18:35
@debjanisdiary1518,Bang dekhbo,0,2020-08-15 14:18:33
@tarunchourasiya6597,jo bhi movie dekhe vo randi ka bacha ushki maa 56 lond khai,1,2020-08-15 14:18:31
@allwinnage6068,Bycott,0,2020-08-15 14:17:53
@pawanbhattarai9312,Ye trailer ki kachra he . Chiii thuu,0,2020-08-15 14:17:48
@santoshgupta1786,No,0,2020-08-15 14:17:47
@siblingscreations3438,Hat sala,0,2020-08-15 14:17:28
@AshokSingh-of1yi,,0,2020-08-15 14:17:25
@hanumantdevkate,,0,2020-08-15 14:17:22
@Unfiltered_blogss,"Itna dislike de hi diye ho to tumlogo ka dil rakhne ke vaste maine bhi thok diya But honestly i don't hate sanjay , aditya, hotstar . Mere channel pe jake dislike mat marna chutiyo",0,2020-08-15 14:17:15
@Funnymemes0386,Ab raja ka beta raja nahi bnega raja wahi bnega jo hakdaar hoga I miss you sushant sing,0,2020-08-15 14:16:55
@anwitavigneshwaree8721,Very bad.... because this is made by Vaat family.....,0,2020-08-15 14:16:45
@karansraiwaal7702,Nice,0,2020-08-15 14:16:39
@colorsent1255,Total dislike,0,2020-08-15 14:16:25
@priyankamaheshwari1757,Koi khas ni h movie m thik thak,0,2020-08-15 14:16:15
@viveksharma0075,illiterate alia... This dislike is for you baby...,18,2020-08-15 14:16:07
@kashefafareesa1183,"Some people saying we are liking this video for sanjay dutt n Aditya, now plz don't say u'll watch for sanjay n Aditya! We all should boycott this for sushant",8,2020-08-15 14:16:02
@varunkumar6017,Per sanjay dutt k liye dislike krne ka mann ni kr rha,0,2020-08-15 14:16:01
@sameersam5187,Aliya Bhatt chal hatt!,0,2020-08-15 14:16:01
@5santoshbadgujar,What the hell u made up,0,2020-08-15 14:15:56
@vikrantchoudhary4817,i hate alia,0,2020-08-15 14:15:54
@MrMohitgarg,Kachra,0,2020-08-15 14:15:54
@godsonmoses238,https://youtu.be/IGxVNtLGUo4,0,2020-08-15 14:15:51
@singh_yt2539,Boycott this film,0,2020-08-15 14:15:48
@dhanavatofficial6549,dislike actors k liye nahi...but trailor hi accha nhi..movie bhi bakwaas hogi.. miss u shushant,0,2020-08-15 14:15:40
@vikrantchoudhary4817,alia ka bhat,0,2020-08-15 14:15:09
@riyaraj5352,Ghtiya,0,2020-08-15 14:14:58
@indahistiyah1117,UNSRICBE HOTSTAR,0,2020-08-15 14:14:52
@HindiHistorical,Most disliked trailer in the world,1,2020-08-15 14:14:50
@ayandutta4038,If Sushant wouldn't have died Dil Bechara would be called Sasta Fault in our stars.....and this trailer won't be so hated! Unpopular opinion : This trailer is actually good!,0,2020-08-15 14:14:44
@all4oneofficial,All the dislikes goes to the justice of sushant,0,2020-08-15 14:14:33
@ankitshorts001,Ek dum bakawas,0,2020-08-15 14:14:29
@TheBuildCultureOfficial,Aur bhadve log tum kya samajhte ho tum kuch bhi banoege aur hm dekhenge ab nhi ho ga aisa!!!,0,2020-08-15 14:14:28
@kaifshaikh5438,Bakwaas,0,2020-08-15 14:14:20
@tauhidulislam5478,"How many time i will see this trailer, i will dislike",1,2020-08-15 14:14:18
@avijaan2224,Dislike for Bhatt..,0,2020-08-15 14:14:14
@dattaroadlines7418,Uper wala Sushant rajput ke sath hai. Ye film sadak tak hi rahegi logo ke dil me jagah nahi milegi,0,2020-08-15 14:14:04
@indahistiyah1117,"INDONESIA BOYCOT NEPOTISM,SORRY I WATCH THIS VIDEO JUST FOR CLICK DISLIKE",0,2020-08-15 14:14:04
@roshan99919,Banned aliya bhatt..,0,2020-08-15 14:13:59
@paratpsinghg2707,Randi aaliya,1,2020-08-15 14:13:48
@koushikkarmakar8061,Sorry for S.D & J.S .,0,2020-08-15 14:13:43
@अभियोजन,Byccot,1,2020-08-15 14:13:41
@sanidulislam2081,Dislike for SSR,0,2020-08-15 14:13:37
@ganukumar5701,Bollywood me kitna precent out se hai sb actors ka son actros and actress ka daughter actress,1,2020-08-15 14:13:33
@Sahushubham1506,Bycot these film,0,2020-08-15 14:13:18
@RajKumar-mp5ou,Boycott,0,2020-08-15 14:13:15
@ashishsah1744,,0,2020-08-15 14:13:15
@mayankunadkat7645,,0,2020-08-15 14:13:13
@VijayKumar-fn7kf,Good that YouTube has dislike button unlike Facebook,0,2020-08-15 14:13:08
@Blackbeard-z8y,Trailer like krne walo ki ma ka bhosda,1,2020-08-15 14:12:59
@GovindBhaiomguruom,,0,2020-08-15 14:12:51
@acclimitedjaunpur6697,Cutiya madarchod log,0,2020-08-15 14:12:46
@jethalala2z660,kon,0,2020-08-15 14:12:45
@TheBuildCultureOfficial,Only #talent will get an opportunity to grow in this world! #nepotism,0,2020-08-15 14:12:44
@satyampathak4183,chutiyapa h sala,0,2020-08-15 14:12:40
@rishubabuwan5909,E ka babaseer bana die ho,0,2020-08-15 14:12:28
@rohanbagga8735,Alia,0,2020-08-15 14:12:18
@d.k.paswan1073,Ye sab Pakistani h sab Bhatts or sab khans or sab kapoors or sab johars inki ankh me suaar ka Baal h or ye sab log anti India h is trailer me hinduo ko target kiya gya h guru ko point kr ke mahesh bhatt kisi or dharam ko bhi point kr sakta tha mahesh Bhatt suar ki olad h isliye yesab kr raha h insab ko Bollywood or india se bahar ka rasta dikhana chahiye......please boycott to all them to clean india and kick out to them from india ......JAI BHARAT,0,2020-08-15 14:12:02
@joshivipul2583,....,0,2020-08-15 14:11:51
@ganukumar5701,End nepotism of Bollywood,0,2020-08-15 14:11:42
@dattaroadlines7418,It Will be flop . Itni over acting just using sadak name,0,2020-08-15 14:11:35
@nikurachitgurjar9170,Dis like maro,0,2020-08-15 14:11:33
@rajnish27p,Dont watch... bakwas premier Missing SSR,0,2020-08-15 14:11:29
@deepakingawale2074,Faltu movie hoga,0,2020-08-15 14:11:27
@tekbahadurthapa3169,Strongly dislike for tharki Mahesh bhatt illogical alia bhat.,0,2020-08-15 14:11:07
@PratapSingh-vn4ot,Boycottt,0,2020-08-15 14:11:06
@vijayrocking9927,We r not andhbhakt . Nice and we waiting for sadak2 movie,0,2020-08-15 14:10:45
@grimpanchayat,SAMAR,0,2020-08-15 14:10:31
@p.art.photography,I hat aliyabhatt she ia Gunddi,0,2020-08-15 14:10:29
@akshaybhandari2152,D I S L I K E Bhattt se dislike,0,2020-08-15 14:10:27
@dharmendrkumar14,Ak ki vajah se sanju baba ki vaat alia ko nahi Lena chahiye tha,0,2020-08-15 14:10:16
@kashefafareesa1183,"Good going public ,keep disliking.",0,2020-08-15 14:10:12
@ArunKumar-ng7tt,Totally faltu guys,0,2020-08-15 14:10:11
@atrworld3649,#boycott,0,2020-08-15 14:10:07
@mosesvipparthy3945,Sorry sanjay dutt sirji and get well soon u brave and big-hearted person all over the world u fans r praying for u god bless u get well soon,8,2020-08-15 14:10:03
@MrMajhi-sy2le,", ,",0,2020-08-15 14:09:28
@krishnasagar2244,Bakwas,0,2020-08-15 14:09:19
@sunitaraje8361,............100Ml #justiceforSSR,0,2020-08-15 14:09:18
@asenlapongen2506,oo yrr,0,2020-08-15 14:09:18
@devmib1221,Isko kon chutiya dekha ga re,0,2020-08-15 14:09:18
@manishjha60,Ek dam bekaar tu kuch bhi karley tu to gayo,0,2020-08-15 14:08:50
@gangsterqueen6518,Tulsividhya,0,2020-08-15 14:08:25
@gangsterqueen6518,Tulsividhya,0,2020-08-15 14:08:20
@WaseemKhan-wv5lq,We don't won't to see this movie,7,2020-08-15 14:08:17
@babitabndaimary9146,Dislike just because alia or mahesh Buddha,0,2020-08-15 14:08:10
@luxmibhatt2717,I can't support nepotism,0,2020-08-15 14:08:06
@mumbaiviewer,Stupid Bollywood movies of Butts,0,2020-08-15 14:07:44
@lockdownstatus3999,Report karo,0,2020-08-15 14:07:25
@DhumketuGaming,I am sorry Aditya Ray Kapoor & Sanjay Duty Sir. But is aaliya ki dekhna aacha na Lagta,0,2020-08-15 14:07:22
@omgthakur.pubglite845,,0,2020-08-15 14:07:16
@Vvinu272,I Hope Alia bhatt Really on the sadak with sadak-2,0,2020-08-15 14:07:05
@amitkeshri1852,Baap baap hota hai duplicate mai dum nhi hai,0,2020-08-15 14:06:56
@Aman-gp6jq,Omar lulu from mollywood - nepotism sucks....(alia took his most disliked trailer record),0,2020-08-15 14:06:55
@asmaabrar7658,Is sy acha surya vansham dekh poun,0,2020-08-15 14:06:47
@_gokulakrishnanCSE,Even in this video comments will be disliked,1,2020-08-15 14:06:46
@soumojitroy2037,Bas chutiyap hai....kuch bhi....alia chutiya,0,2020-08-15 14:06:39
@topperstudent6219,Alia ke kaaran sanjay sir ki film kharab kardi,0,2020-08-15 14:06:34
@mohammedmohiuddin1721,I liked the trailer,0,2020-08-15 14:06:32
@Aadvik_Ki_masti,Sushant sing rajput ke hatyaro ka movie main dekhunga bhaad me jao,0,2020-08-15 14:06:31
@deepyaduyadu6363,"Boycott this movie,,",1,2020-08-15 14:06:24
@aryansworld3645,Sadak chap actress aur londiya baaz baap .... Saale log ka gand main tel dalke aag lagado,0,2020-08-15 14:06:23
@user-BeyondTheLife,mr mc* k h,0,2020-08-15 14:06:14
@soumojitroy2037,Gandu movie ha....,0,2020-08-15 14:05:52
@villagevlloger750,I don't like this taylor,0,2020-08-15 14:05:52
@anuradhakoshik7561,Dislike kro,0,2020-08-15 14:05:49
@Vvinu272,Hahhaha Disney hotstar bhi naa already most hated video ko waps apne chennal me share kar raha hai.... Sadak-2 unlike ho rha hai channel nai kuch fark nai padega Tumhare promotion se,0,2020-08-15 14:05:35
@AttriAnsh,"Ghatiya trailer and movie would also be definitely ghatiya, all Indians would not spend even a penny for this kind of movies",0,2020-08-15 14:05:24
@MukeshKumar-cu3tt,I have just unsubscribed and uninstalled Disney+ hotstar only for this trailer. I had downloaded it for Dil Bechara. I was going to take subscription. But thank God this trailer released and my money is saved. Down down down Disney+ hotstar,2,2020-08-15 14:05:19
@rdxariya8245,I hate trailer or actress Alia Bhatt,0,2020-08-15 14:05:18
@Bigfish1.,Srrry sanju baba... This time unlike bcz of mahesh,0,2020-08-15 14:05:12
@mustafahyderabadwala8257,Apne alawa kabhi kisi aur ka socha hota tou ye itne dislike nahi milte,0,2020-08-15 14:05:09
@MrSunny463,yeh kya tatti bana di..,0,2020-08-15 14:05:01
@bikerchick46.7,I came here to dislike its my duty .,0,2020-08-15 14:05:01
@thekake2113,I love you Aditya your fan girl always,0,2020-08-15 14:05:00
@sanjayvlog86,Ek like toh banta hai baba k liye,0,2020-08-15 14:04:56
@subhrochakraborty8207,I don't like mahesh vat,0,2020-08-15 14:04:50
@AnkitaSharma-lu2lo,I hate aaliya,0,2020-08-15 14:04:44
@facttechz9761,Chutiye gang wali film,0,2020-08-15 14:04:19
@gujjus,Because we are hindu,0,2020-08-15 14:04:18
@deepyaduyadu6363,Bycott this movie,1,2020-08-15 14:04:15
@shobhitthakur6299,What the fu*k saare dislikes hata diye,0,2020-08-15 14:03:32
@shivamdwivedi1721,reported also for hate full content if she cant say fake padri and fake mauvi then she is not allowed to say fake guru also.,0,2020-08-15 14:03:28
@rebeccahwl798,Not interested 2 watch,0,2020-08-15 14:03:24
@patelpratik2700,Bukvas trailer,0,2020-08-15 14:03:22
@SanjeevKumar-dd3yi,Mahesh butt ki vja se dislike,0,2020-08-15 14:03:19
@Yatraofknowledge,Tere ma ki,1,2020-08-15 14:03:15
@rockytrkpgamer5101,Sabse bakwas movie,0,2020-08-15 14:03:11
@RanjanKumar-io8gj,,0,2020-08-15 14:03:05
@rahulthakor6357,Love you Sanju baba and Aadity Roy kapoor,0,2020-08-15 14:02:46
@crickettak3317,Byocoot nepotism,0,2020-08-15 14:02:38
@micki775,Fake gurus sounds very dramatic.,0,2020-08-15 14:02:25
@DeepakDhabhai,", alia is a fine actor, but a terrible human being. Just to let you all know she was crying when salmon was convicted in hit and run.",0,2020-08-15 14:02:22
@SumanKumari-uu2vu,Itna km dislike kiu,1,2020-08-15 14:02:18
@DK-jq1yv,,0,2020-08-15 14:02:18
@pankajjat2775,Bkwas,0,2020-08-15 14:02:14
@kamalsingh1175,Xxxxx,0,2020-08-15 14:02:05
@neerajswamy9272,IF PUBLIC CAN MAKE SOMEONE. THEY CAN VERY WELL DESTROY THEM TOO........,0,2020-08-15 14:02:00
@SanjeevKumar-dd3yi,Sanju baba u are great but other not,0,2020-08-15 14:02:00
@Robin-ps3pc,Firstly people say that forcing someone to suicide is not good then they started targetting alia on the name of sushant which can lead to next suicide and later people will post sad truth about this that actor or actress,1,2020-08-15 14:01:55
@Its2222-gtyu,Maine bina dekhe dislike kiya aur NEPOTISM KE KACHRE KO BOYCOTTT KARUNGI,6,2020-08-15 14:01:44
@pawansoni3343,Kutte ki olado,0,2020-08-15 14:01:39
@wassamislive,This unlikes not for sanju sir,0,2020-08-15 14:01:32
@gatumhjjulkumar8060,Dis like,0,2020-08-15 14:01:22
@sumanpaul2537,,0,2020-08-15 14:01:22
@keertankumar2703,Tum Bollywood wale fir suru ho gaye hinduo k gali dena bak boycott nepotism .,0,2020-08-15 14:00:52
@somanathsshenoy,Feel like vomiting,0,2020-08-15 14:00:45
@kavitachauhan907,Congrats for more dislikes,1,2020-08-15 14:00:34
@blesson5765,Dislike for Alia and mahesh... sorry Aditya and sanju,0,2020-08-15 14:00:30
@amitkhaneja2547,"Kids - Ignore Men - Dislike Legend - Report "" it promotes Terrorism"" We love you Sushant",13,2020-08-15 14:00:27
@debasishroyaswar7661,Iss dislike dekhne por to Mahesh film korna chor diya hoga,0,2020-08-15 14:00:19
@soundoftruth5000,dislike for aliya butt,0,2020-08-15 14:00:19
@pkm1807,Mahesh & Mukesh dada..... .. Ab film banana chhod do..... Ab nahi chalegi... Na story sahi.. Na direction sahi h.... ....... #THARKY BUDDHA #JUSTISH FOR SUSHANT,0,2020-08-15 14:00:06
@nktheknowledge3,Sala in log ki pictures hit hi na ho,0,2020-08-15 13:59:37
@DisciplineMotivation27,Bakwaas & ghatia,0,2020-08-15 13:59:17
@sandeepkumarpandey4502,Not sanjy dutt,0,2020-08-15 13:59:14
@ankitvishwakrma4529,Achha chutiya pa he,0,2020-08-15 13:59:10
@moviefun5886,#MoviesAction,0,2020-08-15 13:59:01
@shantanukumar4030,Waste of time,0,2020-08-15 13:59:01
@NikshepSalian,Marjavo bhenchod,0,2020-08-15 13:58:58
@sandeepkumarpandey4502,Dislikes tharki Mahesh bhat,0,2020-08-15 13:58:49
@chotantanti9973,Baycutt movi,1,2020-08-15 13:58:45
@gouthamnagarajan9005,I came here to dislike this ........,0,2020-08-15 13:58:45
@dineshnair8804,Buckwas,0,2020-08-15 13:58:34
@dharmikthakar4760,I was dilike because of aaliya,0,2020-08-15 13:58:32
@ashishgirhe7664,Useless,0,2020-08-15 13:58:32
@nitinnarula8979,Listen Bollywood we didnt watch any movie until SSR justice come.....if u not embarrassed then u make record of dislike every trailer & movie Jai hind......... love u ssr,1,2020-08-15 13:58:20
@joydebdas6037,Band kar do band kar do Ram Mandir ke samne Aakar big mango,0,2020-08-15 13:58:07
@sushilyerunkar6052,This dislike not for Sanjay dutt,0,2020-08-15 13:58:03
@pawankumarsingh6543,Alia bhatt good but......,0,2020-08-15 13:58:02
@KiranKumar-tj3iw,RIP MAHESH Bhat,2,2020-08-15 13:57:50
@sumansemwal4981,Binod,0,2020-08-15 13:57:50
@harekrushnamohanty8439,I hat Alia Bhatt,0,2020-08-15 13:57:36
@ektasinghparihar8557,unfortnatly We can dislike only one time other wise I dislike it 1000 time,7,2020-08-15 13:57:26
@pankaj7481-.,Londibaaz movie hai madharchod ki jai sushant sir ..,0,2020-08-15 13:57:07
@sonuhanjotra4219,Dislike karke kis kis ko maza aya,0,2020-08-15 13:56:46
@Tara.....3-g3b,Dislike don't belong to sanjay sir,0,2020-08-15 13:56:43
@dhirenmaharajgaming9389,Sala is Se Ghatiya Kya,0,2020-08-15 13:56:37
@pranavjoshi4365,Baba,0,2020-08-15 13:56:28
@UmaShankar-xj5fu,Bekar ......trailer,0,2020-08-15 13:56:02
@vikalalseries,I unlike this trailer but I like Sanjay datt,0,2020-08-15 13:55:56
@sabarishrockzz,Waste,0,2020-08-15 13:55:33
@amanburman.4056,Chutmara,0,2020-08-15 13:55:15
@SumanKumari-uu2vu,Oooooooo bhaio yeha bhi aakar dislike kro please 10 million plzzzzzzzz kr do yeha bhi bena dekhe shirph dislike kro ssr,1,2020-08-15 13:55:15
@Aashiquiwaladil,Boycott,0,2020-08-15 13:55:14
@crickets1078,Record banne wala he dislike ka,0,2020-08-15 13:55:10
@sarvankamboj2565,Baba love u apke liye like karunga But not for bhatts,0,2020-08-15 13:55:08
@eshansharma2524,Gand Maro inki rakh ke,0,2020-08-15 13:55:01
@chprasad7585,RIP SSR,0,2020-08-15 13:54:59
@gautamgupta550,Gautam gupta,0,2020-08-15 13:54:55
@the_dreamy_cloud,,0,2020-08-15 13:54:53
@vks8666,Nhi hit hoyegi bcoz of Alia bhatt,0,2020-08-15 13:54:45
@rupeshjain9893,Maro dislike bc ki movie pe,0,2020-08-15 13:54:39
@mukeshrathod6459,aap logo ka jitna movie ayega usko hum nala 2 bana denege Maha tharki log samjte kya he apne apko,0,2020-08-15 13:54:35
@ravithakur168,Sanjay sir aap superstar hai is third class ladkiyo sath movie nahi banaiye,0,2020-08-15 13:54:29
@free_soul86,Trailer is so boring . Wat will b the movie,0,2020-08-15 13:54:26
@mackpratap6235,Boycott all upcoming movie of alia bhatt like Thakt movie,0,2020-08-15 13:54:22
@careerjobraman,Napotism haters hit dislike..we want justice for SSR,0,2020-08-15 13:54:06
@ffgamingytff6173,19 lakh disslike,0,2020-08-15 13:53:55
@techmoviewala4352,Aliya movie I don't like all movie sadak 2 bakwas movie most dislike movie,0,2020-08-15 13:53:50
@poojakhandagle3859,Bas ek zalak sadak ki acchi lagi baki sab sir k upar se gaya bakwas thad class,0,2020-08-15 13:53:50
@sushilkumar-us1go,Degi n aliya,0,2020-08-15 13:53:27
@surajpardhi2152,Bole to zakas Baba,0,2020-08-15 13:53:23
@trilokinathpandey5526,Sorry sanjay dutt,0,2020-08-15 13:53:21
@sdrhdmovieswellpepar6157,Sanju Baba voice is very beautiful,0,2020-08-15 13:53:16
@palaki2472,Ewwww,0,2020-08-15 13:53:14
@adityajena4165,puraa bakwaas movie...supper flop.....,0,2020-08-15 13:53:13
@adarshbharatashu6206,Sanju baba,0,2020-08-15 13:53:11
@BADALKUMAR-zj4mn,Plz dislike all of u,0,2020-08-15 13:53:06
@dhanendrakashyap4022,Bakwas movie bakwas log.,1,2020-08-15 13:52:55
@ravivarma4592,This is my brother's mobile I only came to dislike,0,2020-08-15 13:52:51
@abrahimkhan3733,Madarchodo sadak picture ki Kyu maa chod di bakwaas hai sadak 2 benke lodo harami kutto,1,2020-08-15 13:52:16
@VarshaMandar,Just visited trailer to hit dislike...,0,2020-08-15 13:52:04
@sutanupanda1845,Booooo,0,2020-08-15 13:52:01
@unnatigaur7779,Sadakchaap,0,2020-08-15 13:51:53
@AnkitaSingh-sw9tj,Searched the trailer only to dislike,8,2020-08-15 13:51:50
@bittertruth2210,"Wow loved to see so many dislikes.... Fuck Nepotism... N Fuck all these Pariya, jinke papa ki koi confirmation hi nahi hoti, ki pakke wale kon sei hai.. Love u all Disliker's",6,2020-08-15 13:51:45
@harshitgupta4928,Sanjay Dutt & ARK . Inkr liye like banta hah...,0,2020-08-15 13:51:43
@vinayakbondkar7683,,0,2020-08-15 13:51:30
@smilybakshi6026,Sala kitni ghatiya logo ki movie h madarchod bhadba hbhosdi balo ki madarchod kotto salo ki maa kee chu....,0,2020-08-15 13:51:24
@dgjyrgghj7817,Ch*ub ha yea,0,2020-08-15 13:51:17
@thoibamalik4855,Wooow so great to see that ppl are giving justice to sushant through hating others. Woooow I hope these guyz atleast think that sushant wouldn't want people to get hurt bcz of him. He was such a calm person,1,2020-08-15 13:51:01
@AnkitaSingh-sw9tj,Nepotism down down,0,2020-08-15 13:50:59
@hariombharti556,Wrost trailer of the year,0,2020-08-15 13:50:41
@bonthalasaikrishna,Came here To Dislike the Video,0,2020-08-15 13:50:40
@shaktioad5950,Booycuutt,0,2020-08-15 13:50:35
@adarshgopang916,Sanjay sir,1,2020-08-15 13:50:32
@anjalirajhans5048,Dislike for alia bhatt.,0,2020-08-15 13:50:32
@glorianaorem,People who are disliking are also waiting for their movie PS: Me too,0,2020-08-15 13:50:29
@yatharthgaur549,Sadakchaap,1,2020-08-15 13:50:24
@kartiksrivastava2685,Bakwaaas 2,0,2020-08-15 13:50:20
@surajjanni6302,Super 15/8/2020,0,2020-08-15 13:50:08
@agnostos7845,Chutiya movie,0,2020-08-15 13:50:01
@pratimapatidar6721,,0,2020-08-15 13:49:23
@viratfan5619,RIP nepotism,0,2020-08-15 13:49:22
@umeshchavan8176,Dislike without watch trailer,0,2020-08-15 13:49:17
@niharika1766,Bhkk sala band kr ye film madrchod sab ka pictures aur rndi v h ishme toh,0,2020-08-15 13:49:15
@rajatsunwane,Boycott,0,2020-08-15 13:49:15
@kaisarkhan9673,Sanjay and Aditya u both are like gehu k sath ghun type pis gye,0,2020-08-15 13:49:13
@shailendrasaini9942,I hate nepotism,0,2020-08-15 13:49:10
@EditingServices,Boycott,0,2020-08-15 13:49:05
@ketansheth832,Eagerly waiting for this trailer just to dislike.,83,2020-08-15 13:48:49
@Shivamjha369,Ali land mera,0,2020-08-15 13:48:43
@PristinePropHub,100% flop because of alia,0,2020-08-15 13:48:35
@monishasamanta1199,So excited. Love you Alia,0,2020-08-15 13:48:34
@shailendrasaini9942,Bkwas,0,2020-08-15 13:48:29
@prawinlakravlogs,Respect for Sanjay Dutt..Boycott ye saale ghatiya star kids..,0,2020-08-15 13:48:27
@kaisarkhan9673,For the first time i deslike without even seen,0,2020-08-15 13:48:10
@mohitsingh-zb5cl,Want talent not nepotism #justiceforsushant,0,2020-08-15 13:48:04
@RohitKumar-sl2br,Sorry Sanjay sir you are osm but I can't support you because this movie deserved dislike and report,0,2020-08-15 13:48:00
@animasora8488,i like aditya roy kapoor,0,2020-08-15 13:47:54
@pratimapangle2382,"Aaliya, uparwala hamare sath bhi hai aur Sushant ke saath bhi. Par shayad tumhare sath na ho, is sadak par. #justiceforssr",0,2020-08-15 13:47:52
@allstylevideo1569,Nepotism at his best,0,2020-08-15 13:47:36
@rakeshmakwana2931,Boycott bollywood/napotizam/all are bloody fake without any reality.....real hero was SSR Who has been killed by some bastards.,0,2020-08-15 13:47:35
@PankajKumar-bb8bl,ek no. ka kbad trailer,0,2020-08-15 13:47:17
@pranjalsrivastava850,You suck,0,2020-08-15 13:46:58
@SIGMACLASSESBHT,Sanjay baba aap n bhat family se dur raho nahi to .......,0,2020-08-15 13:46:51
@greatindianfoodies8738,Dislike for,0,2020-08-15 13:46:42
@Ishowultraspeed,Waste,0,2020-08-15 13:46:39
@Sachinsharma-960,1 dislike for Aliya bhatt,0,2020-08-15 13:46:37
@lovelysinam283,Dislike because of Aliya,0,2020-08-15 13:46:31
@chandansinghvishen1185,Bycot the flof moovee jhand hii,0,2020-08-15 13:46:28
@sandeepdubey3558,Saalo ko inko is baar dikha denge ki public kya cheez hai is alia aur iske baap ko bhi pta chal jaayega ki iski beti kitni talented hai sb bc hai,0,2020-08-15 13:46:16
@pumpumchaurasia2359,,0,2020-08-15 13:46:10
@Universe-b5g,Tumhari duniya dub gyi khatam,0,2020-08-15 13:45:52
@भारतेन्दुपाठक,Bkwas,0,2020-08-15 13:45:50
@kaifpatel5127,Those who are against aliya bhatt and mahesh bhatt hit a dislike to video and like to this comment,0,2020-08-15 13:45:27
@shwetaverma3299,New record most dis liked movie on youtube,1,2020-08-15 13:45:26
@Rupali56897,NEPOTISM,0,2020-08-15 13:45:23
@shivagaming5280,Bloody nepotism guys .. boycott Star kids,0,2020-08-15 13:45:22
@PramodSingh-tf2sc,Napotism must end how alia said fake guru wo ki wajah se maine apni ko khoya hai.. they r blaming to our religious wake up guys time to Boycott this movie,0,2020-08-15 13:45:21
@xmandeath1,Sabse bakwaas,0,2020-08-15 13:45:16
@shabaznawaz3543,for sanjay dutt,0,2020-08-15 13:45:15
@umabera9334,Bakwas trailer....,0,2020-08-15 13:45:14
@win-vibe,dislike from my side,0,2020-08-15 13:45:13
@Mahadev9601-t8,Boycott,0,2020-08-15 13:45:08
@madanmali9681,Dislik,0,2020-08-15 13:45:08
@ChandanSingh-ri2vy,Dislike button click karna to banta h for shushant sir,0,2020-08-15 13:45:04
@padma_enterprises_ajmer,Why you waste Money give me don't run ads is movie flop already don't waste your money,1,2020-08-15 13:44:59
@lokendersingh211,,0,2020-08-15 13:44:57
@aniltripathi6211,,0,2020-08-15 13:44:53
@dhirajsharma3936,,0,2020-08-15 13:44:52
@Bablisarma-ij8gs,Kya bana dala. Sab kuch bhool Gaye kya acting kaise hoti h?,0,2020-08-15 13:44:10
@deepmaanak,Hahha loude lag gya,0,2020-08-15 13:44:05
@bihariboy3697,Chhiiii,0,2020-08-15 13:43:57
@pindbulandpur4135,5 MILLION DISLIKE TARGET INDIA',0,2020-08-15 13:43:49
@pushprajyoutuber51,This like for aliyabhhat not for sanjay dutt,0,2020-08-15 13:43:41
@artischannel3595,Fight for SSR...pl dislike more n more,0,2020-08-15 13:43:18
@choezombhuti4141,Waiting eagerly for this movie.,1,2020-08-15 13:43:13
@Vipinmvt,Ab sare starkid ko dislike hi milega ......ab bas talented acter ko like aur dunga...aur unki hi filme dekhunga....jaise Sonu sood rajkumar Rao aayushman aur new acter .......Taki koi talented acter khudkhusi na kare.....,0,2020-08-15 13:43:10
@user-gm5bo7gg8n,Pyar kachre ko sona bna deta h tatti ko nhi log chahe jitna like de ye movie chalne wala nhi,0,2020-08-15 13:43:09
@sayan_arts1857,Hatttt baker,0,2020-08-15 13:42:51
@anilmahatto7182,Boycott,0,2020-08-15 13:42:45
@sarkarmolecularecologist2022,Trailer doesn't look interesting at all.,8,2020-08-15 13:42:38
@luckysaini9858,I'll just come to this vedio for dislike this.. Vedio,12,2020-08-15 13:41:57
@GauravSharma-vw8ny,Boycott,0,2020-08-15 13:41:49
@babuljena3034,"Every Hindu pls dislike sadak 2 ,,,for susant singh rajput",0,2020-08-15 13:41:47
@Shailendrasingh-jj3fj,Ye sirf aliya ke liye,0,2020-08-15 13:41:42
@princecharlie4725,Aliya bhatt ke liye deslikes...,0,2020-08-15 13:41:42
@user-gm5bo7gg8n,Sala like kon kiya kisko isme itni badi story dikh gai btana jara,0,2020-08-15 13:41:36
@divyajyothi821,tatti trailer tatti director tatti movie Bilkul hag diya disney walo ne,0,2020-08-15 13:41:34
@alkhawakhare1040,Yaro 1.9m par Ho gaya,1,2020-08-15 13:41:33
@labhanshsharma8092,How many people cannot understand this story,6,2020-08-15 13:41:12
@user-S40N3,Alia bhatt jaher kha lo,0,2020-08-15 13:41:11
@RahulSingh-rb4vy,Bay kat karo salo ka,0,2020-08-15 13:41:03
@user-S40N3,Ye gawarrr ko mar jana chahiye,0,2020-08-15 13:41:00
@krishnabyale3236,Bundal,1,2020-08-15 13:40:49
@bhanusahu5851,Ni dekhenge faltu movie,0,2020-08-15 13:40:39
@officialdasvens4143,Boycott,0,2020-08-15 13:40:23
@samherris,Boycott Salman Khan too,0,2020-08-15 13:40:08
@padminimohapatra5316,Kya trailer hai,0,2020-08-15 13:39:57
@padminimohapatra5316,Kisne like dia re,0,2020-08-15 13:39:42
@shyamnandan5539,Aliya ki ki sari movi ghatiya,0,2020-08-15 13:39:40
@tyewfhjbkhfvj,Sanjay Dutt ya 1993 boom blast ka aropi hay koi mat bhuloo.,0,2020-08-15 13:39:33
@Amit-iz1ow,,0,2020-08-15 13:39:29
@sauravverma4583,I am disliking it bcz the trailer is tatti.,6,2020-08-15 13:39:22
@dharamvirinternettech9262,like,7,2020-08-15 13:39:21
@samherris,"I am boycotting Alia, Bhatt camp and Salman khan each and every movie from now onwards",0,2020-08-15 13:39:15
@Neha_Boutique_Bangalore,Mera v dislike lelo re baba,0,2020-08-15 13:39:11
@k.mnevergiveup1489,Worst movie of the year,0,2020-08-15 13:39:03
@dk49bK57,https://youtu.be/_5EedjUuvxs,0,2020-08-15 13:39:01
@sanjaymallick8462,"Aabe bhaduee log agar itna dislike milchukka he bar bar youtube pe popup lagake kyun rakh rahe ho ,,, ?? Moviee hit hogi flop me..",0,2020-08-15 13:38:56
@saptarshibhandari3903,Boycott,0,2020-08-15 13:38:34
@allstylevideo1569,Boycott this chutiyapanti of nepotism movie,0,2020-08-15 13:38:33
@shivjeeyadav6298,Mahesh bhatt ki koi movie na dekhe,0,2020-08-15 13:38:18
@PankajPatel-gg8mk,I will not go to watch this movie,0,2020-08-15 13:38:13
@AshaKumari-no3nt,How ppl can be so stupid... They just run with crowd ..lost their senses totally..,5,2020-08-15 13:38:07
@Raushandhoni07,Chiiii,0,2020-08-15 13:38:06
@mrharesh6396,Total bakwass movie dislike this movie,0,2020-08-15 13:37:59
@optimusvince1006,PODRA DISLIKE AH,0,2020-08-15 13:37:58
@anupghosh6268,World record....move trailer Dislike,1,2020-08-15 13:37:52
@souravgurung396,Bycott alia,0,2020-08-15 13:37:45
@Fun2shhTadkaOfficial,Dislike trailer without seen for sushant singh Rajpoot,45,2020-08-15 13:37:28
@aryasutaparida9326,F,0,2020-08-15 13:37:27
@hamentnaglax984,Allya bakvash acatker,0,2020-08-15 13:37:14
@sanjuveeragoni2901,How many of uh disliked video without watching it,1,2020-08-15 13:37:02
@vikasvaishney8153,Never eat cucumber from single lady fridge,0,2020-08-15 13:36:59
@anantakhandagale1059,Floop,0,2020-08-15 13:36:56
@thedabolcshadw6236,Came here to dislike...n mission accomplished,0,2020-08-15 13:36:54
@samherris,After watching the trailer it is confirmed that it's not sadak 2 it's sadak chap 2,0,2020-08-15 13:36:42
@sumitbodele7419,Suna tha sadak pe kabhi kabhi kachara pada rehta hai.... Pr ye sadak pe kachara hi kachara pada hai,1,2020-08-15 13:36:42
@TVID58,Bakavas,0,2020-08-15 13:36:41
@akashsrivastava5389,Mahesh bhatt ko apni ladki me sex dikhta hai bhagwan aisa bap kbhi kisi ko na de Jo apni ladki ko itne bharab najar se dekhta ho socho dusre ki ladki ko kaise dekhta hoga,0,2020-08-15 13:36:30
@ayushshrivastava1280,dislike ??? dislike ???,0,2020-08-15 13:36:11
@ashishsawant342,Justice for Sushant,0,2020-08-15 13:35:54
@riyadey6813,Dislike Karo sab,0,2020-08-15 13:35:51
@prakashbhatia8798,She kitni ganda movie hoga bichara Sanju Baba ko itna ganda flim mila,0,2020-08-15 13:35:43
@ramchouhan.xyza7657,Boycott,0,2020-08-15 13:35:20
@gopalthakur9643,Bakwas bandal,0,2020-08-15 13:35:05
@safee06sdn,Sirf dis like ke liye play kiya hun sanju sir sorry app ko is movi me nahi aana tha,0,2020-08-15 13:34:54
@singh.on.himalayan,This dislike is for mahesh Bhatt n Alia.... Justice for SSR...,0,2020-08-15 13:34:35
@sikkusingh3098,I never seen that movi,0,2020-08-15 13:34:26
@AnitaAnita-ry3xg,BYCOTT bhatt family and BOLLWOOD bucottt,0,2020-08-15 13:34:17
@kaddujock5990,Sadak chap movie ka all hero and heroine dog ha,0,2020-08-15 13:34:14
@virendrsalve7973,So lovely,1,2020-08-15 13:33:54
@AmritaMondal,,0,2020-08-15 13:33:49
@saurabhpandey8949,World record of disliked video,0,2020-08-15 13:33:46
@mamtathakkar4648,The dislike is for alia batt and mahesh batt not for sanjay datt,0,2020-08-15 13:33:31
@menakaroy2451,Owk thuuuuuuuu,0,2020-08-15 13:33:21
@kumarvinay8151,This dislike is for Mahesh bhatt.,0,2020-08-15 13:33:21
@menakaroy2451,Owk thuuuuuuuuu,0,2020-08-15 13:33:09
@deepmishra_uk,Bycot this moovie,0,2020-08-15 13:33:08
@jayantkumar-2488,", dislike",0,2020-08-15 13:33:07
@योगेशकुमार-ड9भ,Bakwas movie,0,2020-08-15 13:32:57
@shivadurga4487,Sushant sir enjoy dislike of #sadak2 from the heaven,0,2020-08-15 13:32:49
@vinersworld,Dislike ka record bana rahe hai kya????.. Kya chutiya giri chaloo hai,0,2020-08-15 13:32:41
@Salome-ym9et,You can have all the TALENT in the world but if you don't have a HEART its POINTLESS.,3,2020-08-15 13:32:37
@deepakbandagale2030,Waise to main Alia Bhatt ki movies kabhi dekhta nhi...Lekin Aaj dislike karne me bada Maja aa raha hai...,1,2020-08-15 13:32:37
@AnandMishra10,"Ye log apni sab filmo me hamesha insaf dikhate hai aur jab insaf karane ka time hai to chup baithe hai. waise to har baat me poster lekar aur twit karke bakte the abhi sab gayab hai. Bad industry, bad people.",0,2020-08-15 13:32:37
@Hilaary,"Hy i saw 49 lakhs of dislike! But now, how it become 19lakhs of dislikes only? Do google supports them",0,2020-08-15 13:32:25
@suresh48784,Alia ko ghar me bithao,0,2020-08-15 13:32:18
@swatichoudhary5969,Dislike for alia,0,2020-08-15 13:32:17
@byte2brain,Totally bkbash movie jo bharat ke bete ki bali leke us takle ne bnayi h....We bycot this flop movie,0,2020-08-15 13:32:11
@sagarrajak220lovers,Dislike,0,2020-08-15 13:31:59
@shikalitoayemi9378,Wow dislike,0,2020-08-15 13:31:51
@rahulrana2053,Gandu,0,2020-08-15 13:31:47
@tothepoint386,Very bad yrrrr.....,0,2020-08-15 13:31:35
@nantubiswas9136,Dislike kor do.....,0,2020-08-15 13:31:29
@arunrajan338,I like both Sushant and Alia,0,2020-08-15 13:31:26
@Yashnain996,Hm nhi dekhege in chutiyo ki movie,0,2020-08-15 13:31:10
@seetanshmaheshwari5497,This dislikes for mahesh nd aaliya,0,2020-08-15 13:31:05
@sachinpatel1659,Dislike,0,2020-08-15 13:30:53
@sushilrithe8062,Alia -who is suahant Le public- who is Alia,64,2020-08-15 13:30:52
@kaddujock5990,"Sadak chap ko dislike karo , yea movie ko koi nahi dekhna",1,2020-08-15 13:30:49
@RathoreJaipur,"Is movie ka name sadak 2 nhi ""sadak chaap"" hona chahiye tha.",0,2020-08-15 13:30:40
@alankritialankriti4385,This Dislike only for Alia and Mahesh Bhatt,0,2020-08-15 13:30:39
@jagrutipandya4853,https://youtu.be/gTCa-bRVzxc,0,2020-08-15 13:30:38
@HarshPatel-cq2lm,Jo like kiya wo sab madar.........,0,2020-08-15 13:30:35
@teenameena4884,Batt parivar kya aap susant Singh Rajput ko justice dilane ki bajay aap psychitrist Bhi ban gaiya.. Riya ko kab tak bachaoge.. Desh ki Janata ki avaj ko to koyi Bhi Nahi daba sakta.. susant Singh Rajput case Ka investigation to CBI hi karegi..pure desh Susant Singh Rajput ke justice ke liye duaa Kar rha hai.. upper wale par Pura bhrosa Bhi..is liye best ye hai ki aap movie banana or nepotism ko badava dene band kar dijiye,0,2020-08-15 13:30:30
@tahirhrb,Super hit movie sanju bawa,0,2020-08-15 13:29:35
@nazeermunna7095,This Diskike only for Alia bat.. Not for Sanjay Dada,0,2020-08-15 13:29:27
@shikshabhatnagar9565,This movie must be boycott justice for #ssr,0,2020-08-15 13:29:17
@abhijitsinghrajput7495,Kash ye movie kisi achhe director ki hoti to jarur chlti or Sanjay datt ka bhi nuksan nhi hota. Sala yaha gehu ke Sath ghun bhi pisa rha hai.,1,2020-08-15 13:29:13
@atishkasabe6057,Flop film,0,2020-08-15 13:29:00
@harshitrai5396,I m liking this trailer only fr sanjay dada and aditya sir..,2,2020-08-15 13:29:00
@jyothsnakothapalli2094,Waste movie..bad..worst,0,2020-08-15 13:28:39
@bhojpuridhamakatitok7103,Bakwas trailer,0,2020-08-15 13:28:36
@manobeshdas4107,"Tharki budhe mohesh bhat, or aliya, #JusticeforsushatshighRajput",0,2020-08-15 13:28:29
@ganeshpathak2086,Boycott.....,0,2020-08-15 13:28:20
@uv3666,Will not watch this movie as I've decided to boycott Bollywood,0,2020-08-15 13:28:17
@deepikagoyal2016,CBI inquiry for Sushant Rajput ... useless picture ...,0,2020-08-15 13:28:15
@Simran-qb5vq,Maine trailer dekhe bina hi dislike kar diya.. Chee chee .. Hmko aisi cheze dekhni hi nhi hai #SSR,0,2020-08-15 13:28:11
@vishvendrasingh741,,0,2020-08-15 13:28:00
@astronomy4486,love you aditya,1,2020-08-15 13:27:56
@mradulydv1175,"Mine dislike is for alia, muhesh bhatt, not for aditya roy kaoor, sanjay dutt en dono ko is me kaam nhi krna chahiye tha...",0,2020-08-15 13:27:48
@PraveshChauhan,"Carry on friends, going on the right way, life is not cheap that anyone play with this, teach a lesson to them",4,2020-08-15 13:27:45
@shreehari4958,This movie is absolutely garbage. Waste to watch the movie of aliya Batt. Alia batt haters like here,0,2020-08-15 13:27:41
@angeljohnson708,"Guys dont just dislike ., hit the report button also ... they deserve that .... they keep on killing people for their benefit. Dont just dislike , Report it .",0,2020-08-15 13:27:38
@GKS50,Boycott,0,2020-08-15 13:27:26
@Simran-qb5vq,Aarj kiya hai.....Aasman mein rehta hai chanda Aasman mein rehta hai chanda Yeh jo 10th pass wali heroine hai.... Cheeeee iski film ka trailer hai sbse gnda #SSR,0,2020-08-15 13:27:25
@tyewfhjbkhfvj,Koi bhi move na dakoo. Please sachha hindustani. Ya sub choor hya sale bolywood wale,0,2020-08-15 13:27:24
@jagdishgosavi9960,Mat dekho asi phaltu bollywood picture.,0,2020-08-15 13:27:13
@sumithmudulkar6587,Worst trailer worst aliya bhat bhat phat,0,2020-08-15 13:26:57
@astronomy4486,sadak ke kutte bhoooke lag rahe he,1,2020-08-15 13:26:53
@venkatasaisumanth4820,Waste trailer,0,2020-08-15 13:26:51
@hemantrajput7764,U all r just Go to all,0,2020-08-15 13:26:32
@pratyush8618,The dislikes are for Bhatts not for Sanju baba or Aditya Roy kapoor,5,2020-08-15 13:26:27
@jyothsnakothapalli2094,Dislike,0,2020-08-15 13:26:23
@mohanishchothani520,Hamesha hindu dharm ko kyu target kiya jata hai,0,2020-08-15 13:26:23
@sasiaryaa5525,Sushant will be happy in heaven,0,2020-08-15 13:26:19
@Mr_Sandeep_Yadav,Bckchod movie,0,2020-08-15 13:26:10
@maheshaglawe4193,Bycott,0,2020-08-15 13:26:09
@mohitkukrej13,INKA TIME GAYA ; AB RAJA KA BETA RAJA NAHE BANEGA ! PEHLE BAAR DISLIKE KIYA AND COMMENT KIYA BINA DEKHEEE ! GOOD BYE,0,2020-08-15 13:26:07
@Pure_Masculine,Chadarmodo ayinda soch lena movie banane se pehle,0,2020-08-15 13:25:59
@seriousfacts3131,Every one who dislikes is member of binod army me also,0,2020-08-15 13:25:56
@umangrathod825,binod,0,2020-08-15 13:25:53
@Gamers24X7,Disliked like a boss.,0,2020-08-15 13:25:51
@yashsai2344,Plz don't watch dis movie ..rip sushanth,0,2020-08-15 13:25:51
@vickykumar-so8ho,Dislike for alia and mahesh bhatt,1,2020-08-15 13:25:51
@logeshks9033,I'm from Tamil nadu I don't know Hindi and I disliked this trailer #justiceforssr,0,2020-08-15 13:25:43
@sunitathakur3295,https://youtu.be/J-AGy_5BsJ4 This song is against nepotism.....hit the like button and share guys,0,2020-08-15 13:25:36
@thakurbalramsinghrajput_07,Boycott Bollywood,0,2020-08-15 13:25:21
@thebitturiyasinghrajput.8402,abe bsdk ye like kon bc.... kr rha h,0,2020-08-15 13:25:15
@jeelezaraa4657,In salu ka filim mat. D. Gadar hai,0,2020-08-15 13:25:10
@rvlog5267,,0,2020-08-15 13:25:05
@kailashkantabhoi459,Land land jaisa movie hai ye,0,2020-08-15 13:24:54
@alankritialankriti4385,I hate this,0,2020-08-15 13:24:53
@santoshdahalke3101,,0,2020-08-15 13:24:44
@amitkumar-eu5kz,Chutiya,0,2020-08-15 13:24:35
@shailajamadhu7897,Awesome acting by Sanjay dutt The only reason for why this video is good Is because of his acting,0,2020-08-15 13:24:21
@sudhanshuverma4185,Thanks alot guys for boycott effectively this trailer,2,2020-08-15 13:24:09
@imagineideas783,I did not like this..,0,2020-08-15 13:24:04
@hardiksharma8762,Yeh to tatti hai,0,2020-08-15 13:23:55
@mrinmoybaishya3981,Boykot star kid... monkey donkey Alia Bhatt..,0,2020-08-15 13:23:40
@bmusic7727,Who did search this trailer just to dislikes? Job done,151,2020-08-15 13:23:23
@pritiyadav6058,This dislike is for alia nd mahesh bhatt not for aditya nd sanju baba,0,2020-08-15 13:23:04
@daringsuraj4914,Chidiya chadhi peid pe usne diya moot Mahesh bhatt ki maa ka bhosda alia ki maa ki choot,0,2020-08-15 13:22:54
@swatibhattacharya617,We are united now...jab tak justice nhi milti SSR ko... Let's BOYCOTT bollywood and let's UNFOLLOW them on Social Media... tweeter..Instagram..facebook.. We are united now...jab tak justice nhi milti SSR ko... Then let's leave their accounts with ZERO FOLLOWERS...Let's DO IT.... We are united Indians for #justiceforsushant #Warriors4SSR #CheepikaPadukon #ChorveerSingh,0,2020-08-15 13:22:49
@sawlinprajapati3506,Mera lauda dekhega tera Film,0,2020-08-15 13:22:41
@someonearoundu3939,Disliked successfully,0,2020-08-15 13:22:17
@djGamer-wh6tl,Aur kitne dislike bar rahe hai chek kar rha ho. Maine pehele jb dekha tha tb 12lakh dislikethee ab 19 lakh ho gaye.. Trailer ka asa like se jda dislike a raha toh movie ka kya hoga koi nhi dekhe ga.. Asehi chalta rha toh.. Alia toh flop ho hi jaye gi.. Alia ka bollywood career itne mein khatam ho jayega lgta hai.. Jb darshak hi nhi toh kya heroien bnna..,1,2020-08-15 13:22:06
@TheQuitTrader_mr.a,BC aaj pehli Baar video dekhe bagair hi deslike kar diya sadak thu,1,2020-08-15 13:21:36
@JaiHind-8494,Nepotism,0,2020-08-15 13:21:24
@bhanuvenkatanagapavankumar491,,0,2020-08-15 13:21:12
@blackarmy9361,Trailer dekhe bina hi dislike kar diyaa....,0,2020-08-15 13:20:52
@sangeencharak1688,Ghatiya Alia 3ed class alia,0,2020-08-15 13:20:49
@26desert,Boycott...it will be a big flop..end nepotism in Bollywood,0,2020-08-15 13:20:48
@sheetalmunjal9707,you fake kal tak 7 million + dislike the,0,2020-08-15 13:20:40
@aradhy_patel_,Justice for ssr,0,2020-08-15 13:20:40
@Mahadev80902,Boycott mahesh bhatt's movie nd all other nepotism...,0,2020-08-15 13:20:33
@PritiSingh-nq4wx,NEPOTISM,0,2020-08-15 13:20:13
@devidaschaudhari5631,Faltu,0,2020-08-15 13:20:06
@manthan3250,Like for sanjay batt,0,2020-08-15 13:20:05
@vikashpatel8813,This dislike is for alia bhatt and mahesh bhatt. Not for sanjay datt and aditya roy kapur,0,2020-08-15 13:20:04
@vishalpatil5603,", , . . . . . . . . .",12,2020-08-15 13:19:56
@obaidansari4651,trailor itna borring h to movie kitni ghtya hogi sadak pehle wali gaane k vaje se hit hui thi nadeem sharavan ka music ek no tha ab aisa kabhi bhi nhi aayega 2 to bakwas h isko releas nhi krna koi free m bhi nhi dekhega ??????,0,2020-08-15 13:19:53
@meghabagul3148,#nepotism,0,2020-08-15 13:19:51
@seenu_Gupta,Are bahi like mat karo dislike karo plz,0,2020-08-15 13:19:44
@anunknownwoman,,0,2020-08-15 13:19:29
@sumalathanakka3597,Such a bevars director ....bavars picture,0,2020-08-15 13:19:24
@preetisingh1908,Bakvash movie,0,2020-08-15 13:19:09
@gaurav_Jai_Shree_Ram,Opened Disliked Closed Next video,0,2020-08-15 13:19:09
@mdaltab7865,Bhai sahab kuchh gand faad dislike mila hai ismein,0,2020-08-15 13:19:00
@preetisingh6133,"Mai dislike isliye kar rahi hu becoz tumlog me insaniyat nai hai, atmasaman nai hai ,u r not a human or not a animal, tumlog use v gatiya ho .....fucker,",0,2020-08-15 13:18:43
@rupeshvichare7397,A big dislike to Mahesh butt and Aalia bhat.,0,2020-08-15 13:18:41
@programmingclub5235,#madrchod movie,0,2020-08-15 13:18:05
@madhumitadas5992,Hatt sala Laura behenchod flim sala bakrichod artist sala bapp ko chod sala ghar jake alia sali,0,2020-08-15 13:18:02
@harshavardhanshinde202,Maine dono jagah dislike kiya hai,0,2020-08-15 13:17:59
@programmingclub5235,O hotstar ye movie hata varta Tu to gya beta,0,2020-08-15 13:17:51
@bipinthakor686,Hame nakli bhatt ki koi jarurat nahi hai nepotism vale,0,2020-08-15 13:17:43
@alkachaudhary172,Mha bakwas jheee,0,2020-08-15 13:17:43
@mantoshjha3936,Aaplog bhul Gaye Sushant sing,0,2020-08-15 13:17:37
@KR_vlogs21,I hate Mahesh Bhatt and Alia not intrested in this movie.,0,2020-08-15 13:17:37
@Dr.Rachita.bhowal,"Honestly i thought it was pretty good!! (i am not alia's supporter or opposer so don't come to kill me) i am just being honest which 90% of the people who are disliking the video and commenting shit, are not! Idk what sort of a girl alia bhat is, but i surely know 1 thing that she is a wonderful actress! Yes she came to the industry because of nepotism but she has proved herself with her amazing acting skills time and again! Be it highway or raazi or dear zindagi, or even kalank. No matter whether the movie is flop or hit, but her acting is always at its peak!",3,2020-08-15 13:17:10
@arjunkaushik5953,This dislike is not for Sanjay Dutt it's only for Alia Bhatt,0,2020-08-15 13:17:08
@DMG932,Chuthiya trailor,0,2020-08-15 13:17:08
@sanyamtiwari2982,Bhaaaag,0,2020-08-15 13:17:07
@purnimamohapatra3311,sala... Kriminal.....thu tera film ko,0,2020-08-15 13:17:00
@priyamchaubey2394,This movie will become the floppest movie ever. If you are a true Indian then like,3,2020-08-15 13:16:40
@shivishing3304,Fully lol,0,2020-08-15 13:16:39
@ashwindedhia7175,Very bad,0,2020-08-15 13:16:34
@saikushal2149,Tati movie,0,2020-08-15 13:16:29
@deadshootgamer497,Maha fudu,0,2020-08-15 13:16:27
@naitikgaming3328,Haha,0,2020-08-15 13:16:11
@vishalsainivp1589,Chal bey band kr iss dukan ko natakbaz,0,2020-08-15 13:16:11
@Chaulbara,Behen chod film actor actress,0,2020-08-15 13:16:01
@himanshubdolia,Bhncho Chutiya Movie Only Time West,0,2020-08-15 13:15:59
@hiteshpatel6896,AfNkst dis fhwif,0,2020-08-15 13:15:58
@ashmishukla9377,Dislike for alia and Mahesh bhatt.. #JusticeforSSR,0,2020-08-15 13:15:50
@kandariiii678,Sorry sir,1,2020-08-15 13:15:38
@luckybhardwaj6890,Dislike to this film,0,2020-08-15 13:15:36
@muralitalari3554,"I can see that 1.8 M viewer's disliked this trailer but 28 M viewer's watched this trailer so what is the meaning of courtesy. Wow great , what is the meaning behind the scenes.",0,2020-08-15 13:15:34
@sunilvishwakarma4301,,0,2020-08-15 13:15:29
@RanjeetSingh-mt9ik,Bakwas movie,0,2020-08-15 13:15:19
@nirmitsports4852,Gatiya,0,2020-08-15 13:15:11
@chhayayadav846,"Ye movie mai to nhi dekhengi,,,,hate u Mahesh bhatt",0,2020-08-15 13:15:09
@programmingclub5235,#10 milion+ dislike,0,2020-08-15 13:15:04
@rakeshshende447,",, ,,",0,2020-08-15 13:14:48
@programmingclub5235,I just came here for do dislike,0,2020-08-15 13:14:39
@Raman-007,Chutiya 2,0,2020-08-15 13:14:28
@Kaisehaiaap,I disliked tooooo,0,2020-08-15 13:14:28
@_Sid-ir7ht,Bhai Sushant sir ka bdla lena hai,0,2020-08-15 13:14:22
@truptikale2104,I didn't get wot I watched. So I disliked.,3,2020-08-15 13:14:10
@pradeepsharma9066,Boycott bhat family from industry,0,2020-08-15 13:14:06
@mdtaiybansari7980,Bakwas trailer,0,2020-08-15 13:13:58
@wildturmeric2749,Guys support khuda haafiz..,0,2020-08-15 13:13:48
@programmingclub5235,#justice for Sushant Singh Rajput,0,2020-08-15 13:13:43
@sanjibkumarnaik3746,Don't cry sadak 2 party,0,2020-08-15 13:13:43
@marymanasaraj,Nice jodi,0,2020-08-15 13:13:36
@bikideb7543,Boycott salman khan,0,2020-08-15 13:13:27
@harshsinghrajput9329,baycot,0,2020-08-15 13:13:24
@pradeepsharma9066,Congrats Aaliya,0,2020-08-15 13:13:23
@veer-d3z,Bakwas,0,2020-08-15 13:13:04
@RahulYadav-dd2ry,Worst trailer,0,2020-08-15 13:13:01
@warrior9469,I didn't even watch the trailer disliked it... We should remember the promise we made to ourselves and the pure soul...,4,2020-08-15 13:13:00
@bikideb7543,Mahesh bhatt ka game over,0,2020-08-15 13:12:55
@kabirshr4696,Feeling bad for Sanjay dutt feeling good for alia,0,2020-08-15 13:12:47
@geetarani6262,Yaha bhi dislikes hahhh,0,2020-08-15 13:12:34
@dibyajyotigogoi6060,"To every actors, please avoid Bhatt's .",0,2020-08-15 13:12:18
@mirzangg3717,Who come here only to see the trailer hit 10M dislike or not?,172,2020-08-15 13:12:16
@gsssbiaspindjalandhar2856,One like only for sanju chachu #loveuchachu,0,2020-08-15 13:12:11
@AjayKumar-fw7ht,Dislike,0,2020-08-15 13:12:01
@pritijoshi8407,Alia bhat....shame on you.. and your so called father,0,2020-08-15 13:11:54
@zmtyaeffie5646,I view this trailer just to dislike anyone same as me.....,9,2020-08-15 13:11:52
@JasbirSingh-ev6gp,Only Sanjay sir is best,0,2020-08-15 13:11:42
@adityaanav4967,Bhai iss film ka naam honna chahiye tha. laude lag gaye .,0,2020-08-15 13:11:38
@gyankifactz2393,,0,2020-08-15 13:11:34
@abhinavsahu5995,Thoko dislike,1,2020-08-15 13:11:33
@kamalmakhija935,Wah Dekha India ki takat 1.9M dislike Abhi 10M toh karke ke hi dikha do india. Inhe bhi pata chale kya kar sakti hai india .,0,2020-08-15 13:11:21
@KrishnaYadav-uw5of,Luv u Sanju Baba... Ur acting always wonderful...also Aditya Roy Kapur .but Dislike for another,0,2020-08-15 13:11:14
@dibyajyotigogoi6060,"Sanjay dutt sir, Aditya kapoor sir we love you . This dislike is for Mahesh bhatt and Alia bhat . Jai Hind , Happy Independence day.",0,2020-08-15 13:11:08
@sachpunjabi,This is not a Trailer... please call it preview,0,2020-08-15 13:11:04
@RemedySutra,https://youtu.be/5-ShY4d0gjA,0,2020-08-15 13:10:51
@rimjhimrathore3367,Papa ki bigri beti,0,2020-08-15 13:10:33
@rajtrinathav5951,"Worst, never have seen such an idiotic movie trailer. An anti Hindu movie. No more bullshit can be accepted, by these jihadis.",0,2020-08-15 13:10:10
@lurenba5692,Next target is for Salman khan's trailer,1,2020-08-15 13:10:09
@smartlearnings651,Isse accha to mai bana leta,0,2020-08-15 13:09:53
@surenderSingh-i3,,0,2020-08-15 13:09:41
@Business-promoter,Report please,0,2020-08-15 13:09:39
@nirupamakrishnanaker9486,Boycott bollywood,0,2020-08-15 13:09:34
@shreenivashegde,,0,2020-08-15 13:09:34
@mayankpanwarDDN,One dislike for SSR from me #RIPBrother,0,2020-08-15 13:09:18
@Praveenfitness1-c7l,Sadak 2 movie very bad movie praveen,0,2020-08-15 13:09:18
@patoliyabrinda1348,Alia bhutt ko kyu rakha nautanki no 1 bakwash herohine nicako,0,2020-08-15 13:09:13
@vazidbasha2361,Ali dislike perfect name,0,2020-08-15 13:09:05
@sohileditor5952,Dislike thoko sab alia aur mahesh bhatt ke liye,1,2020-08-15 13:08:53
@amardeephanmante6176,Love u baba...... Baki aliya ji fail hai....,0,2020-08-15 13:08:46
@moonstarvfxhindi4460,Itni Achchi movie ko bekar kar diya new kya Banaya inhone isme starting Mai aesa lga old movie ka scene dalke ke kuch Achcha Aane vala hoga.. Magar man kharab kr diya Cunfuse kr rha trailer kabhi horror dikh rha hai.. Kabhi lgta ki 1991 vali movie ki story ka kuch Aage ka scene hoga kbhi kuch or,0,2020-08-15 13:08:34
@shilpisinha2336,"According to Mrs. Kareena Kapoor Khan, they do not need us (Aam Janta) for their success . Sahi hai bhaaiyya",0,2020-08-15 13:08:33
@overtimegamer5770,alia Bhatt is stigma on this movie,0,2020-08-15 13:08:28
@pronobroy4499,Sadak kinare hugne baithe ga Bhatt & company.,0,2020-08-15 13:08:24
@haircarekafanda1004,Kis kis ne dislike kiya h iss trelar ko plz like,0,2020-08-15 13:08:09
@jagbagsinghmaan6509,Totally bycot,0,2020-08-15 13:07:46
@sunilg0844,Boycott,0,2020-08-15 13:07:21
@sudheerkumar633,BIG No for Alia Bhatt. Thumbs down. Not interested......Ajeeb si muskhil aa padi hai.. Sanjay dutt Baaba ki movie nahi dhekunga aur uski wajay Alia ka hona movie may.,0,2020-08-15 13:07:02
@hariprasad3509,"19 lakhs,disliked,Nepotism is a rejected word in India in all sectors",14,2020-08-15 13:07:01
@maheshshahi8563,Baba apka kaam ek number hai but aliya ko bardasht nhi karsakte,0,2020-08-15 13:06:48
@SujitDas-in3rr,Aditya & Sanju Baba really I love very much but this time Aalia Bhat & Mahesh Bhatt bohot harami ha,0,2020-08-15 13:06:46
@donatemusic5837,hate bhatt,0,2020-08-15 13:06:42
@bbgrareru,Dislike it,1,2020-08-15 13:06:41
@ireadeducation,Trailer to mast h pta nhi log kyo dislike kr rhe h. I like it Foolish man always dislike everything,5,2020-08-15 13:06:22
@khutbuddinshaikh6871,Bhangar,0,2020-08-15 13:06:19
@krishnaujjainkarallinone1284,,0,2020-08-15 13:06:19
@syedzaid1171,We hate alia bhatt but not sanjay dutt,0,2020-08-15 13:06:16
@sssshhhh990,"My dislike for movie trailer not for any actors , trailer is too worse that affected the last sadak movie reputation",0,2020-08-15 13:06:01
@bharatichavan1666,Dil mange more dislikes,1,2020-08-15 13:05:59
@AngelAngel-hs2fq,#worsttrailer,0,2020-08-15 13:05:36
@shyam.goyal123,@,15,2020-08-15 13:05:18
@anushikhagogoi8829,"Dislike Aliya,Mahesh Bhattt ....",1,2020-08-15 13:05:18
@localguide5630,Alia is alien girl. And mahesh alien k nam k. Bapp..,4,2020-08-15 13:04:59
@AngelAngel-hs2fq,Totally waste!!!!!,0,2020-08-15 13:04:46
@sahelali456,sorry Sanju baba .. upko dill sa like karta hu par unsab ko nahi,0,2020-08-15 13:04:34
@pratibhashukla5863,Sushant ji koo,0,2020-08-15 13:04:27
@raghavendraranbhare1747,"Beware of Bollywood a ""Black Hole"" on Earth . ""Boycott Bollywood"" Hypocrites responsible for spoiling our future generations and hunting (killing) talented outsiders .",1,2020-08-15 13:04:25
@pratibhashukla5863,Sbko lagta hai bhool gye hai hm UP valee,0,2020-08-15 13:04:18
@sarthak2277,I came again to see dislikes and comment's,4,2020-08-15 13:04:11
@prasantabhowmik4662,Hey mc Mahesh bhatt tu apni bakwas film u tube me mat de kyon ki tera Yeh film koi nhi dekhega hum sob lok tere aisi lewra jaisi flim Ko boycott kr k tera okad dekhane wala hoontera sob flim flop hoga kyon ki tu ek na zaban haste khilne wale ladke ka khusi chini hai tujhe kabhi god mad nhi krega we are justice sushant sing rajput,0,2020-08-15 13:03:32
@souravmukherjee3859,The other trailer is at 1 crore dislike,4,2020-08-15 13:03:29
@suranjanasahu8923,Me to isko dislike Karne ayi hu,0,2020-08-15 13:03:14
@Shweta00011,Disgusting producer n directer mahesh bhatt n third class alia bhatt n pooja bhatt...shame.on uh...,0,2020-08-15 13:02:52
@navdhasingh6381,I seriously don't understand ppl.. why do they judge artist for all the other things but not their art..... they are disliking alia becoz of her father but she is good actress... ppl plz stop this... watch movies bcoz of their plot n acting not bcoz of actors...,0,2020-08-15 13:02:47
@BrijeshSingh-fo6ht,Boycott Bollywood,0,2020-08-15 13:02:40
@rajeshdubey6125,love jehad k alawa mulle kya dikhayegi,0,2020-08-15 13:02:37
@SurajShorts7099,Madarchod YouTube tumlog dislike konkam kar deta hai maa ka bhosda,0,2020-08-15 13:02:34
@ankitgoyalhr1,Ab salman ki bari h dislike thoko guru thoko,0,2020-08-15 13:02:32
@iitwallah3928,Nice,0,2020-08-15 13:02:29
@anirudhsharma6429,Ye movie inko sahi me sadak pe laa degi.. BC ek hi dislike ka option hai kya per account..ek se zyaada dislike kaise kar sakte hai ek hi account se..koi bataega..,0,2020-08-15 13:02:28
@Saurabhh7677,Boycotting nepotism,0,2020-08-15 13:02:02
@daughter1581,This dislike for mahesh bhatt,0,2020-08-15 13:02:01
@vishalkumarhari7308,#waste_movie_boycott_sadak_2_justice_4_ssr,0,2020-08-15 13:01:58
@niilparakhor6069,Boycott sadak 2 - Boycott sadak 2,0,2020-08-15 13:01:57
@shubhamminhass5627,Just come here for dislike,0,2020-08-15 13:01:47
@GurpreetSingh-py1kx,I hat alia bhat,0,2020-08-15 13:01:14
@executerop1593,Trailer itna chutiya h to movie kaisi hogi,1,2020-08-15 13:01:11
@ਹਰਪਰੀਤਸਿੰਘ-ਟ9ਮ,This dislike is for aliya bhatt nd mahesh bhatt not for Sanjjay Dutt. Sanjju baba his great acter,0,2020-08-15 13:01:08
@aryanksg,World record 1.10M dislike,0,2020-08-15 13:01:05
@aajaysingh8931,Kisne ki ye tatti,0,2020-08-15 13:01:04
@karankhadka2552,I feel sorry for Sanjay sir,0,2020-08-15 13:00:57
@AjayKumar-gl2tx,Friends sadak bananey balon ko sadak per lana hai to thokko dislike,1,2020-08-15 13:00:49
@doty7,reason to dislike iam a malayalie,0,2020-08-15 13:00:47
@abhishekgaud6146,Sushant Singh Rajput justice..,0,2020-08-15 13:00:29
@AbhishekPatel-cr6bh,My gf liked this trailer .. now she is my ex,0,2020-08-15 13:00:09
@sandeepgupta9043,Disliked,0,2020-08-15 13:00:09
@sunilpassi6260,Flop,0,2020-08-15 13:00:02
@rashikapandey4767,bahot vahiyaad trailor hai,0,2020-08-15 12:59:45
@anantcrazyunbox4162,Let's make world's most dislike record for this movie......,32,2020-08-15 12:59:43
@narayanpednekar570,Sanjuuu and alia,0,2020-08-15 12:59:31
@vinodthakurkullu9299,Bakvas,0,2020-08-15 12:59:31
@vaishnavichavan3128,Dislike for aliya bhatt.....,0,2020-08-15 12:59:09
@dipugupta2723,Ktai nahi dekhungi,0,2020-08-15 12:59:08
@Suvarna726,https://youtu.be/dSaHbEs5KsM,0,2020-08-15 12:59:05
@biswajitdebnath2736,I only dislike for mahesbhatt buda uncle & alia bhatt,0,2020-08-15 12:59:00
@priyasonkar9737,Q dislike ki ja rhi h es movie ko because of alia bhatt why baat nepotism ki krte ho .alia bhatt me talent h isliye industry me h other wise kitne hi flop actor actoress h unki example q nhi dete nepotism me this is wrong.,0,2020-08-15 12:58:50
@KulsoomKhan7,I watched the trailer before disliking it ...but then I realize this trailer worth the dislike,1,2020-08-15 12:58:49
@brainbook6314,No nepotism,0,2020-08-15 12:58:27
@floralworld.mishraji623,............................................................................................continue .,0,2020-08-15 12:58:26
@akshaysancheti9370,Likes dislikes,3,2020-08-15 12:58:17
@priyanshusahu8180,Instagram par alia k 49 million followers hai,0,2020-08-15 12:58:07
@lifenliving0303,"Dislike, ,,bekar ghatia film",0,2020-08-15 12:58:04
@yashmapari1576,Nice trailer Because of MAHESH BHATT I disliked it,5,2020-08-15 12:58:02
@alankritkumar7823,Saala add me aya mereko ye,0,2020-08-15 12:57:59
@ravindergodara,Bad,0,2020-08-15 12:57:58
@richakumari4815,https://youtu.be/Oo8XIa9TdCQ,0,2020-08-15 12:57:52
@anthonydsilva6865,I hate u alia,0,2020-08-15 12:57:51
@hh-2281,Bekar,0,2020-08-15 12:57:47
@akashbtpstenogrowth9967,Love for sushant only.........,0,2020-08-15 12:57:43
@nitinuttarakhandi,3rd class trailer. I will not watch such a stupid film. Justice for SSR,0,2020-08-15 12:57:40
@subirmishra5532,Flop,0,2020-08-15 12:57:36
@premkumart1421,I dislike this,0,2020-08-15 12:57:09
@rohangaming1654,I hate bhatt,0,2020-08-15 12:57:01
@beautyofindia7479,It's new india we know everything,0,2020-08-15 12:56:47
@facts.informetion,Mera dislike Sanjay Dutt or aadiya Roy ko chhor kar sabhi ke liye hmiss u susant sir,0,2020-08-15 12:56:45
@risbkushwaha1580,i hate mahesh bhatt and aliya bhatt,0,2020-08-15 12:56:43
@sanjeevpriyakumar,Pathetic... Won't watch this movie,0,2020-08-15 12:56:39
@RohitJalan,Tum toh sponsor krdiye isko bhai ab dekho diss-likes,0,2020-08-15 12:56:32
@srikantranjan9972,Bakwas trailer ....,0,2020-08-15 12:56:26
@SandeepKumar_333,This dislike is alia bhatt not sanjay dutt,0,2020-08-15 12:56:24
@biswanathrajak5446,"ya Bhaat k liya hai sorry sanju baba, aadiii",0,2020-08-15 12:55:56
@Sir_Jon-the_important_one,240k people hated this trailer so much they turned their phone upside-down and disliked the trailer again,1,2020-08-15 12:55:47
@jpsonline5711,"Extreme bad , complete bakwas.",0,2020-08-15 12:55:39
@swamivivekananda-myhero6751,Boycott all movies....justice 4 ssr,0,2020-08-15 12:55:39
@nituyadav6895,Journey of Bollywood to HELL....starts with SADAK 2,0,2020-08-15 12:54:58
@drsrajib7821,This dislike for is Alia Bhatt,0,2020-08-15 12:54:53
@beautyofindia7479,Only dislike and justice for sushant singh rajput,0,2020-08-15 12:54:40
@apurwa30,Ye kya tha,0,2020-08-15 12:54:30
@tanuaneja181,#boycottbollywood Justice for sushant singh rajput Truth will come out soon and the murderers will rot in hell.. Sushant was a child of god and god will help him,0,2020-08-15 12:54:00
@KhiladiBhaiya-zl7ix,Flop movie,0,2020-08-15 12:53:44
@sandeeppatel1680,Sanju Baba sorry Randi ke sath nhi banana Chahiye tha,0,2020-08-15 12:53:39
@kr.gaurav,"Who is still pending in the line of disliking this video, do it fast yar",0,2020-08-15 12:53:23
@himangini17,Bollywood give chance to talent person and dont follow nepotism or else one day you will finished. Bext ex of nepotism- papu on congress party.,0,2020-08-15 12:52:58
@rajeshsoren213,Aliyah bhat kajra,0,2020-08-15 12:52:56
@lovejeetsingh4871,Abhi toh radhe ka trailer bhi dislike krne ka hai,0,2020-08-15 12:52:53
@Ishucutesmile,"Ye sab atankwadi hai, boycott karo in kamino ka",0,2020-08-15 12:52:51
@theamjadKhnn,Sanjay dutttt osm acting,0,2020-08-15 12:52:49
@nibachbarman2509,Nibach barmaann,0,2020-08-15 12:52:43
@rajkumaryadavb2100,Dirty video,0,2020-08-15 12:52:40
@virapatanipatani1580,Gandu h ye actor,0,2020-08-15 12:52:38
@shubhangdhanesha6990,Everyone Cancel Hotstar subscription,0,2020-08-15 12:52:24
@amitmalo3896,Dislike kro bc ko,0,2020-08-15 12:52:19
@vignesh2122,"Enna than ads potalum na dislike tha poduven ,",0,2020-08-15 12:52:13
@RiyaSingh-wx2wm,My like only for sanju baba,0,2020-08-15 12:52:04
@Bhoot19881,You tube you removed the Dislikes...After 2 days Dislike crossed 9M and after 3 days it becomes 2M. How can you tube delete the Dislikes?,0,2020-08-15 12:51:40
@techbeast6772,Nepotism,0,2020-08-15 12:51:37
@maheshkhatal3670,Abhi to start hai tum logo ko tumhara aukat ab public batayegi,0,2020-08-15 12:51:31
@prasadpatil539,Disaster Movie,0,2020-08-15 12:51:20
@manashininayak8627,don't want to watch your movie.,0,2020-08-15 12:51:16
@saadshaikh2867,Wow ...... Maza agaya Movie kab arahi hai,0,2020-08-15 12:51:15
@piyushranjan4548,This film will go to dust.,0,2020-08-15 12:50:54
@WBCSstudywithJasmin,Flop movie,0,2020-08-15 12:50:48
@akashroy3911,Sadak thuuuuu,0,2020-08-15 12:50:48
@devonunix,Gand faad do En sabhi ki dislike karo jayada se Jayada Mafiya bane bathe hai ye bollywood wali ..... Ab dekhate hai Janta ki power ...,0,2020-08-15 12:50:45
@pankajparashar6826,Sadak pe aa jao tumlog,0,2020-08-15 12:50:35
@akshaydeshmukh366,Sanju baba aap ko ye movie nahi karni nahi chahiye thi,0,2020-08-15 12:50:27
@WBCSstudywithJasmin,Flop movie,0,2020-08-15 12:50:27
@piyushmehra1158,Alia ab bhut ho lia aaa thhuuuuu...,0,2020-08-15 12:50:26
@love_edits2070,disliked on both hotstar and foxstar,0,2020-08-15 12:50:04
@lavleshgaytam8437,Bekar,0,2020-08-15 12:50:03
@aravverma9938,Salman break this record,3,2020-08-15 12:49:50
@vikashsricreation5580,Aaliya or bhatt ka movie ab kabhi nahi chaley dengy bihar me jo ukharna hai ukhar lo mc,0,2020-08-15 12:49:50
@gonolivier9683,"F#ck off we are not interested in this trailer ND rather movie zus cause of nepotism ND hostin a star kid, no hating anyone nor any racism but remember always ""what's goes around,it's come back around ""love Sushant Singh rajput sir the legend",0,2020-08-15 12:49:46
@harshsrv,"Don't know hindi, but i know nepotism... Bad trailor... Dislike",0,2020-08-15 12:49:40
@krishnasamy2866,I hate alia,0,2020-08-15 12:49:39
@uttu___3589,Sab log bigg boss ko bhi dislike karo jake usaka bhi world record banayenge,0,2020-08-15 12:49:37
@animeinspiration6019,,0,2020-08-15 12:49:29
@muzic10,BINOD is better than U,0,2020-08-15 12:49:16
@वाघgamingyt,#Sanjay datt op bhai,0,2020-08-15 12:48:54
@praveenrajpurohit1829,Sadak 2 ko dislike kro,0,2020-08-15 12:48:54
@muzic10,Itna bekar,0,2020-08-15 12:48:48
@anilstudiophagwara1833,Sanju Baba see you in next movie Bye bye bhattyyyyy,0,2020-08-15 12:48:40
@pradeepsoni4332,Alia ki wjh se sanjay sir ki insult hogyi,0,2020-08-15 12:48:33
@directoandaman4514,"Very nice trailer. Must be a very nice film to watch. Sanjay baba has given his whole life to film industry, his films deserves like. Alia is a very good actor, her acting deserves like. Aditya Roy is here to make a name for him, he must have worked hard for this film too, don't he deserve a like??",0,2020-08-15 12:48:29
@lakshmil2673,I don't know what the trailer is up to..........The only reason I wanted to dislike the video!!!!!,39,2020-08-15 12:47:56
@bhavanisinghr.rajput9146,i Dislike only for Alia Bhatt Not For Sanjay Dutt,0,2020-08-15 12:47:56
@5f9srujan64,Sry sanjay dutt this dislike not deserves you,0,2020-08-15 12:47:55
@untold_tanx,https://youtu.be/c2gBBR_50pk Aliya bhatt talented hai itne dislike lane ka dham or kisi m ni ...,0,2020-08-15 12:47:36
@ramgovind2118,Alia Fans Like here.,0,2020-08-15 12:47:26
@vikeshmishra7626,Bakwas,0,2020-08-15 12:47:16
@DreamyTalesBedtimeAdventures,#nepotismnomore,0,2020-08-15 12:47:15
@praggukristen358,Ak dam bakwas,0,2020-08-15 12:47:02
@shruti2218,Nonsense thing,0,2020-08-15 12:47:01
@yogeshdeshmukh4253,", dislike .",0,2020-08-15 12:47:00
@Rocks507,Faltu movie from Aliya bhat,0,2020-08-15 12:46:58
@Chandelrohit1196,Bus sanjay dutt ki respest hai baki to gand jesi movie hai,0,2020-08-15 12:46:54
@sachinBharatiyas,Dislike,0,2020-08-15 12:46:51
@RakeshPradhan786,Overacting again by aliaa,0,2020-08-15 12:46:50
@uniquestudywithtrick1055,Boycott sadak 2 because of nepotism,0,2020-08-15 12:46:50
@shipradebnath7837,"Ami Aslam ,,dislike deua hoye geche,chole jacchi",0,2020-08-15 12:46:46
@vikashsricreation5580,"Bc,mc",0,2020-08-15 12:46:46
@statusvideouploaderaniket2403,,0,2020-08-15 12:46:39
@vikashsricreation5580,Nepotism nahi chalega ab barbaad kar dengy log jabtak ssr ko insaaf nahi mileyga,0,2020-08-15 12:46:36
@Batrapapa,Dislike mahesh Bhatt tharki buda and Alia Bhat. We dont want see your movies even trailer. You are responsible for SSR murder.,0,2020-08-15 12:46:34
@adityajadhav4522,Faisu is the most happy person after watching this trailer Like if you know,3,2020-08-15 12:46:33
@rameshpudke2185,Because of arya Bhatt I hate this Lowdi sali,0,2020-08-15 12:46:21
@yogitalahre1284,Love you Sanjay sir and aaditya sir......bt disliking because of leader of nepotism Mahesh Bhatt and aalia Bhatt........... although only disliking the trailer is not justice for SSR bt Inka ghamand tutna bahhut jaruri tha ki Bollywood kisi k baap ka ni h Jo ye apna hq smjhte h or khud k dm PR bne stars k sath itna bura brtav krte h ki wo apni jaan gwa dete h.........shame on you Bhatt family,2,2020-08-15 12:46:15
@KundanKumar-qu1im,Thik thak sanju Sir K liye,0,2020-08-15 12:46:15
@vandanavkaushish3904,Ghatiya,0,2020-08-15 12:46:08
@amitkushwaha3818,Unsubscribe Disney Hotstar,0,2020-08-15 12:46:07
@uniquestudywithtrick1055,Mahesh bhatt sale nepotist,0,2020-08-15 12:46:04
@hariharanravichandran8273,"It to be World worst movies ...... So plz don't watch it @school, home, theatre, phone and anywhere",0,2020-08-15 12:45:58
@yathirajpoojary7581,Tatti nepotism sucks,0,2020-08-15 12:45:51
@mohanavenkat7813,Sushant army like here.. #justiceforsushant ..,0,2020-08-15 12:45:50
@abhaysinghyadavkaushal8086,Dislike karo bhai sab log,0,2020-08-15 12:45:43
@beard_bablooz,Dislike,0,2020-08-15 12:45:35
@HariOm-sl2mo,Flopppppp,0,2020-08-15 12:45:25
@virendrasbhati821,"These bloody killers of SSR. Give a tribute to SSR by dislike and not to watch these morons movie. ,",1,2020-08-15 12:45:25
@rakshasharma9855,I hate butt,0,2020-08-15 12:45:25
@Ishabiswas1983,#Poojabhatt u r so shameless..read yr tweet...u don't care about yr viewers...it doesn't matter at all..that u r feeling proud by yr dislikes too.. #Shame. #justiceforSsk,0,2020-08-15 12:45:15
@ANJALIKUMARI-lx6bn,Bakwas. Tharki Budda,0,2020-08-15 12:45:10
@rkkk3587,BINOD,0,2020-08-15 12:45:08
@parmarmahesh8474,Bakvash,0,2020-08-15 12:45:07
@RAKESHSOLANKISR,Dislike for nepotism in bollywood... not for Sanju Baba #shameonyoubollywood,0,2020-08-15 12:44:46
@HariOm-sl2mo,Bakwasssss,0,2020-08-15 12:44:43
@thefazalkhan3354,Binod,0,2020-08-15 12:44:27
@Sandeshpatil3606,Not even worth watching for timepass,0,2020-08-15 12:44:25
@insaangirl4438,Tharki mahesh ab lagraha hai ki bahrat sudhar raha hai maine asse bade chutiya dekhe jo lundu bollywood actors ko bada mante hai bhenchodo inki,0,2020-08-15 12:44:23
@riteshpujari3885,Dislike only for mahesh bhatt,0,2020-08-15 12:44:20
@WheelandThrottleTrails,Sorry sanjay,0,2020-08-15 12:44:15
@RGElect,Boycott,0,2020-08-15 12:44:01
@shantoshimaa9626,Koi mat dekhna,0,2020-08-15 12:44:01
@DND521,Same on you all heroes,0,2020-08-15 12:43:53
@ashachandrakar7247,Worst Trailer,0,2020-08-15 12:43:46
@sonalchoudhary5414,Love for sanjay dutt. But dislike for fake people. Paap ka ghara bharta h ek din. I guess time has come. Bollywood mafias,1,2020-08-15 12:43:33
@sleepinggod8979,Dislike for harami Mahesh khatttt not for Sanjay dutt.,0,2020-08-15 12:43:32
@Karan22295,Is kaliya bhatt ko nahi lena tha movie me....,0,2020-08-15 12:43:30
@NeerajSharma-jf8hk,Sorry Sanju Baba....,0,2020-08-15 12:43:11
@niharikaverma3901,It's a trailer for dislike..movie is on the way...it show how people love SSR and now it's in public hand to whom they want to make blockbuster and to whom they going to show the sadak....Mahesh Bhatt your time is over now...from now you will count under the most flop producer and director....,0,2020-08-15 12:43:08
@DrKrishnaRuparelia,#boycotmaheshbhatt,0,2020-08-15 12:42:59
@MansiSingh-gx9mp,In comparison to dil bechara this movie is,0,2020-08-15 12:42:51
@subratadebnath5232,Bal ka picture,0,2020-08-15 12:42:51
@vikeshkumar-fp6ym,Bycott,0,2020-08-15 12:42:49
@hemiblaze,Yeh toh tatti hai,0,2020-08-15 12:42:29
@salmanchauhan8442,Unlike walo ki ma ki chut m mitti ka tell,0,2020-08-15 12:42:12
@Artohub,https://youtu.be/ZMgK0yAj6r0,0,2020-08-15 12:41:51
@blulounge5296,Its truly a disaster..!,0,2020-08-15 12:41:20
@anithaadari464,Dislike only for Alia BHATT,0,2020-08-15 12:41:12
@sleepinggod8979,"Boycott Bollywood mafia Mahesh khat..sala pro Pakistani anti Indian , Bollywood mafia ,tharki Buddha .",0,2020-08-15 12:41:12
@anamikapandey8894,Bahut jyada ghats yashika picture hai ye,0,2020-08-15 12:40:58
@madhav57,I hv Disney subscription...but don't watch moovies of Mahesh Bhat & Family. Avoid Moovies of Bollywood Anti-Hindu Brigade moovies... only wat to get sense to them.,0,2020-08-15 12:40:56
@khajansingh9754,bakbas movi bayocat sadak 2,0,2020-08-15 12:40:51
@premshukla4929,"Bahinchod Salman jaanwa leliy rihlas ... Madarchod salman jaanwa leliy rihlas.. #ssr #justiceforssr #hindustani bhau , Nepotism tumhari gand ghar pe marwao yaha nhi... Bollywood Teri maa ki Chut Jai Hind",0,2020-08-15 12:40:50
@ranjeetkumarpatel4610,Gyi baad me ye movie,0,2020-08-15 12:40:47
@farahkhan8562,Flop,0,2020-08-15 12:40:35
@allaboutaccessoriesindia1958,I m here only to dislike,0,2020-08-15 12:40:34
@MRVISHU420,Disliked here too.. Did not watch a single frame.. Just disliked.. #justiceforsushanth,0,2020-08-15 12:40:32
@kunalprajapati9323,Kachra hain yeh,0,2020-08-15 12:40:28
@kunalprajapati9323,,0,2020-08-15 12:40:13
@snehlatathapa7615,2 million dislikes ok,5,2020-08-15 12:40:09
@arpanasingh9959,Boycott bollywood,0,2020-08-15 12:40:07
@dayaiscoming9849,Aliya boy cut,0,2020-08-15 12:39:58
@disma__bukalee.2491,Want to reach 10 million dislike Job done,17,2020-08-15 12:39:53
@Vishal-yp1kv,Itne Kam dislikes kyun,3,2020-08-15 12:39:50
@dayaiscoming9849,Ek dam bekar boy cut,0,2020-08-15 12:39:50
@manoj_1212,Sadak 2 Se Achcha To Jo Khan Baba ki aarti na Pakistani Jo apne aap ko champion batata Hai vaise hi tum log apne aap ko Sadak To Bata to sahi hai Janata bhi hai Sadak to madarchod Sadak Sadak per Yad jaaogi se acchi to Hamari gaon ki Sadak hai,0,2020-08-15 12:39:45
@vidyaramtekar4152,Shame on u justiceforsushant boycott this movie,0,2020-08-15 12:39:43
@monikakumari-mj3su,Dislike these.. bina mehnt kiye bina bni heroino ko,0,2020-08-15 12:39:41
@mathsbyrahuldevsir,Bakwas trailor,0,2020-08-15 12:39:32
@anilchouhan2136,Bhand,0,2020-08-15 12:39:28
@SaidurRahman-hb6dh,"This Dislike...only alia bhatt,mahes bhatt...not for sanjay dutto,aditya ray....i hate u alia bhatt",0,2020-08-15 12:39:25
@vishalpanchal2257,Binod like,0,2020-08-15 12:39:17
@ajaypateluttarpradeshwcom1095,Koi mat dekhna move sali aliya,0,2020-08-15 12:39:10
@pranavventrapragada4909,Sorry baba for dislike,0,2020-08-15 12:38:55
@AmitSharma-pe5in,Dar rdddiiiii ..ekdam gatiya....bkwas,0,2020-08-15 12:38:55
@magicalwriters3385,I Disliked first video in my life,0,2020-08-15 12:38:42
@hembram53,I hate this movie bdsk,0,2020-08-15 12:38:40
@ranagamingff527,Ha ha ha most dislike vidio,0,2020-08-15 12:38:39
@jayendrasinggirase918,Tumere dislike 7m tee chapri,0,2020-08-15 12:38:30
@aniketmorankar728,Love you sanju baba but sorry.......?,0,2020-08-15 12:38:30
@KrishnaThakurlife,Flop,0,2020-08-15 12:38:29
@anshjain7733,Binod,0,2020-08-15 12:38:21
@prashanthnayak975,Sadak 2 ke log ab sadak pe aa jayenge,0,2020-08-15 12:38:16
@JoJo_Rosie,Ab ye din dekhna reh gya tha ki kisi terrorist ki movie dekhne jao... Hate farzi heroes.,0,2020-08-15 12:38:13
@jayendrasinggirase918,Chapri ho tumm sab,0,2020-08-15 12:38:09
@monishadevi4803,Boycott.. dislike karne aya huuu,0,2020-08-15 12:37:53
@DancomaniacsJagriti,https://youtu.be/eBBma3AUDw0 Guys do subscribe to my channel I'm new here I need your immense support Jitna nafrat dikhaya tum logo ne iss trailer k liye utna hi pyar bhi dikha do mere channel k liye,1,2020-08-15 12:37:51
@rjsciences5942,Just being a star kid doesn't mean that everytime they will rock.. We people have made them what they are and we can also make them what we want. #justiceforSSR,61,2020-08-15 12:37:49
@vmparmar-lz4gv,Bad film,0,2020-08-15 12:37:48
@kajalshah3078,Shushant ka Sara frustration Aliya Bhatt aur Mahesh Bhatt pe niklega ... Coffee with Karan ka questions ka ans sayad mil gya hoga Aliya ko ...who is sushant,1,2020-08-15 12:37:44
@luckybabydance,#Nepotism #Binod only #Binod,1,2020-08-15 12:37:23
@durgesh7742,Bhosari ke release mat karna warna aise lagegi ki jindagi bhar yad rakhoge ..salo..Kutte...,1,2020-08-15 12:37:20
@VIEW-q1x,Bakavas Film,0,2020-08-15 12:37:13
@suprimsurajeetmallick1784,Very bad movie,0,2020-08-15 12:37:10
@saandeepthakkarr3877,Main sirf dislike karne aaya bina kuch dekhe hi dislike karuga. Because now its become necessary to teach you all a lesson. Fucker insider,0,2020-08-15 12:37:01
@PraveenSingh-qj3lt,Aliya Bhatt nhi chlegi beta,0,2020-08-15 12:36:59
@VIEW-q1x,Bakavas Film,0,2020-08-15 12:36:49
@rahuldetwal7886,Only for Alia ki vajah se,0,2020-08-15 12:36:44
@rajeyraj8240,I miss #@Sadashiv Dattaray Amrapurkar Noone can beat his acting skills as # Maharani N tribute to the best side hero with lot of muscles # Gavin packard RIP BOLLYWOOD PLEASE ATLEAST IN STARTING IN MOVIE PAY RESPECT TO THOSE ARTIST WHO MADE SADAK LEGENDARY MOVIE,0,2020-08-15 12:36:44
@vikasgoswamivkg,,0,2020-08-15 12:36:43
@techreview847,Boycott,0,2020-08-15 12:36:35
@shanudubey5714,Ghatiya movie.. Ghatiya actors n ghatiya director,1,2020-08-15 12:36:28
@uniquetechnics5377,Chutiya Alia aur Mahesh Bhatt,0,2020-08-15 12:36:21
@subhamnandi719,Super flop,0,2020-08-15 12:36:19
@excisedirectorateestablish6007,,0,2020-08-15 12:36:14
@Piyush_viral_shorts,Disliked here also,0,2020-08-15 12:36:12
@Chhatiatokavlogsndcreation5062,Sorry Sanjay Dutt sir but susant singh Rajput Sir for justice,0,2020-08-15 12:36:10
@madhavikarande8678,people of india dont watch these bolywood actors n actress movies because they will.make money out of us n when someone among us go to be a actor in bolywood these only people will kill us or throw us out because they only want to rule bolywood so let them rule b bolywood please make ur movies n u actors n actress sit n watch ur films we public of india r not intrested in u anymore what u people did with innocent sushant singh Rajput we can never ever forget,0,2020-08-15 12:35:59
@Deshi.Hacker,Sadak se sadak per tum log a gaye na,0,2020-08-15 12:35:38
@mukeshraoyadav2467,Dekha liye ssr ka pawar,0,2020-08-15 12:35:33
@SanjayGupta-kr9oo,sanjay Dutt hero h achhe hero h Lekin heroine nahi pasand,0,2020-08-15 12:35:31
@trivedimotors8203,Faltu,0,2020-08-15 12:35:18
@comedykingfreefire3174,Maza aa gya,0,2020-08-15 12:35:17
@sunilgautam8838,Here all india comes to dislike it,0,2020-08-15 12:35:11
@tahirhusain8461,Sanju baba is back...hahhhhj,0,2020-08-15 12:35:00
@amannegi7983,"Hagne ke liye toilet ka istemal hota hai inhone utube ko chuna le utube - bhai meri to ijjat kar Also me - lode pe chadja tu konsa real and true content ki ijjat krta hai , vedio remove krne ka bhut shauk hai na tuje, views ka option hi remove krde jalti hai ye aankhen bekaar content pe aukaat se jyada views dekh kr smja kr yaar",0,2020-08-15 12:34:55
@ajayvarma8794,Boycott,0,2020-08-15 12:34:50
@akhileshrai6258,,0,2020-08-15 12:34:36
@darknight613-g6k,Useless. Bekar. Waste trailer.,0,2020-08-15 12:34:34
@sawage3891,Dislike this treller plzzzz,1,2020-08-15 12:34:30
@reasoning_tricks107,Ye bollywood movies me kuch bhi naya nhi hota. Churake 1 movie banate hai. Kuch hollywood se to tollywood se copy karte hai.,1,2020-08-15 12:34:27
@swatisingh2846,"I don't want to like star kids Movies ,Karina you told that who says to watch star kids Movie,Now you see Sushant's fans reaction",0,2020-08-15 12:34:07
@rahul_dutt,"This dislike is for only bloody Mahesh bhatt and Alia, not for sanju",0,2020-08-15 12:34:07
@hrika7742,World's flpest movie....,0,2020-08-15 12:34:06
@jyotisankardandapat83,I will not watch this movie,0,2020-08-15 12:34:06
@bindaasrider6362,Sanjay datt ki wajh se trailer dekha,0,2020-08-15 12:33:55
@hemantchaudhary933,Very bad Bc,0,2020-08-15 12:33:48
@userAccounts,Never watch this movie,0,2020-08-15 12:33:40
@SureshKumar-qg8ts,Sushant,0,2020-08-15 12:33:40
@SonuSharma-zt5ut,Achhi nahi h,0,2020-08-15 12:33:39
@Bhatiavlogs91,Ma kasm sanju bhai inke sath apni rahita kra liye bhai aap kahn fas gye in chimpangiyon m,0,2020-08-15 12:33:39
@AcharyaSunilJiMaharaj,"No no no,,,, ,,bollywood",0,2020-08-15 12:33:38
@sawage3891,Alia bhatt and karan ke baze se ye ho daya,1,2020-08-15 12:33:29
@varsharani6053,This dislike is just for nepotism product,1,2020-08-15 12:33:17
@pradipsahu1414,Sadak pr hi layenge tumko,0,2020-08-15 12:33:16
@qadirihsan8354,This Dislike is for Aalia Bhat not for Aditi Roy Kapoor and Sanju,0,2020-08-15 12:33:13
@monuram8560,bekar movie,0,2020-08-15 12:33:13
@meindasafar,Maha fuddu trailer,0,2020-08-15 12:33:06
@Progaming-yn5vx,Bakwas,0,2020-08-15 12:33:00
@hrika7742,Eww........,0,2020-08-15 12:32:52
@pratyaksharajput2881,This dislike for mahesh bhatt not for Sanjay datt,0,2020-08-15 12:32:49
@suhailpasha3938,"Sadak 1 is super movie golden. Story golden songs golden dialogue super movie Keya zarorat thi sadak 2, movie bananeke",0,2020-08-15 12:32:43
@raftaarfitness2409,10 M isse bhi kr do,0,2020-08-15 12:32:41
@Dream_Weaver_27,Bekarrr,0,2020-08-15 12:32:32
@kaigamingandshorts,I just came here to dislike i dont even know the reason... #Bherchal,2,2020-08-15 12:32:32
@sweetychoudhary8028,This dislike aliya Bhatt and masah Bhatt only,0,2020-08-15 12:32:26
@birenpramanik1846,Mahesh vatt murda bad,0,2020-08-15 12:32:15
@satavisharakshit,Dislike reduction !!,0,2020-08-15 12:32:09
@surajpanwar3076,Veansh wad,0,2020-08-15 12:32:08
@monalisjejurkar,Konihi hi movie pahnar nahi...pahu pan naka...bogas sagle,0,2020-08-15 12:32:00
@nirajbedardivlogs,Hotstar Disney uninstall justice,0,2020-08-15 12:31:55
@janakraaj7210,The worst of nepotistic film by father of nepotism Mr. Bhat will never see this movie,0,2020-08-15 12:31:53
@ayazmujawar2581,Alia chutiya,0,2020-08-15 12:31:50
@madhavikarande8678,not intrested in aliya n bolywood,0,2020-08-15 12:31:45
@monalisjejurkar,Ekdum bhangar,0,2020-08-15 12:31:40
@gajendrakumar2676,Baycott. Jay Sri Ram,0,2020-08-15 12:31:29
@wonderland6278,https://youtu.be/wBw-3FcNdgQ,0,2020-08-15 12:31:24
@randomperson24774,Kis kis ne bs dislike ke liye ye trailer search kiya like kro agar ha hai to,0,2020-08-15 12:31:15
@RohitKumar-vs9uq,Sadak bechari sadak per aa gayi,0,2020-08-15 12:31:15
@pathikritroychoudhur,This video should be added in most disliked video list in wikipedia .. https://en.wikipedia.org/wiki/List_of_most-disliked_YouTube_videos,0,2020-08-15 12:30:37
@VijayKumarnewyotuber,,0,2020-08-15 12:30:34
@adv.kiranshinde7781,... Already a super duper floop... Lol.,0,2020-08-15 12:30:34
@RAJYOG15,https://youtu.be/Nsru8KzaIY0,0,2020-08-15 12:30:26
@GURUKULEDUCATIONHUB,,0,2020-08-15 12:30:20
@RAJEEVGUPTA14,Pyar sone ko bhi kachra bna deta h is film ke trailer ke dislike se pta chlta h,0,2020-08-15 12:30:19
@pedagondasagar8230,Uninstall Disney hotstar app,0,2020-08-15 12:30:04
@kushalbidari,Dislike only..,0,2020-08-15 12:29:58
@mbmb6623,Inko inki aukat dikhani hai dosto,0,2020-08-15 12:29:38
@Here.Mr_Rolex,We hate mahesh bhatt and his family,0,2020-08-15 12:29:25
@abhaysaxena9940,Dislike for alia,0,2020-08-15 12:29:17
@ShantanuSahoo8981538563,"Last line sahi ha...... ""abh marega"".... Sushant ka moth asehi nehi koi bhul jayega",0,2020-08-15 12:29:15
@shagunsharma7257,I dislike only for Alia,0,2020-08-15 12:29:12
@AnkitPatelfilm,Dis like,0,2020-08-15 12:29:10
@shaikhshamima7596,Mera taraf se bhi dislike,0,2020-08-15 12:29:07
@srajvideo6829,Only dislikes,1,2020-08-15 12:29:02
@devarakondaravindra4186,I hate Alia,0,2020-08-15 12:28:56
@aapkipasandmadhepura3461,Wase v Aaliya or mukhe ba k sarak2 se 6 Guna mera web ka post ka like hai .. hum bihari hai guru sab kuch bholenath hai baki sab moh maya hai .. or jab jab bholenath ka chela paglaya hai tab tab Aaliya Mukesh ba jisa sarak m aaya hai,0,2020-08-15 12:28:55
@akshatakshat7595,Bhencod,1,2020-08-15 12:28:43
@nakulsaxena3422,Bekar bilkul,0,2020-08-15 12:28:36
@Jigarparekh7,Idk why but i feel very very very good after dislike it. Wow what a feeling,0,2020-08-15 12:28:28
@mmayankarya1787,Raddi ..tatti trailer,0,2020-08-15 12:28:26
@purushottamrathod6133,Ur future in our hands ...u bad peoples ...jai Sushant sing rajputs,0,2020-08-15 12:27:49
@drawncreate,Bakvas movie and chutiya Alia,1,2020-08-15 12:27:31
@parisha2110,Dislike without watching the trailer,0,2020-08-15 12:27:30
@thorny8013,Sanju : Let's see the trailer again. Sees 1.8 M dislikes PTSD intensifies,20,2020-08-15 12:27:17
@debjaniroy9473,Disgusting,0,2020-08-15 12:26:57
@Vipulvip-ps7yk,.......,0,2020-08-15 12:26:39
@Alisknowledge,Nepotism,0,2020-08-15 12:26:26
@queensisters5551,Hi,1,2020-08-15 12:26:26
@RetroThrottles,Hope this movie flops,0,2020-08-15 12:26:15
@risavgurung475,Don't hate the player.... Hate the game.....,0,2020-08-15 12:26:11
@happypanda9988,Agar dekhne ka mann bhi kre to kripya kr ke torrent se download krke dekhe...,0,2020-08-15 12:26:05
@raviprakash109,Dislike it,0,2020-08-15 12:25:54
@vikrambose1070,,0,2020-08-15 12:25:35
@aapkipasandmadhepura3461,Sarak par aa gaye hai bechari Aaliya 8 class failed,0,2020-08-15 12:25:27
@maaashapuralogistics1915,sirf inki nahi dusro kibhi dislike karna......,0,2020-08-15 12:25:27
@santoshikumari5006,I miss u sushant s r,0,2020-08-15 12:25:23
@hariomthakur451,Boycott FOR SSR,0,2020-08-15 12:25:23
@телепортаторШива,I came here from meme to dislike it.. i do not even watched the full trailer..bye,0,2020-08-15 12:25:19
@RANJEETYADAV-oi1yr,DISLIKE,0,2020-08-15 12:25:16
@sharukhansariphotography,Congratulations 1.8m dislikes,0,2020-08-15 12:25:10
@raviprakash109,Dislike please Boycott it,0,2020-08-15 12:25:00
@banlalramchohan488,Chiiii chiiii aathuuu ulti aa rahi hy,0,2020-08-15 12:24:33
@_disha_pandey_1192,Now alia is going to recognize late sushant singh till end of her life,1,2020-08-15 12:24:12
@pujasingh.6790,"Is film ki aaise ki taise, sala",0,2020-08-15 12:24:06
@meenakshikanojia7372,Full flop,0,2020-08-15 12:24:02
@southhindimarathimoves5632,Sanju baba is fan bt aliya bhat no intrest,0,2020-08-15 12:23:58
@irrinkivenkatalakshmi395,Don't blame that without seeing it.nepotism is only a scientific topic not a fact.And that one not a real in Sushant Singh Rajput life and death.,2,2020-08-15 12:23:57
@southhindimarathimoves5632,Repotishan,0,2020-08-15 12:23:29
@neerajmodi4814,I came here only for dislike the trailer,57,2020-08-15 12:23:24
@santoshikumari5006,,0,2020-08-15 12:23:14
@pragyaawasthi6453,Boycott thik film bekar film,0,2020-08-15 12:23:01
@Ranjeetsingh-un6fg,Suppeeerrrrrr ffffllllloooooppppp,0,2020-08-15 12:22:57
@consumedbyrage5951,"Those who will watch the movie, will be contributing to nepotism.",3,2020-08-15 12:22:48
@yumnamlangammeitei779,,0,2020-08-15 12:22:41
@rammurti5282,Dislikes bhatt,0,2020-08-15 12:22:34
@amritkaur8118,Justiceforsushantsinghrajput cbi legend ssr now boycott bollywood,3,2020-08-15 12:22:26
@pankajsarkar922,Bloody film,0,2020-08-15 12:21:53
@swati1590,The bakwass trailor I just hate this trailor and also hate aliaa #justiceforsushant #buycottnepotism Aaj ka raja ka beta raja nhi banega,1,2020-08-15 12:21:50
@anitachauhan1991,Bakvas hai,0,2020-08-15 12:21:49
@pranaymishra5456,I disliked this video.. But I still love sanjay dutt and Aditya roy kapoor,0,2020-08-15 12:21:43
@Mafia_Queen-y165,Maine toh bina dekhe hi dislike kiya hai..bakwaas log ki bakwas hi movie hogi,0,2020-08-15 12:21:41
@rejithskumar4822,Disliked the trailer without watching happy now,1,2020-08-15 12:21:38
@hydradnger6475,Guyz plz dislike this bcoz they are murderers nd #Justice4SSR,0,2020-08-15 12:21:35
@chiyyaan86,Disliking it without even watching it ... who are all with me ??,0,2020-08-15 12:21:27
@rammurti5282,Gyi bhais pani,0,2020-08-15 12:21:20
@shashikantsharma9666,Dislike mardiya maine itna bata du jhantu script hogi aur faltu casting bhi,0,2020-08-15 12:21:19
@hardeepmutneja7001,Bakwas totally Will discontinue subscription of hotstar Disney if this movie will be launched,1,2020-08-15 12:21:12
@santoshikumari5006,2,0,2020-08-15 12:20:56
@srishtityagi7623,Issi sadak per jaake bheeg maago,0,2020-08-15 12:20:56
@Mafia_Queen-y165,Jahan murderers hote hai unki movies flop hi jayengi...better hai ye ki ye log movies dena hi band kar de...acha rahega in sabke liye,0,2020-08-15 12:20:54
@KaushalDayani,Kaushal,0,2020-08-15 12:20:52
@navneetrathore4881,This dislike is only for alia & mahesh bhatt not for sanju baba,0,2020-08-15 12:20:43
@niveditadas1816,Hey guys who were come here to dislike the vedio,38,2020-08-15 12:20:42
@exploringnaturefullofjoywi2892,,0,2020-08-15 12:20:29
@Prajwal_dhiman23,Bad movie aaliya bad movie mahesh btth crazy,1,2020-08-15 12:20:27
@surajkorade4658,RIP BINOD,0,2020-08-15 12:20:22
@srishtityagi7623,Chutiya picture,0,2020-08-15 12:20:14
@mahimohal8100,27m views,0,2020-08-15 12:20:13
@boinapallivenkat,We miss you sushanth,0,2020-08-15 12:20:11
@vipinkumar-vp6pf,Another shit.........,0,2020-08-15 12:20:10
@kiransoni6447,Dislike for Alia Bhatt,0,2020-08-15 12:20:08
@rizwan_up72vlogs,Sushant singh ke liye dislike,0,2020-08-15 12:19:50
@ramanmaan4883,,0,2020-08-15 12:19:46
@apnamankumar3379,I willlllll not see this film made by the nepotist.,0,2020-08-15 12:19:35
@vishaljadhav1887,I also Reported as Harmful dangerous acts,0,2020-08-15 12:19:22
@monuahamad875,Movie is dislike,0,2020-08-15 12:19:13
@rameshap5402,Disliked ..its flr suhanth,0,2020-08-15 12:19:10
@nalinisharma4585,Bakwwwaaassss Mahesh Bhattt.... abe Alia bhaaattt eyebrow to banwa le chudaillll,1,2020-08-15 12:19:09
@ajayverma-xf2xx,Alia bhattt furrr hoja ab tu,0,2020-08-15 12:19:03
@jmalhotra3118,Hopeless Total flop,0,2020-08-15 12:18:59
@lisascarlet3888,Binod Did i spelled it right? Because i am from austin,0,2020-08-15 12:18:56
@tuhinakhatun8904,,0,2020-08-15 12:18:55
@sukuuuuuuuuuuuuuuu,Dislike karo bro,0,2020-08-15 12:18:51
@biswajitpanda2447,Sab achha lagta he magar ye jo kutiya chilla rahi he na isko to kutto ka jhund chahiye,0,2020-08-15 12:18:48
@deepakshahiuk0715,Bekar bc tatii jase Aaliya bc,0,2020-08-15 12:18:45
@swatitope008,Boycotting,0,2020-08-15 12:18:34
@upasanaravisingh4111,I hate u all .i only love sushant singh rajput,0,2020-08-15 12:18:32
@ritesaidswap,Congrats guys.. u are the part of world's famous video... Even if it's disliked,0,2020-08-15 12:18:20
@tapanpatra8877,Hum ta dislike kar dia bhai... App vi kr lo bhai log..,0,2020-08-15 12:18:19
@rameshcreation......7540,Boycott,0,2020-08-15 12:18:19
@henrypv2733,Worst trailer,0,2020-08-15 12:18:05
@prudhvisanju4384,"... & ... .... TS & AP WhatsApp group lo join .... https://chat.whatsapp.com/CqOLKwLIJXQ5MfV5tJ5LxS "" fake "" Note: and .... *No cash on delivery* "" ... ....... ...... Ph: 9868843161",1,2020-08-15 12:18:00
@amanbawa1739,this is Nice Movie I like it,0,2020-08-15 12:17:26
@Fear_Unlocked0,1no. Ki bakvas movie or actors,0,2020-08-15 12:17:24
@anjanijha0,I hate u alll get loggg ....,0,2020-08-15 12:17:21
@rupalitambe2709,Sanju baba best,0,2020-08-15 12:17:20
@unknownplayer6656,Gathiya bollywood actors Gathiya movie,0,2020-08-15 12:17:20
@ayushsinghrajput1363,Kuki,0,2020-08-15 12:17:14
@gautamprajapati9940,Very very bad picture,0,2020-08-15 12:16:59
@travelboy6879,Log to bol rha tha ki Inki move nhi dakni inki bjha se Sushant mra hai,0,2020-08-15 12:16:59
@vishalsony8703,I hate alia,0,2020-08-15 12:16:52
@dasharathsarmalkar688,like,0,2020-08-15 12:16:50
@rajashrimodekar284,I came here to dislike this hahahhahha...,0,2020-08-15 12:16:45
@ritikchhipa1828,Soory for dislike,0,2020-08-15 12:16:30
@vickramkumar9088,",,",5,2020-08-15 12:16:20
@vishalsony8703,Bakwas,0,2020-08-15 12:16:11
@aashishmittra6702,No impressive presentation.,0,2020-08-15 12:16:04
@anikethumbare5406,Nepotism aliya,0,2020-08-15 12:16:04
@priyankanowal,Why these people only made films on fake gurus. There are fake people in every religion. Why only one religion is roasted and toasted to earn revenues.,0,2020-08-15 12:15:56
@terabhai4915,Saala Buddha hogaya thulthuli body ke sath wo bhi Tuntuna hogya hoga fir bhi itni khujali kyu bc?,0,2020-08-15 12:15:56
@nareshnani6699,Boycott these movie,0,2020-08-15 12:15:51
@OmPrakash-ff3bl,No like sardk 2 band karo film industries,0,2020-08-15 12:15:50
@nikhilgadkari6250,"good for nothing alia I hate bhatt camp sadakchap trailer , miss u sushant sir",0,2020-08-15 12:15:41
@hindidubbedhd7002,Boycott,0,2020-08-15 12:15:35
@aavi6933,Mahesh bhatt tera kand pata chal gaya i dislike these video,0,2020-08-15 12:15:33
@pritachakraborty1251,Tatti,0,2020-08-15 12:15:30
@namah207shivay,zeen news,0,2020-08-15 12:14:56
@tvon7887,Dislike from #SSR fan... #SSR's fan,0,2020-08-15 12:14:55
@naanusandeep,Shatadanta trailer,0,2020-08-15 12:14:46
@ganeshharkal_7,Dislike,0,2020-08-15 12:14:25
@gayatrimeena3979,So bad movie,0,2020-08-15 12:14:11
@Yuvi_9472,Bakchod h sali,0,2020-08-15 12:13:55
@sunilchauhan9278,Tik tok star hi bhut aache h,0,2020-08-15 12:13:51
@kailashmehra689,"Raja ka beta raja nahi hoga,ab ,ho hoqdar h use hi Raj milega. Boycott Bollywood .I watching only south movie",0,2020-08-15 12:13:48
@prachishekhawat9218,Complete Boycott just for tharki #Mahesh Bhatt #Justice4SSR,0,2020-08-15 12:13:41
@divyachaudhary1815,I hate Alia,0,2020-08-15 12:13:33
@dmkarthikgowda3719,All the likes are for sanju baba. N dislikes for bhatt camp.,0,2020-08-15 12:13:29
@GodBlessGaming7037,Boycott alia bhatt,0,2020-08-15 12:13:16
@jumabora5555,Why every time so called #Bollywood movies(not all) dare to show Hindu God/Goddess/Guru as wrong..Sick people....If u hv so much objection for ur own religion..then change it.. Aur uparse movie mein yee ghatiya actors..10 million dislikes..totally deserving..,0,2020-08-15 12:12:48
@pokeninjaop1882,Backwash,0,2020-08-15 12:12:43
@utkarshsharmavi-d6075,"I'm not disliking for Sanjay dutt but we have to boycott the movies of Mahesh Bhatt , alia Bhatt and Karan johar",0,2020-08-15 12:12:43
@morelovenaresh,this s technique to pull his daughter alia as great actress but susanth fans pulled her deep depth,2,2020-08-15 12:12:40
@munamuktiganj2760,Fghj,0,2020-08-15 12:12:38
@Werbest,"Let's start a revolution and dislike and Boycott all bollywood movies and make these creepy,selfish and greedy bollywood people realises there original place in a short I just wanna say ""ye sb humari vajah se is jagah pe h agar hum nhi chahte h inhe to ye khi bhi nhi h"".",0,2020-08-15 12:12:36
@iamzayn4311,I ll watch this movie only for sanju baba,0,2020-08-15 12:12:31
@terabhai4915,Fuck of U Bitch Aliya Batt Chutmariki iss ke Movies produce karoge na Disneyhotstar to apka bhi TikTok jaisa haal ho jayega Iss bhadvi raandvi ko laath marke nikaal do movie se to hum ye movie dekhenge,0,2020-08-15 12:12:30
@sprakashvlog5116,https://youtu.be/qsRISgM_ObI,0,2020-08-15 12:12:25
@jakharpraveen,Sorry sanju baba,0,2020-08-15 12:12:22
@roshnikumari5129,Upper Wala bhi sushant ke sath hai Dislike Alia,0,2020-08-15 12:12:22
@mahendrakhillare1951,Ye ab sadak par aayenge fir footpath par,0,2020-08-15 12:12:21
@memorymilesSR,Bro...muvi ka v sch le ...itna bada hi flopp khyga jitna ye dislike kha rha,0,2020-08-15 12:12:07
@YOGESHKUMAR-qx9ww,I hate alia,0,2020-08-15 12:12:07
@satish6416,Public power unity,0,2020-08-15 12:12:07
@saranyakumar7061,I don't even see this one fully bcuz I came here to just dislike,1,2020-08-15 12:11:58
@nidhishetty9043,Came here to dislike,0,2020-08-15 12:11:49
@missionecgbygavishsir3225,Maha Madarpappu Bakwas Hatyaare ke Production ki Movie,0,2020-08-15 12:11:46
@sanatanECONOMICS108,DEAR DISNEY YOU'RE WRONG ABOUT THIS MOVIE SRY...,22,2020-08-15 12:11:45
@amitabhkumarsingh6959,This dislike is for Alia Bhatt and Mahesh Bhatt. Not for Sanjay Dutt and Aditya Roy Kapoor,415,2020-08-15 12:11:44
@harshitthakur4381,Alia gand mra Lia,0,2020-08-15 12:11:43
@deepajoshi6100,Ye nepotism se nikle huve un telented log . Don't watch movies of such people I was searching this trailer to dislike it,25,2020-08-15 12:11:42
@rajnipandey447,Dislike,0,2020-08-15 12:11:42
@hrgodara534,Dislike,0,2020-08-15 12:11:41
@AkashSingh-dq6hy,TMC BHATT,0,2020-08-15 12:11:38
@sunilchauhan9278,Dislike for Alia,0,2020-08-15 12:11:38
@pranjitanarzary1859,Love sushant Dislike this this film,0,2020-08-15 12:11:34
@_amit_kumar_946,Binod,1,2020-08-15 12:11:31
@ankittomer1211,Logo ka chutia mt bnao,0,2020-08-15 12:11:31
@rajnipandey447,I am not going to see it,0,2020-08-15 12:11:24
@Campen4fun4all,Binod Binod Binod........,0,2020-08-15 12:11:12
@ajinkya_explores,#boycott_bhat,0,2020-08-15 12:11:03
@jeturabarijeturabari1196,,0,2020-08-15 12:11:02
@sagart.warthe542,Add laga ke ate hai ye bhadve mc home page par,0,2020-08-15 12:10:57
@virendras.solanki2823,"I was going to dislike it. However when saw baba, It was turn my decision.",1,2020-08-15 12:10:52
@archananagpal6364,who searched it only to dislike. #job done,0,2020-08-15 12:10:31
@JbN21,Is bhosdiwale Alia ki joy saamjaav,1,2020-08-15 12:10:29
@poornimapandey7927,Dislike for alia n mahesh bhatt,0,2020-08-15 12:10:23
@rahulkumartalks605,dislike for bhatt.,0,2020-08-15 12:10:16
@ranjitrainak7057,......,0,2020-08-15 12:10:05
@abhirampg5167,So much support for SSR do dislike the video if u love and support Sushant Singh Rajput .... Disclaimer :don't spread hatred or abuse verbally in comments,0,2020-08-15 12:09:45
@Mid_nightAshes,Why are some people still giving like,1,2020-08-15 12:09:37
@joylee8801,Dislike only for mahesh bhatt not for sanjay dutt,0,2020-08-15 12:09:33
@sanjoydas8966,"Bad Luck Sanju BaBa for this time , see you in another project",61,2020-08-15 12:09:31
@shivshakti99999,World's Most Dislike Trailer. The Director Mahesh Bhatt is World's No 1 BC. We All Hate Bhatt.,233,2020-08-15 12:09:21
@Mesmerising_voice,Dislikes kaise hatte,0,2020-08-15 12:09:18
@kritideva6343,Sadak movie banaane vaale sadak pe aajaenge aise hi dislike hote rahenge to ab maja ni aaega inko future me cinema me jake dekhne me Netflix hi sai hai,0,2020-08-15 12:09:03
@rupeshbharti5465,Binod,0,2020-08-15 12:08:52
@ramjeetrana7646,Chal pahili fursaat se nikaal,0,2020-08-15 12:08:36
@amit95609,Bakwas trailer,0,2020-08-15 12:08:22
@Fashionwithgari,Unsubscribe Disney hotstar,0,2020-08-15 12:07:47
@Reapergaming486,big fan of sanju baba but i hate aliya,0,2020-08-15 12:07:45
@shivammaurya7211,Sadakchaap,0,2020-08-15 12:07:36
@शैलेन्द्रसिंहराजपुत-श4झ,Stop nepotism We are reject your cheap islamik film industry (bollywood) Rip sushant singh rajput Justice for ssr,0,2020-08-15 12:07:30
@shilpaagarwal8968,Binoddd,0,2020-08-15 12:07:28
@kamleshsrivastava4305,Koi bilkul naa dekhe I love shushant Singh,0,2020-08-15 12:07:27
@sonalyoug5104,Dislike this trellar. M.c.,0,2020-08-15 12:07:18
@SomethingwithAyush,My like is only For Sanju Baba Not for Mahesh Bhatt Production,0,2020-08-15 12:07:12
@yuvrajsingh-bo4yw,Duniya ki sabse bakwaas movie I hate alia bhatt go to hell aal bollywood industry,0,2020-08-15 12:07:12
@niranjanhonnamude1461,Aliay bhat Nepotism,0,2020-08-15 12:07:11
@smithshah9569,Boycott bc,0,2020-08-15 12:07:06
@chandanpress445,Boycott,0,2020-08-15 12:07:02
@rohitsen1906,Unsubscribe hotstar,0,2020-08-15 12:07:01
@deepanshubaksar740,The dis like was only for alia,4,2020-08-15 12:06:48
@tulshiramyeul440,Dislike,0,2020-08-15 12:06:43
@dineshkumarbhoi8840,Dislikes trailer,0,2020-08-15 12:06:40
@sarbjeetsingh8818,dislikee,0,2020-08-15 12:06:21
@ashri12,Guys please share it just for dislike.,0,2020-08-15 12:06:18
@ankitca8016,Sorry Sanjay sir,0,2020-08-15 12:06:13
@milindmahadik9105,Dislikes were 9.8M yesterday now it is 1.5M. who did this shit ?,0,2020-08-15 12:06:11
@sunnypatel9692,Bakawas,0,2020-08-15 12:05:44
@dbfunnn5636,Support the talent,0,2020-08-15 12:05:38
@supratimguha7626,Lovely trailer..eagerly waiting for the release of the cinema...alia is awesome again..,0,2020-08-15 12:05:38
@riddhibhardwaj52,Dislike only for buddha mahesh bhatt h kutiya aliya,0,2020-08-15 12:05:36
@chabinmandal6688,Dislike mardiya,0,2020-08-15 12:05:30
@sonuupadhyay8201,Faltuuuu,0,2020-08-15 12:05:18
@bhavna1481,Just Like SSR dil bechara crosses 200 crores Let us stand together to not make this Mahesh Bhatt movie not deserving for even Rs.1,0,2020-08-15 12:05:12
@josephbaretto5393,Kachra move dont waist your time watching this movie,0,2020-08-15 12:05:07
@urvitaroy7093,Why is there only 1.9 million dislikes,4,2020-08-15 12:05:06
@pradipjadhav2501,No Songs like old Sadak was having think its injustice with old movie in terms of songs But Sanju Baba is Awesome,2,2020-08-15 12:05:06
@guriyasingh6763,Pagal Kuti kamni alia,0,2020-08-15 12:05:01
@alokshandilya7004,Teri maa ki .... Hindu log hi milte h....Kbhi mulle k bare m lokho,0,2020-08-15 12:04:58
@Hawancrki,Hate only hate aab btate h power kga hoti h rajput ki,0,2020-08-15 12:04:55
@ashutoshsharma4910,Binod hai ye,0,2020-08-15 12:04:54
@aakashhattewar01,Jai shri Ram,0,2020-08-15 12:04:51
@adarshsrivastava9543,,0,2020-08-15 12:04:48
@mantoshchatterjee6101,Bakbaasss,0,2020-08-15 12:04:47
@ashri12,Tum logon ka charbi uttar naa padega aab.,0,2020-08-15 12:04:42
@ashutoshsharma4910,Binod,0,2020-08-15 12:04:38
@sushilkumar1281,Jb tk sushant Singh rajpoot ko nyay nhi Malta tb tk sb dislike krenge. ..jai bihari,0,2020-08-15 12:04:36
@ashutoshmishra8682,Sushant miss you,0,2020-08-15 12:04:30
@mrabhinavstar5696,,0,2020-08-15 12:04:29
@nabarunnag7773,All the likes are given by Pakistanee and Chinese,0,2020-08-15 12:03:50
@rahuldebbarman3386,Sab dislike karoo,0,2020-08-15 12:03:42
@sunnyrai8971,,0,2020-08-15 12:03:37
@statustech8904,Yahape Apne mobile ka data weast mat karo..apni video dekh lo thoda to kuch sikhne jarrur milega,0,2020-08-15 12:03:28
@swarupwasekar7024,I hate this trailer and film Only for bhat family.,0,2020-08-15 12:03:05
@RanjanKumar-zc9pi,I love Sanjay sir,0,2020-08-15 12:03:00
@navyavlog007,Hey guys please dislike,0,2020-08-15 12:03:00
@bhavna1481,Worst trailer Worst Actors Worst Movie Ever on Disney Hotstar,3,2020-08-15 12:02:44
@ragedgrizzly5198,Ok let's be honest who else came straight here to dislike the video after seeing memes on sadak2 trailer,149,2020-08-15 12:02:36
@kumarskandroy286,Bhand me jaaye mahesh bhatt. # justice for sushant,0,2020-08-15 12:02:36
@yadavkoolboy,I too want to dislike it but how can I dislike Baba only because of him I'm not disliking it....,6,2020-08-15 12:02:35
@chandankumarsa2394,Jaha bhi tum jayega sadak... Wahi accident hoga.... Alia tu to gayi,0,2020-08-15 12:02:27
@nabarunnag7773,Justice for SSR,3,2020-08-15 12:02:24
@neerubishwas670,Y mahes bhatt ki film na dekhne ki to ksam kha lo isn isme bi hinduo k dhrm ko nicha joth dikhya h ar pk me to hd hi kr di thi kbi kisi bisop ya ya un molana pe kyu ni jo atank ko bdawa dete h ise sadak. Pe lane ka time aa gya.... I request to my all indian today we take oath ki hm apne hindu dhrm ka mjak brdst ni krenge.. Bilkul bi ni dikha do inhe inki aukat,0,2020-08-15 12:02:15
@ManojKumar-qg8ie,Dis like kro,0,2020-08-15 12:02:07
@saidali5101,Dislike,0,2020-08-15 12:02:01
@JindgiUpharHai7,Dislike,0,2020-08-15 12:02:00
@somachowdhury4401,These dislike not for sanjay sir,0,2020-08-15 12:01:55
@harshyadav1600,Djsapola,0,2020-08-15 12:01:27
@nabarunnag7773,We are not going to see this flim........,0,2020-08-15 12:01:26
@evox_yt2777,Aliya is noob actress,1,2020-08-15 12:01:26
@gujjar3156,I hete Alia and Mahesh bhatt,0,2020-08-15 12:01:22
@ashwintiwari523,Faltu trailer,0,2020-08-15 12:01:17
@harshjoiser4864,Sorry sanju baba,0,2020-08-15 12:01:12
@harikushwah7513,Bahut bakwas hai trailer,0,2020-08-15 12:01:12
@digvijaykumar8076,boycott all nepotism products movies,0,2020-08-15 12:01:07
@evox_yt2777,Bakwas,1,2020-08-15 12:01:06
@HitsBolly,I love Susant Singh Rajput I Hate Aliya,0,2020-08-15 12:00:56
@evox_yt2777,Ghatia,1,2020-08-15 12:00:54
@Apriest99,Disliked disliked disliked,0,2020-08-15 12:00:43
@SantoshKumar-mg1zf,A gai teri sadak to sadak per,0,2020-08-15 12:00:39
@accelerationcoachingclases,I have broken my 7 years relationship bcz she liked it,0,2020-08-15 12:00:35
@bhushanphatak9999,Alia tera career galiyaa,0,2020-08-15 12:00:34
@aniyaduvanshi4441,Ssr,0,2020-08-15 11:59:51
@vikramgodu1350,6sal ki bachi ka rape hua private part demage hua urine pipe bypass nikalni padi h wo bachi abi jinda h maut se lad ri h sushant sing ek rajnitik mudda h bjp ka bihar chunav k bad bjp wale khud puchenge sushant kon tha,0,2020-08-15 11:59:50
@gauravgaurav7250,Dislike,0,2020-08-15 11:59:48
@shraddhadhagamwar3544,The award for most disliked trailer goes to sadak 2,1,2020-08-15 11:59:45
@ii_ankit7,Radi ke film,0,2020-08-15 11:59:41
@palchenlepcha4610,Most funny moments,0,2020-08-15 11:59:41
@happiness29,Nice,0,2020-08-15 11:59:34
@vishallkedar9797,I love sushant sing rajput..,0,2020-08-15 11:59:33
@tanvijain6061,I am just here to check the dislikes,0,2020-08-15 11:59:23
@aniyaduvanshi4441,bhut bura Kya dkha liya,0,2020-08-15 11:59:22
@Aditya-rw8cx,Unlike karo jo SSR ke fan hai,0,2020-08-15 11:59:18
@zaynmalik2463,Boycott sadak2 feeling pity 4 aditya coz he is nt nepo product,0,2020-08-15 11:59:16
@sufiyananwar8320,Just came here to dislike the trailer,0,2020-08-15 11:59:05
@sksamsur8516,Sadak 2sadak pe aagyi,0,2020-08-15 11:59:04
@MrSahilstone,For Sanjay Dutt (Baba) For bhat trailer,0,2020-08-15 11:58:56
@subhashsharma-ok7ns,2nd dislike,0,2020-08-15 11:58:40
@laluprasadsenapati9248,Ssr,0,2020-08-15 11:58:30
@vikasmalhotra2243,Dislike,0,2020-08-15 11:58:12
@s.mgaming5039,Thsi dislikes is only for bhatt company,0,2020-08-15 11:58:11
@himanshuthapa6968,Bhaut hi gahtiya ab ek ho jao .. no 1 flop sabit karo is movie Ko anurodh hai tabhi humari Jeet hogi...,0,2020-08-15 11:58:07
@Star-art-zone,Bekar,0,2020-08-15 11:58:05
@tamannabiswas577,sleepy... While watching the trailer only ..,3,2020-08-15 11:58:00
@mkprajapati1590,Bycootttt,0,2020-08-15 11:57:57
@MrProking007,Rip star kids,0,2020-08-15 11:57:50
@poonamchandel5643,Need justice for Sushant ..,1,2020-08-15 11:57:46
@tonfast1347,I don't want to see this trailer I hate,0,2020-08-15 11:57:44
@akashjhakkas,Waiting eagerly to realise.. Films are also suffering from pandemic..,0,2020-08-15 11:57:40
@bombpakkiriyt4279,Who came to dislike,0,2020-08-15 11:57:14
@kuldeepthakur2622,I hate Alia but Sanjay datt love you ye dishlike sirf alia k liye,0,2020-08-15 11:57:01
@aunthengaming4290,Bad trailer ever in india,0,2020-08-15 11:56:56
@kingmatka2013,So movie dekh ne ka mazzanhi aayega,0,2020-08-15 11:56:46
@rd1304,Dislike,0,2020-08-15 11:56:45
@prashantssingh6573,Bakwas,0,2020-08-15 11:56:29
@omkarranaware7682,those dislike not for sanjay baba only for bhatt family,0,2020-08-15 11:56:29
@satya9548,I avoid Mahesh Bhatt Khandan and I love Sushant Singh Rajput he is my hero,0,2020-08-15 11:56:20
@Apvlogsuk07,Worest of time,0,2020-08-15 11:56:16
@vishakhabhargaw,Big dislike.....hattttt.... boycott alia........star kids jo bina talent ke muh utha kr aagye....or jo talented hai unko jeene hi kaha dete h......,0,2020-08-15 11:56:15
@Patnastory007,Bollywood walo ki lag gayi ab,0,2020-08-15 11:56:09
@vaibhavshinde10,Bakwas,0,2020-08-15 11:56:07
@chitrasenpradhanpradhan1105,Sala randoba ki beti bollywood geya kam se,0,2020-08-15 11:56:06
@kingmatka2013,Baki sab chinthi chor he paiso k liye nagga hona pade to bhi ho jayega,0,2020-08-15 11:56:02
@pratikshetty7972,"Did anyone noticed dislikes has bean decreased to more than a half from 9M to 2M, I think they deleted many dislikes, what do you think can anyone remove dislikes from you tube??",39,2020-08-15 11:55:52
@veerendrachouhan,Ab tum logo ka raaj gya us bollywood se ... Bahut hua ab public jag gayi hai... Bhad me jao tum log...,0,2020-08-15 11:55:46
@prabhagupta3300,Boycott mahesh vatt movies,0,2020-08-15 11:55:44
@komalgupta07,Chee cheee .. Kitniii bekararrrr movie h... Saalooo ne tym waste kr diya... Htttt bee...,0,2020-08-15 11:55:36
@kingmatka2013,Star ache he sanjay dutt or Kapoor,0,2020-08-15 11:55:34
@ajaykashyap-wn9nc,Maine ye trailer b dislike Karne k liye dekha but me Sanjay ka bda fan hu dislike ka Karan Alia bhutt,0,2020-08-15 11:55:30
@josephrajkumarn3981,Love for sushant,2,2020-08-15 11:55:01
@ggour5125,very bad,0,2020-08-15 11:55:01
@surajkumarsubudhi7320,Bakwas movie,0,2020-08-15 11:54:58
@mitulsharma4119,This 1.8 million dislikes are only for alia bhat .....not for our sanju baba... #SANJUBABAROCKSBUTALIASUCKS,1,2020-08-15 11:54:56
@saptarshichatterjee3559,Binod Binod Binod Binod Binod Binod Binod Binod Binod Binod Binod Binod Binod Binod Binod Binod Binod Binod Binod Binod Binod Binod Binod Binod Binod Binod Binod Binod Binod Binod Binod Binod Binod Binod Binod Binod Binod Binod Binod Binod Binod Binod Binod Binod Binod Binod Binod Binod Binod Binod Binod Binod Binod Binod Binod Binod Binod Binod Binod Binod Binod Binod Binod Binod Binod Binod Binod Binod Binod Binod Binod Binod Binod Binod Binod Binod Binod Binod Binod Binod Binod Binod Binod Binod Binod Binod Binod Binod Binod Binod Binod Binod Binod Binod Binod Binod Binod Binod Binod Binod Binod Binod Binod Binod Binod Binod Binod Binod Binod Binod Binod Binod Binod Binod Binod Binod Binod Binod Binod Binod Binod Binod Binod Binod Binod Binod Binod Binod Binod Binod Binod Binod Binod Binod Binod Binod Binod Binod Binod Binod Binod Binod Binod Binod Binod Binod Binod Binod Binod Binod Binod Binod Binod Binod Binod Binod Binod Binod Binod Binod Binod Binod Binod Binod Binod Binod Binod Binod Binod Binod Binod Binod Binod Binod Binod Binod Binod Binod Binod Binod Binod Binod Binod Binod Binod Binod Binod Binod Binod Binod Binod Binod Binod Binod Binod Binod Binod Binod Binod Binod Binod Binod Binod Binod Binod Binod Binod Binod Binod Binod Binod Binod Binod Binod Binod Binod Binod Binod Binod Binod Binod Binod Binod Binod Binod Binod Binod Binod Binod Binod Binod Binod Binod Binod Binod Binod Binod Binod Binod Binod Binod Binod Binod Binod Binod Binod Binod Binod Binod Binod Binod Binod Binod Binod Binod Binod Binod Binod Binod Binod Binod Binod Binod Binod Binod Binod Binod Binod Binod Binod Binod Binod Binod Binod Binod Binod Binod Binod Binod Binod Binod Binod Binod Binod Binod Binod Binod Binod Binod Binod Binod Binod Binod Binod Binod Binod Binod Binod Binod Binod Binod Binod Binod Binod Binod Binod Binod Binod Binod Binod Binod Binod Binod Binod Binod Binod Binod Binod Binod Binod Binod Binod Binod Binod Binod Binod Binod Binod Binod Binod Binod Binod Binod Binod Binod Binod Binod Binod Binod Binod Binod Binod Binod Binod Binod Binod Binod Binod Binod Binod Binod Binod Binod Binod Binod Binod Binod Binod Binod Binod Binod Binod Binod Binod Binod Binod Binod Binod Binod Binod Binod Binod Binod Binod Binod Binod Binod Binod Binod Binod Binod Binod Binod Binod Binod Binod Binod Binod Binod Binod Binod Binod Binod Binod Binod Binod Binod Binod Binod Binod Binod Binod Binod Binod Binod Binod Binod Binod Binod Binod Binod Binod Binod Binod Binod Binod Binod Binod Binod Binod Binod Binod Binod Binod Binod Binod Binod Binod Binod Binod Binod Binod Binod Binod Binod Binod Binod Binod Binod Binod Binod Binod Binod Binod Binod Binod Binod Binod Binod Binod Binod Binod Binod Binod Binod Binod Binod Binod Binod Binod Binod Binod Binod Binod Binod Binod Binod Binod Binod Binod Binod Binod Binod Binod Binod Binod Binod Binod Binod Binod Binod Binod Binod Binod Binod Binod Binod Binod Binod Binod Binod Binod Binod Binod Binod Binod Binod Binod Binod Binod,0,2020-08-15 11:54:53
@harinrathod2492,Sushant Singh Rajput ni film nai aava didhi dill bechara gyus apede pan eni film super duper flops karvani che,0,2020-08-15 11:54:51
@akshatdashora9542,Kon aya idhar dislike krne,0,2020-08-15 11:54:50
@abhilashasingh7948,Duniya ki sabse bakwaas movie or do koudi ka director buddha harami mahesh bhatt chutiya aalia bhatt jhaatu ladki ladki ke naam par kalank hain aaliya bhatt or shahin bhatt,0,2020-08-15 11:54:48
@kuldeepsingh-sh4dz,If any star kid is doing acting or his/her choice is to go in industry so that doesn't mean that it's nepotism everywhere if Alia Bhatt really wanted to go in industry line so what's her fault that her father is Mahesh Bhatt and now if she wants to become an actress what she can do with her father nothing she can't change her father you all are only watching nepotism and all but just see her acting skills she is really a good actor it's not her fault that her father is Mahesh Bhatt plz stop this criticism with her hatering for her... Plz.. I support her. This proves that not everyone is mentally right in this country or world everyone have minds but only few know how to use it it's common sense...,3,2020-08-15 11:54:38
@renukumari9423,Kutto tumhari vjh se Kisi ki Jaan chli gyi apni movie pr baith kr shok mnao abhi,0,2020-08-15 11:54:29
@vikramgodu1350,Love you,0,2020-08-15 11:54:29
@vikramgodu1350,Super alia,0,2020-08-15 11:54:22
@princevasu2829,We don't want any movies to watch until the murderer of sushant singh rajput got catch and punished,0,2020-08-15 11:54:08
@monicadey7848,Flop,0,2020-08-15 11:53:55
@mayurshejal6813,I hate alie sorry Sanjay datt,0,2020-08-15 11:53:54
@rohitonnstyle,"Maine apna dimag chala ke pataa kar liyaa.. "" Upar wala hamare Saath Hai.. Iss Sadak par"" Isi dialogue ki wajah se ye Saraa dislike hai.. Mera to isiliye hai.. Aur aapka",0,2020-08-15 11:53:52
@zamandar3680,phli bar dislike kr k sakoon feel huva,0,2020-08-15 11:53:51
@harinrathod2492,Boy coat Alia,0,2020-08-15 11:53:44
@HemlataDubey12,Sanju baba love yu,0,2020-08-15 11:53:38
@gautamraj7603,Sala tu log susant ko marka sala film chalayeja,0,2020-08-15 11:53:33
@yasarashif1101,Disliked,0,2020-08-15 11:53:29
@harinrathod2492,Dofo y block buster nai jaye maheh bhat,0,2020-08-15 11:53:14
@kumarialkasingh6803,Very bad,0,2020-08-15 11:53:12
@pratik0812,Just came here to dislike the video.,0,2020-08-15 11:53:11
@legendrgaming01,Dhekha na nahi hai,0,2020-08-15 11:53:05
@ritakukreti9614,Boycottbollywood,0,2020-08-15 11:52:59
@gujjuharrry3451,I am big fan of sanjay dutt but biggest hatte of ali bhatt,1,2020-08-15 11:52:58
@vipuljoshi2036,,0,2020-08-15 11:52:55
@iytr3112,Mera desh badal raha he,0,2020-08-15 11:52:38
@aliafatima9463,B I N O D,1,2020-08-15 11:52:37
@dkseries9745,Now alia will know power of late sushant sir till end of her life,0,2020-08-15 11:52:35
@anikdutta1239,Bakwass,0,2020-08-15 11:52:33
@rudraparikh7199,Justice for Sushant Singh Rajput,3,2020-08-15 11:52:25
@PP_4477,Aur bhai bhatt agaya swad gu ka?,0,2020-08-15 11:52:20
@rajeshpawar7589,,0,2020-08-15 11:52:18
@trishnanishad1252,Upar vala hamare sath hai ....is sadak par????kaunsa nasha karke ye dialouge likha gaya ...public wants to know,2,2020-08-15 11:52:16
@a.b.4876,Nycc,0,2020-08-15 11:52:10
@vishalrai1588,Bhatt,0,2020-08-15 11:52:08
@gauravpatel2439,Chutiya Alia bhatt,0,2020-08-15 11:51:49
@seemaingle8361,Bakwaas,0,2020-08-15 11:51:43
@AnkitYadav-li1ei,Tum log ka koi Film nahi dekhe ge sab ka to pata nahi hm to nahi dekhne vale aur 2&4 unlike aur karvate h,0,2020-08-15 11:51:36
@rudraparikh7199,Mene ise trailer iseliye dekha khuki i won't to give dislike Jo mere bat se sahamat he wo like kar,1,2020-08-15 11:51:34
@pkfulwariafulwaria6460,Trailer kisi ne nhi dekha ese ki dislike kr rhe ho ek bhed ke piche dusri bhed ho rhi hai,0,2020-08-15 11:51:29
@sayalizodgekar3109,Ad,0,2020-08-15 11:51:23
@ka.270,guys guys guys dislike this movie to the extent that a self made actor will think twice before working with nepo-kids!,67,2020-08-15 11:51:19
@darshnajoshi1165,Sadak2 murdabad,0,2020-08-15 11:51:14
@jyo898,1.8 million dislikes n much more to cm,0,2020-08-15 11:50:55
@darshnajoshi1165,sare bhadwe hai ise banane wale,0,2020-08-15 11:50:47
@paataloadu,https://youtu.be/QBN-A-kD_xk,0,2020-08-15 11:50:41
@balakrishnakitturithz3602,Alia Bhatt get Ready to face the same situation what you made for others,0,2020-08-15 11:50:38
@ManishKumar-dg4ei,I love SSR always time,0,2020-08-15 11:50:33
@kantiratna4129,I feel bad for Aditya Roy Kapoor uski ye film to release se phle hi flop ho gyi,0,2020-08-15 11:50:28
@NavdeepSingh-ss8lb,Shushant singh jinda bad,0,2020-08-15 11:50:14
@sushilasangam7044,I hate aaliya bhatt too much,0,2020-08-15 11:50:06
@amar081983,"Ek mujrim, ek producer kenbeti, ek producer ka bhai, ek neech director... Kya faltu film hogi yeh... Shee to all likers...",0,2020-08-15 11:49:59
@SurendraSingh-er4iv,I dislike,0,2020-08-15 11:49:58
@Shantanusinghayodhyadham,Kutiya aliya,0,2020-08-15 11:49:55
@riyasharma-uw5qe,This dislike is not for sanjay sir this is for bhat camp i luv uh sushant singh nd justice for him,0,2020-08-15 11:49:53
@dixithealthcare,"Kutte, or is randi ki film nhi dekhna",0,2020-08-15 11:49:52
@kumaripranati4936,I hate movie I hate Alia Bhatt,0,2020-08-15 11:49:47
@divyatiwar5716,Bechaare sanjay sir kaha faass gye idhaar aakeee ... ebaba. Aliia ka tho smjh me bhi ata h pr sanjay sir,0,2020-08-15 11:49:38
@darshnajoshi1165,sanji to to gaya,0,2020-08-15 11:49:29
@kaveeshbhat1541,Tatti op,0,2020-08-15 11:49:27
@rahulpaul4185,Bag wan Kare is movie k bad app sab sarak pe aajao or usko v ko leke koi or part 3 banaye,0,2020-08-15 11:49:25
@dhanalakshmisahoo9311,Kinte bekar log Hain... Mar dala hamare Sushant Singh Rajput ko,0,2020-08-15 11:49:23
@DG-oo6nl,Only one good thing in complete trailer ...Sanju baba,0,2020-08-15 11:49:21
@ruchikashyap2325,"Alia baby, ab tak toh tumhe pata lag gya hoga k President of India , or sushant singh rajput kon hai.",0,2020-08-15 11:49:20
@jitkumar5193,Koun koun manta hai Alia bhatt Chinhal hai like thoko,0,2020-08-15 11:49:11
@alphajerry__,Bhoot nkli bhai,0,2020-08-15 11:49:10
@mohemmedshaffi1408,Somebody got fired I guess,0,2020-08-15 11:49:06
@nambinachiyar8933,Dislike for Sushantsingh,0,2020-08-15 11:48:27
@atharvagandhi,Chutiya film nd chutiya actors...,0,2020-08-15 11:48:13
@geetaarya8605,Maja aa gya dislike dekh kar koi mat,0,2020-08-15 11:48:00
@tiya1-e9d,Very bad picture,0,2020-08-15 11:47:57
@MafiaxThetic_fanpage,Ye dislike deserve krte h.,0,2020-08-15 11:47:55
@PankajKumar-kd7hu,Jane mahadev,0,2020-08-15 11:47:53
@b22sarbanidash8,I dislike the trailer for mahesh bhatt direction,0,2020-08-15 11:47:46
@pranalibagde8742,Nepotism baycot all Stars,0,2020-08-15 11:47:42
@vimallodhi1179,I hate,0,2020-08-15 11:47:37
@aniketbondre8196,Sorry sanju baba,0,2020-08-15 11:47:36
@PurelyVeg2122,Me,0,2020-08-15 11:47:29
@namrajgorathoki4817,Dislike only alia bhatta,0,2020-08-15 11:47:09
@Mohit-MECH,I hate Alia..,0,2020-08-15 11:47:09
@udhabsaikia7390,Bhatt camp,0,2020-08-15 11:47:08
@mlbbkiller3722,Dislike dislike game actha lag raha hai,0,2020-08-15 11:46:52
@ankitasaha8701,Boycott mashesh or aliya matlb ghotaliya,0,2020-08-15 11:46:52
@akdream2132,I love Sanjay dutt but I hate batt cmpn,0,2020-08-15 11:46:51
@GagandeepSingh-ow9do,Worldest worst trailer . Because of this Alia ghattt bhutniki,0,2020-08-15 11:46:51
@RajVerma-mp7sv,Mulla Bhatt,0,2020-08-15 11:46:46
@ikkaesport,Jo dislike kr rha h tum sb log ek no ki chutiya ho,0,2020-08-15 11:46:46
@vanditadubey6367,"Sanjay is also not ""doodh ka dhula"" for everyone who are feeling guilty of disliking his trailer.",1,2020-08-15 11:46:38
@lekhrajraikwar3762,Sadak movie ko sadak pr aata hua dekhkar bahut achha lag rha h,0,2020-08-15 11:46:36
@akshaykashyap7473,Dislike from my side .,0,2020-08-15 11:46:32
@dancewitheva-15s,Boycott,0,2020-08-15 11:46:31
@pujamanish4437,Boycott Bhat film dil se,0,2020-08-15 11:46:18
@animehack309,Justices for SSR,0,2020-08-15 11:46:16
@sam27march,"Movie ka name #sadakremix rehna chahiye tha, if u know, u know.",0,2020-08-15 11:46:11
@aadityarathore6314,"Ghatiya Log, Ghatiya Film.",0,2020-08-15 11:46:09
@amarmander6220,Oops sankat ch a kam hun th,1,2020-08-15 11:45:54
@sam27march,"#sadak hai hi controversial word, jisne use kiya usko lene ke dene pad gaye. #sadakremix",0,2020-08-15 11:45:52
@worldwidewebz1x,Bechara sanju baba bhi lapete me aa gay..,0,2020-08-15 11:45:52
@AbhaySharma-gq5vc,Dislike this trailor friends Love shusant singh rajput sir,0,2020-08-15 11:45:46
@fp231,Oppose,0,2020-08-15 11:45:42
@ka.270,"I came here to dislike the trailer but when I saw Alia bhatt, sorry I can't stop myself from saying . . . . . . . . . . . . . aaaaaaaaa thuuuuu",35,2020-08-15 11:45:40
@sunnyharwani727,Chutiya trailer chutiya movie,0,2020-08-15 11:45:35
@raziyabegam1543,Bohat pyara talar h,0,2020-08-15 11:45:26
@joysonjoy5779,My opinion is remove the alia from this movie..... Film industry and all industry in india becoming capitalist we are the people giving chance to grow them... They dont bother us..,0,2020-08-15 11:45:09
@ParadoxicalShubh,"Take a bow to appreciate music directors - Jeet Ganguly ,Ankit tiwari",0,2020-08-15 11:45:03
@Tillu.gaming01,My dislike for alia bhatt,0,2020-08-15 11:45:01
@youthassam3652,came for second time to check dislikes and comments,0,2020-08-15 11:44:30
@sankaridurai1226,Most dislike trailer,0,2020-08-15 11:44:30
@gkrajagkraja9750,Corona video,0,2020-08-15 11:44:25
@anjudeep222,Dislike,0,2020-08-15 11:44:17
@bhaiaapmere5459,Sushant Singh Rajput Ko nhi liya,1,2020-08-15 11:44:15
@shubhankaradhikari8946,Dislike trailer,0,2020-08-15 11:44:05
@shivatandavfilmmakers8233,Alia bhat film not watching I hate Alia Rip. Sushant,0,2020-08-15 11:43:59
@MeetSaurabhVerma,"First look very nice .... waiting for the cinemas to open up for this one, will download 1st day n watch on my pc ... 100% flop due to Bhatt Camp.",0,2020-08-15 11:43:48
@sameshtoraskar1329,This dislike is for ssr,0,2020-08-15 11:43:45
@nareshbloginng5234,Bhatt's family not like koi nhi dekhega inki movie,1,2020-08-15 11:43:40
@sonukumarmishra8493,Ghatiya kutiya,0,2020-08-15 11:43:39
@samreensamreen3529,A dislike sanjye dat k liye nai balki aliya k liye hai,0,2020-08-15 11:43:20
@Fighter-sh6vy,sanju baba aap to best ho pr ise ku liya movie me.. alia ko pdegi galia..,0,2020-08-15 11:43:18
@omshishyadav5621,,0,2020-08-15 11:43:18
@Just_hodophiles,It's more like...#bhadak ghuu,0,2020-08-15 11:43:08
@barunkumarsharma830,Bakwas,0,2020-08-15 11:43:06
@mearajchaugule0730,Trailer dekhne k pehele hi dislike ..,0,2020-08-15 11:43:01
@MonuKumar-fj3dz,Sardard movie hai,0,2020-08-15 11:42:51
@spdr4717,I am a premium subscriber but I will not renew my premium account if Disney doesn't support us.,0,2020-08-15 11:42:41
@alem1418,Super super just kidding ...I don't like nepotism products...,0,2020-08-15 11:42:39
@thehindituition7728,Boycott,0,2020-08-15 11:42:25
@mahendragaur1117,Bionod,0,2020-08-15 11:42:25
@rajivprasad9211,50% of the likes are sponsored. 100% of the likes are genuine.,3,2020-08-15 11:42:18
@narayan0746,Dislike for alia bhatt,0,2020-08-15 11:42:10
@prabhat6765,,0,2020-08-15 11:42:09
@Exploringwithriki,Dislike,0,2020-08-15 11:42:02
@Itsurtamannaaaa,Kuch b banate h bollywood baseless,0,2020-08-15 11:41:53
@Ajaysingh36962,Fudu dislike this movie and trailer,1,2020-08-15 11:41:52
@manjudhruv2021,Boycott mahesh bhat,0,2020-08-15 11:41:47
@ImJass-pv8ij,,0,2020-08-15 11:41:35
@biswajitdasagt,"Nice trailer, superhit",0,2020-08-15 11:41:31
@vaishalipmittal4774,It will be super flop,0,2020-08-15 11:41:22
@362megha3,Go to acting school and then do some better .,0,2020-08-15 11:41:03
@sajanmarwaha3201,Like bas Sanjay Datt ke liye,0,2020-08-15 11:40:56
@boomgaming5556,This is for all bhatt's,0,2020-08-15 11:40:50
@VinodKumar-gc6mx,,0,2020-08-15 11:40:47
@deoghardesibloggs1645,Movie ka or bhi bura haal hoga,0,2020-08-15 11:40:37
@Oyohamedi,Disliked before watching,0,2020-08-15 11:40:32
@ashishpal9110,This dislike is not just for Sanjay dutt but only for Alia and Mahesh Bhatt.,119,2020-08-15 11:40:25
@Matwa_Gaming,"you sanjay sir, you should not work with as.holemahesh bhatt #justis_for_sushant",0,2020-08-15 11:40:24
@SujoyNeogi86,Dislike...,0,2020-08-15 11:40:21
@RajeshKumar-pn9mq,E movie Bihar me nhi chalega koey nhi dekhega es movie ko,0,2020-08-15 11:40:12
@Bagdivlog003,I hate aliya,0,2020-08-15 11:40:10
@shrimannarayansharma7045,Shame shame shame bhatt,0,2020-08-15 11:40:10
@chintudasjoyhindjoybharatm2799,Most boring,0,2020-08-15 11:40:03
@poojashekar5233,Keeping nepotism aside this movie is worse than any other,1,2020-08-15 11:40:00
@vedantpawar1458,I get a fun to dislike this worst trailer,0,2020-08-15 11:39:59
@kapilchughadv,Bhatt Family,0,2020-08-15 11:39:45
@infamousguys8159,https://youtu.be/MTHnqBSu5aM,0,2020-08-15 11:39:43
@pritammishra9850,Nice one,0,2020-08-15 11:39:33
@SunilYadav-ve8ed,Boycott tharki budha gang,0,2020-08-15 11:39:18
@kapilchughadv,Hate U Alia,0,2020-08-15 11:39:15
@sscmotivationz,Sanju sir ko is movie m alia sth kaam nhi krna chaiye tha..... Sushant sir k supporters ek dislike kre plzz,0,2020-08-15 11:39:15
@you956,Who all came here to check dislikes count.,173,2020-08-15 11:39:11
@sanjupandit7399,Aaliya. Gandu hai,0,2020-08-15 11:39:06
@debkumar9097,I just came here to dislike though i dint watch trailer,1,2020-08-15 11:38:53
@theghostwap9149,Sanju baba khlo chhod kr baki sb chootiyo ki fauj h,0,2020-08-15 11:38:51
@mukeshchhelana9824,ye mc bc ki movies dekh na hi bandh kar dena hai aaliya ki maa ki,0,2020-08-15 11:38:49
@sharmistharanipaul7215,Chotti kahika,0,2020-08-15 11:38:43
@deyronit,amazing movie welcome to 100cr dislike Alia,0,2020-08-15 11:38:34
@patwardhansuhas,devide,0,2020-08-15 11:38:31
@ritikverma6619,Boycott,0,2020-08-15 11:38:22
@bad7rostar204,Love u Sanju sir but now justice for Sushant,0,2020-08-15 11:38:16
@abhishekchauhan5624,Very bad trailer,0,2020-08-15 11:38:14
@Awana_Production,Miss you susant,0,2020-08-15 11:38:10
@HaidarAli-wi9hm,Best tailar,0,2020-08-15 11:38:05
@NidhiSingh-qy1fm,I don't know...if u guys hate Alia Bhatt then why giving the punishment to Aaditya and Sanjay sir...for one u guys can't put others life at the peak..,0,2020-08-15 11:38:04
@chandankumar-xt7be,Sanju baba ko nhi sign karni chaiye thi ye wali movie,0,2020-08-15 11:37:51
@jayantakumar6189,Ye ta gaya bhai...,0,2020-08-15 11:37:47
@avisoni6078,Sadak 2 ka trailer ek dam sadkchap.he ...,0,2020-08-15 11:37:46
@neelamoswal9319,,0,2020-08-15 11:37:45
@ARCHANASINGH-gc4dv,BOYCOTT,0,2020-08-15 11:37:44
@mdshadabanwar556,Bakwaas,0,2020-08-15 11:37:43
@CupOfTeaWithMicky,"Alia said who's sushant, even she is very busy, let me tell u we hate u alia differ, I came here to dislike u idiot",0,2020-08-15 11:37:35
@badrinath218,I disliked this trailer not because of nepotism and all........but this movie really deserves it...watching trailer I came to know that this movie is worst of all times.,0,2020-08-15 11:37:21
@rubysharma6039,I dislike this trailer because of aaliya,0,2020-08-15 11:37:11
@KumarSingh-od4ht,Randi ki film nahi dkhayn hay,0,2020-08-15 11:37:03
@kagoyakang4814,This dislike is only for bhaat and Alia...,0,2020-08-15 11:37:01
@madhushaw479,#haramidost check out once :-) :-) :-),0,2020-08-15 11:37:01
@chandankumar-xt7be,Boycot,0,2020-08-15 11:36:54
@salonityagi1155,"Mari traf se bhi dislike,",0,2020-08-15 11:36:52
@thepersonalitybooster5299,Abe isse acha to mai online lecture attend karleta.. sadak nhi bro sadau 2 hona chahiye tha,0,2020-08-15 11:36:43
@gangadharappu2740,We are sushant fan. I hate this trailer,0,2020-08-15 11:36:40
@thrilokkumar1451,Sry hotstar.....if u release thz movie Iam going to uninstall ur app... Justice for SSR...,0,2020-08-15 11:36:31
@rashmijain2297,I Hate Bhatt...,0,2020-08-15 11:36:28
@seemaaarya1858,i miss u ssr sir .,1,2020-08-15 11:36:20
@jagdishutsav8659,Dislike kro in sb ko,0,2020-08-15 11:36:16
@prajuktapurba,Who is Alia Bhatt ? Please let me know anyone from you who come here to comment. I want to know who is this bimbow.,1,2020-08-15 11:36:07
@poweroftrading86,"I hate and bhhtt family ,saale",0,2020-08-15 11:36:07
@annshusharma6297,Just came here to dislike the trailer....#justiceforssr,0,2020-08-15 11:36:03
@cheetahsharma3362,Ghante ka sadak 2 aa thu aa thu,0,2020-08-15 11:35:42
@drvarshadhage2114,Dislike only for bhatt camp...not for Sanju sir,0,2020-08-15 11:35:34
@BiharCurrentAffairs,,1,2020-08-15 11:35:26
@maniraj7046,I hate aliya khyla bhat,0,2020-08-15 11:35:17
@ramkrishnadubey4314,Alia is kalia ..,1,2020-08-15 11:35:00
@praveenk6345,Thanks to all who dislike . Bhatt wale camp ko unki sadak pe aake bheekh maangne ki jarurat pad jaye,0,2020-08-15 11:34:57
@meetakshisharma7907,Sanjay Datt pray for your good helth,0,2020-08-15 11:34:51
@theabhishekjat,Bekar...,1,2020-08-15 11:34:49
@rashid__002,I am not come for see trailor only for come dislike Rip sushant sir,0,2020-08-15 11:34:48
@royalravi4700,dislike to hoga,0,2020-08-15 11:34:28
@ajeetthakur3795,Dislike karo bhai ise india ka sabse bada disliker movie banana h,1,2020-08-15 11:34:20
@shyamaverma2098,Deservers dislike . N I gave ! Feeling proud n hppy . Salute for all those who gave dislikes . Sushant we all love uhh ! Aaapki jagah ab koi ni le paega aur in dislikes ne ye sabit kr diya,0,2020-08-15 11:34:14
@avisoni6078,This is the power of youth ................. Thia is the power of new india .......... This is the power of Sushant Singh Rajput....... This is the power of SSR fans ...,0,2020-08-15 11:34:12
@ajaychoudharyajaychoudhary5300,Aaliya should learn more in acting,0,2020-08-15 11:34:12
@AshokKumar-hx7td,I hate this movie,0,2020-08-15 11:33:48
@GhumakadPandey,"They are killers of Sushant Singh Rajpoot, and this is the reason why i disliked it.",0,2020-08-15 11:33:40
@Marketking2207,Bakwas trailer a,0,2020-08-15 11:33:40
@dhrudadebbarma5949,Boycott Nepotism..,0,2020-08-15 11:33:38
@Sarge10,I came here to dislike,0,2020-08-15 11:33:20
@anikarajput1998,I miss u sushaant singh rajput,0,2020-08-15 11:33:17
@dhrudadebbarma5949,Boycott Star kids,0,2020-08-15 11:33:13
@monishabanerjee4603,Thoko dislike,0,2020-08-15 11:33:13
@prajuktapurba,Kya Alia Bhatt ji apki dimag bhi sachmuch kuch nahi hai ekdam chabra hai woh to. No talent there is only bak bak.,1,2020-08-15 11:33:12
@ravitsingh5521,... dislike #Public_Rocks,0,2020-08-15 11:33:11
@भूराठैनुआँ,,1,2020-08-15 11:32:55
@AmanSharma-um6ze,Faltu,0,2020-08-15 11:32:35
@dhrudadebbarma5949,Boycott Sadak 2,0,2020-08-15 11:32:00
@VikramSingh-ju6gg,Boycott,0,2020-08-15 11:31:51
@PARMODKUMAR-hr3nk,not good,0,2020-08-15 11:31:43
@souravdas-vk3cm,#justice for sushant u murder's,0,2020-08-15 11:31:42
@rahulgaikwad4003,"Nepotism Agr one crore dislike ka option hota to vahi de deta me pr kuch nai ye ek dislike se kaam chalalo, baki bhi dehi denge Om bhatt swahaaaa.....",0,2020-08-15 11:31:41
@hemantchauhan2349,Stupid Trial,0,2020-08-15 11:31:32
@siddhantbutola9432,Waiting for any salman's movie trailer,34,2020-08-15 11:31:32
@rohelsheikh3061,I dislike trailer just because his director and Aaliya sorry #SunjayDutt sir,0,2020-08-15 11:31:25
@neeturanjan4826,Stop making movies ....#baatt....,0,2020-08-15 11:31:19
@StockMarketshiklo,Hotstar uninstall karo,0,2020-08-15 11:31:17
@dhananjayupadhayay5058,,0,2020-08-15 11:31:16
@chumbersunny137,,0,2020-08-15 11:31:10
@karanrajput9420,Aur dislike chahiye ho toh bta dena.,0,2020-08-15 11:31:02
@Life_captured642,I hat kpoor's family and aliya bhatt family,0,2020-08-15 11:31:00
@vaishgeetika,"Boycott producer, Director and so on... Mahesh Bhatt",0,2020-08-15 11:30:36
@jeetdas1158,Vag vosdike,0,2020-08-15 11:30:29
@garhwaldiary5919,Sorry sanju baba,0,2020-08-15 11:30:25
@nomikasharma9532,Not to support any star kids. Don't like Aliya and her father... Public Ka gussa v dekhlo aab. Your time is over now it's our turn.,0,2020-08-15 11:30:24
@VinodKumar-vu8iu,Dislike,0,2020-08-15 11:30:23
@learnwithnishantandkaveri,Bhangar chutiya log chutiya film,0,2020-08-15 11:30:06
@ashish60376,Isko to #vnod hi like kar sakta hai,0,2020-08-15 11:30:04
@ashupk,Kachra.... Movie,0,2020-08-15 11:29:57
@mu003devsoni5,Mahesh bhatt is,0,2020-08-15 11:29:51
@ekhindustani4364,More Dislikes Sushant Sir,0,2020-08-15 11:29:51
@chaitanyabasak7583,Boykot,0,2020-08-15 11:29:46
@narsinghrajput2212,,6,2020-08-15 11:29:38
@keyursinghal2074,Ghatiyaa movie in logo ki tarah !!!,0,2020-08-15 11:29:36
@chaitanyabasak7583,Boykot,0,2020-08-15 11:29:34
@sumitmukherjee4027,Simply Boycott,0,2020-08-15 11:29:29
@heecmat4045,My girlfriend liked this trailer now she is my ex,40,2020-08-15 11:29:14
@Haroonboonar,"Searched this video . Dislike from my mobile but still am not satisfied . Took my mom , sister , wife disliked this video . Some wat satisfied .",0,2020-08-15 11:29:03
@sukantirout1231,Dislike friends,0,2020-08-15 11:29:03
@PriyankAwasthi-b6z,Badi bc hai yll,0,2020-08-15 11:28:55
@tanyachaudhary3147,BINOD,0,2020-08-15 11:28:51
@mohitsinghrajput9706,"I'm biggest fan of Sanju Baba Ji But aliya kaliya , Apun bhi dislike karega",0,2020-08-15 11:28:38
@stephy6975,Sorry for adithya. He is a fine actor.,0,2020-08-15 11:28:31
@srividhyat88,This dislike is for aliyaa,0,2020-08-15 11:28:24
@sudhakarp2558,Like is only for Sanju Baba,0,2020-08-15 11:28:23
@peterpaladugu9375,I never seen this type of bad movie this is like a porn movie with our bad angel,0,2020-08-15 11:28:20
@ajkcraftsncreations3987,,0,2020-08-15 11:28:16
@abhishekawasthi4597,Love Sanjay Dutt but hate Mahesh Bhatt,1,2020-08-15 11:28:09
@Mintugarai1803,Aaaliya ki chut or mahesh vaat ki maa ki chut kutto ko chatwao,0,2020-08-15 11:28:07
@Cross2line,,0,2020-08-15 11:28:05
@poojachopdar7187,"Ek bat Btao yrr Sb esko dislike Kyu kr rhe he, esa Kya dikha sbko Esme Jra mujhe bhi Btayenge Koi",0,2020-08-15 11:28:01
@wasim_jakk4084,Then kaho ke Sadak se Khachraa Hataoo,0,2020-08-15 11:27:57
@kartickdas8888,,0,2020-08-15 11:27:49
@sudheeshchembayil7233,Aliya bhatt hai to bilkul nhi dekoonga Love you sushanth,0,2020-08-15 11:27:48
@shantanubiswas5303,Dislike everyone,1,2020-08-15 11:27:48
@ARJUNSINGHCHAUHAN,Koi nhi dekhe Plzz is movie ko,0,2020-08-15 11:27:24
@shivakumarpatil3203,,0,2020-08-15 11:27:22
@sanjurajput4662,boycott,0,2020-08-15 11:27:11
@TechNikhilGamerz,Sanju baba and adi bhai you both are awesome this like for both of you And all dislikes for bad bollywood families,0,2020-08-15 11:27:09
@sanchitamondal9660,Dislike alia,0,2020-08-15 11:27:07
@nature_lover_status_zone5954,Justice for susant sing rajput,0,2020-08-15 11:27:00
@fristnamelastname5265,50 rupaye overacting,0,2020-08-15 11:26:52
@wasim_jakk4084,First Dislike,0,2020-08-15 11:26:52
@BabuLal-qv9mb,Happy independence day,0,2020-08-15 11:26:47
@Biologywala2003,Aliya bhatt is worst actress in the Bollywood She touchered sushant sir So I n my all friends don't like aliya n her movie,0,2020-08-15 11:26:45
@BabuLal-qv9mb,Jay hind,0,2020-08-15 11:26:29
@dishanktirthani512,Sanju baba ko toh hum KGF 2 me dekh lengy dislike toh alia k liye tha,0,2020-08-15 11:26:26
@vedmiree3948,dislike #,0,2020-08-15 11:26:21
@Microsoft_Tester,Look at the dislike wtf,0,2020-08-15 11:26:17
@BabuLal-qv9mb,I searched this video and disliked,0,2020-08-15 11:26:15
@yogeshsharma-wh4gp,Bakwaaaasss,0,2020-08-15 11:26:03
@piturusharma8071,Don't like,0,2020-08-15 11:26:03
@nehasingh-bu2hq,Trailer Nd film dono bekar.....inki ye bhi nhi pta ki desh p.m. kaun h...,0,2020-08-15 11:26:01
@dhunnilal3720,Chutiyaan loge chutiyaan movie,0,2020-08-15 11:25:57
@ravipatell,Acchi filme star kids ko dena band karo jo layak hai usko do warna ab yahi hoga dislikes,0,2020-08-15 11:25:45
@harshkothari1272,Tati movie,0,2020-08-15 11:25:43
@VikramRaj,Dislike just for that India's Johnny sins Mahesh Bhatt,29,2020-08-15 11:25:32
@shekharmandal.birder,Come here to dislike,0,2020-08-15 11:25:30
@DaybyDay0006,Flop movie,0,2020-08-15 11:25:20
@umadixit7999,Friends dikha do apni power....only dislike for this trailer....Mahesh bhatt bhudde....#justiceforSSR Sanjay Dutt Sir not for You.,0,2020-08-15 11:25:08
@vinitakumari5176,Bakwas,0,2020-08-15 11:25:06
@dhanshadinesh963,But sajay dutt looks awesome. Love it for Sanjay dutt. And hate Alia It's not her mistake she born as a starkid but she humiliate the unprevilaged people. We hate her for that.,0,2020-08-15 11:24:58
@pandurangthorat1525,I heat sadak 2 Bycot.,0,2020-08-15 11:24:42
@vivekpawar4974,Faltu movie koi mat dekhna,0,2020-08-15 11:24:19
@vanilchary4927,by cut this movie chetter Aaliya bhat,0,2020-08-15 11:24:10
@pappukumargond3328,Bollywood matlab dust,0,2020-08-15 11:24:09
@skmandal22496,Sala kamana hi tu log,0,2020-08-15 11:23:52
@indrajitkayal,Sanju Vai Is banner pe nehi aa sakte to acha hota,0,2020-08-15 11:23:45
@pritamchaubey2990,Mai to bina dekhe dislike kr Di,0,2020-08-15 11:23:41
@habibhouarnavyuvakgroupkel9322,Abe sali alia bhatt tun na porn movis kar Johnny shines ke sath,0,2020-08-15 11:23:40
@harshsalian3899,Aditya roy kapur b mast hai but sala director chutiya hai,0,2020-08-15 11:23:13
@aishu5162,KARMA PLAYaliaa...,0,2020-08-15 11:23:07
@swatiwankhade3362,Worst,0,2020-08-15 11:23:07
@vermakritika8355,Tati,0,2020-08-15 11:22:59
@dhanshadinesh963,I came here only to dislike. Nepotism and . Give chance to talented young people. You are killing them. Hate all nepotism products. Do some work and get some where without using your father's name and influence. How many times we are compelled to watch the face your daughter or son or relatives again and again and again.,0,2020-08-15 11:22:57
@jvtiwari384,I don't like this,0,2020-08-15 11:22:56
@milanjena8826,Came to contribute a dislike,0,2020-08-15 11:22:56
@nirajraval8046,Baba is gret,0,2020-08-15 11:22:54
@probotgaming630,I am come for dislike,0,2020-08-15 11:22:48
@deepanshulamba1106,Or ye log bus copy kar sakte h sanjay sir ki help le rahi h sanjay sir ki wajhah se bus chalege,0,2020-08-15 11:22:47
@biswanathsinha341,Dislike it,0,2020-08-15 11:22:32
@bbbnavnit,This movie should release in gutter.,0,2020-08-15 11:22:29
@nabanitarabha6835,I hate this film,0,2020-08-15 11:22:16
@Ar-lv1ur,No Matter How beautiful the content in a #Nopotism People's Movie... My mind Always make my finger Hit The Dislike Button,0,2020-08-15 11:22:16
@Prashantkumar-om1uo,Bakbsss ghatiya,0,2020-08-15 11:22:16
@ajaykumarrockstar1201,18 lakh ahhh,0,2020-08-15 11:22:02
@The_Eternal_Soul,,0,2020-08-15 11:21:59
@bbbnavnit,"I hate Aalia Bhatt, & her baap mahesh bhatt,",0,2020-08-15 11:21:49
@harshsalian3899,Sanju baba is awesome but sala producer hi chutiya hai,0,2020-08-15 11:21:43
@deepanshulamba1106,Iski movi flop hogi,0,2020-08-15 11:21:38
@prashanthm9540,Just came to dislike not even tapping on play button,0,2020-08-15 11:21:36
@jhirji72,murderer,0,2020-08-15 11:21:36
@lxgamerff07,Best of all shushant sir.........,0,2020-08-15 11:21:34
@jaspalinteriors5010,,0,2020-08-15 11:21:26
@pranjalreeta6149,Boycott,0,2020-08-15 11:21:22
@mahipalsinhkgohil1638,I disliked without watch this,0,2020-08-15 11:21:17
@rinkudidi5467,Jis movie me aliya bhatt rhegi....wo movie nhi chlegi,0,2020-08-15 11:21:08
@prasadkumar3221,Sanju baba get well soon,0,2020-08-15 11:21:07
@DeepakRaj-ev5ee,I hate,0,2020-08-15 11:21:02
@saurabhg2197,ChuityA moive hai band sale,0,2020-08-15 11:20:45
@mayankverma7568,Boycott alia this trailer is bakwass,0,2020-08-15 11:20:39
@surajkumar-yt4rs,Totally boycott...,0,2020-08-15 11:20:38
@skstudywarrior2583,Faltu movie h koi mat dekhna bakwassss h bas,0,2020-08-15 11:20:38
@rabindrabehera2612,I hate alia,0,2020-08-15 11:20:07
@devaanandsharma,dislike from maldives.. super flop movie...,0,2020-08-15 11:20:03
@natesank1182,Ark and alia worst Only Sanjay duty best,0,2020-08-15 11:20:01
@mahidave7520,i came i disliked the video and reported it or ye like krne waalo ko zinda pkd na hee,0,2020-08-15 11:19:49
@pruthvirajpatil3178,,0,2020-08-15 11:19:42
@20091softy,"How so ever the movie would be, please don't support these bollywood goons. Our dear SSR is cornered, murdered by these goons. These people are interested only in our money to satisfy their lavish n dark night life. Don't support any movies by SRK, Salman, mahesh bhut, karan johar. These are white color goons in bollywood. SSR, was a wonder n very sincere boy ......",0,2020-08-15 11:19:36
@mohankumark6000,I love sushath,0,2020-08-15 11:19:25
@rakeshkrishna1005,I WATCHING ONLY FOR BABA,0,2020-08-15 11:19:24
@payalpayalsohaliya6763,I hat mahesh movie,0,2020-08-15 11:19:23
@mradulsoni1084,We love u sanjay sir dislikes are not for u,0,2020-08-15 11:19:13
@voramehul6086,Must dislike mila hai maza aa gaya,0,2020-08-15 11:19:09
@labhitabaishya8139,Dislike this trailer Boycott this movie,0,2020-08-15 11:18:54
@sayanbanerjee1598,I'm gonna dislike because of all stars and director in the movie,0,2020-08-15 11:18:53
@ShuvamDas14,!,0,2020-08-15 11:18:52
@pruthvirajpatil3178,I hate only Alia Bhatt and his family,0,2020-08-15 11:18:44
@rockzone9499,Justice for sushant and neptoism..,5,2020-08-15 11:18:44
@deepakyadavsonofmau7143,Sandaar jabarjast jindabad sikaar trailer hai.. bjp ka bycott kro yr.. savi actor and director actresses,0,2020-08-15 11:18:27
@voramehul6086,Yeh kya hai be sadak thuuu...,0,2020-08-15 11:18:25
@rajannagpal6277,Yeh saale Bhatt ki toh gaand mar deni chahiye bc chutiye saale,0,2020-08-15 11:18:22
@loudpyroind,Mahesh Bhatt ki Kitni Maa ? One Like matlab 100 maa,0,2020-08-15 11:18:21
@mr.jaivind5738,I dislike this trailer ....but love you baba,0,2020-08-15 11:18:20
@pubgmobile6683,Dislike karo sab apko in logo ki movie nhi dekhni chaiye actor inhe nhi @kartiaryan @sharukhkhan @akshaykumar inhe actor kahte hai jay hind #viral #dislike #Cbiforssr,1,2020-08-15 11:18:20
@ChandraPrakash-sf8sl,Hate nepotism.,0,2020-08-15 11:18:10
@onelife669,3class movi .dont watch everyone....flofff,0,2020-08-15 11:18:01
@jade_master,Nepo meter 98 percent,0,2020-08-15 11:17:53
@pruthvirajpatil3178,Only Sushant Singh Rajput,0,2020-08-15 11:17:38
@rockingkids7122,Why should dislike only!! Go in report nd spam,0,2020-08-15 11:17:38
@manojseema1000,Boycott,0,2020-08-15 11:17:32
@astroboy4786,I came here to dislike,0,2020-08-15 11:17:32
@romynayyar2138,Crap Bhatt,0,2020-08-15 11:17:23
@Your_anik,,0,2020-08-15 11:17:14
@pujaroy2253,Abhi sirf ek hi banda hai aur ye hai Sushant sir my favourite,0,2020-08-15 11:17:12
@bharatgaikwad612,Mar jao sadak -2 walo,0,2020-08-15 11:17:12
@Rohan-0606,Kya bakwas trailer he Yar,0,2020-08-15 11:17:06
@pxgamer2265,Dislike,0,2020-08-15 11:16:57
@rajukharate8762,Aliya hum tujhe nahi pahchante...sadak 2 aab sadak pe rahigi,0,2020-08-15 11:16:53
@jeevutube,Ab nepotism nahi chalega,0,2020-08-15 11:16:44
@saksham_akt,Aaaaa thhhuuu,0,2020-08-15 11:16:38
@satyajitsaha3035,Sabko bc sacred games banana hai,0,2020-08-15 11:16:36
@missshaikh9165,Loved This Trailer Cant Wait For The Moviee,0,2020-08-15 11:16:27
@nareshpali8778,Madar chodo ki koi film nhi dekhni,0,2020-08-15 11:16:08
@sarojhooda443,bekar nothing at all too bad too bad i will only say one thing this movie will be the worst movie ever,0,2020-08-15 11:16:08
@sumitsatviklife6505,,0,2020-08-15 11:16:05
@ManojKumar-fe9jd,I dislike this movie trailer because you are nepotism,0,2020-08-15 11:16:01
@funnykoreanvideo9,Who r liking they wil also get curse by sushant innocent death,0,2020-08-15 11:15:57
@siddharthsaroha5254,"Underworld se link ,",0,2020-08-15 11:15:57
@sidakandbarkat,Dafffffa ho,0,2020-08-15 11:15:38
@maharshirawal3557,Who is Alyaaa? Who Is Mahesh Bhatt....we Don't Know....,0,2020-08-15 11:15:30
@funnykoreanvideo9,All disliked ban bhatt kapoor khans alll...ssr justice never go to theatre..in future watch Hollywood n south movies,0,2020-08-15 11:15:22
@gaureshsancolcar2675,Hurting Hindu sentiments . Supporting such movies.,0,2020-08-15 11:15:12
@RajeevYadav-lc6cn,Tatti,0,2020-08-15 11:15:09
@SubhankarDas-wy4jk,",",1,2020-08-15 11:15:06
@motivationalproductions,Who is Come here for Dislike it ?? Like,0,2020-08-15 11:14:58
@ankitsarode1454,Song Is Amazing Yar And Of course My Favorite #Adityaroykapur..... Ise sambhalna Please ye Mera beta hai Kumbkaran,1,2020-08-15 11:14:50
@pratikshaajit5857,Itnisadi hui voice kaiseee aliaaaaaa how? Shushant k liye kuch bhi or aise bhi mujhe kbhi pasnd nhi thi paiso se koi bhi look n body change kr skta hai so take a chill pill bro feeling bad for ROY bichara glt movie gala logo k wajh..,0,2020-08-15 11:14:48
@baikunthfarrukhabadnews,I hate aliya mahesh bhatt and all bollywood khans,0,2020-08-15 11:14:46
@anujjauhari2435,Bekar,0,2020-08-15 11:14:44
@rockingkids7122,Yes without giving view,0,2020-08-15 11:14:36
@SanjeetKumar-qd1ie,aaliya butt is bad,0,2020-08-15 11:14:18
@gokulap5644,Hate nepotism,0,2020-08-15 11:14:13
@nehasrivastava1496,WORSSSSSST TRAILER EVER. BIG TORTURE WITH GHATIYA ACTING. #BOYCOTTFOREVER,0,2020-08-15 11:13:55
@kapildv,Justice for Sushant Singh Rajput,0,2020-08-15 11:13:49
@aditipriya1411,"Wahiyat, maha wahiyat",0,2020-08-15 11:13:44
@raja_hindustani143singh6,#boycott,0,2020-08-15 11:13:30
@samaninayat1494,Will never ever watch this,0,2020-08-15 11:13:09
@anshimaarya,"Once Alia was my favourite but now shame on the Bollywood gang. RIP Sushant Singh Rajput Alia acting nhi krti hai, saare scenes mein shout ek hi tarah ka krti hai, Dear Zindagi movie ho ya Raazi ya Badrinath ki dulhania, PLZZ every one shut down this black Bollywood industry...",1,2020-08-15 11:13:06
@deepeshjoshi9294,Don't wanna see full trailer just came for dislike,0,2020-08-15 11:13:02
@themusiclovers2300,Not interested,0,2020-08-15 11:13:01
@pravinbirje8159,dislike karo,0,2020-08-15 11:13:00
@ranjeetbangra,,0,2020-08-15 11:12:46
@senthilkumaran9769,Waste of time,0,2020-08-15 11:12:36
@saveanimalhumanity1893,jo hira tha usko to mardala inhone koyle ko kon like krega,0,2020-08-15 11:12:35
@amritkumar405,fltu maha fltu,0,2020-08-15 11:12:33
@lil-cypher9883,Jaldi se movie release karo... can't wait to give dislike,0,2020-08-15 11:12:31
@Rekhagupta-hd3fv,Baycott,0,2020-08-15 11:12:27
@fishskin1496,"Boycott ""bollywoodies"" From indian society",1,2020-08-15 11:12:16
@pratikhirave7502,Nepotism,0,2020-08-15 11:12:15
@AnjaliThakur-ls7yn,Exactly...we r not disliking sadak 2 we r disliking aalia nd his father,0,2020-08-15 11:12:06
@raja_hindustani143singh6,hat bhencho.....,0,2020-08-15 11:11:59
@manojyadav5857,First sadak all time blockbuster Second sadak looooool,0,2020-08-15 11:11:43
@aimahme9553,Madar chod h sb,0,2020-08-15 11:11:27
@daliasarkar778,Sorry but SSR k death hone k baad hum Saab aapka film nhe dekhege so isliya dislike deserve karte ho kyun ki aap log like diserve nhe karke,0,2020-08-15 11:11:22
@RitikSingh-hy2jl,Mai idhar bas dislike krne aaya tha,0,2020-08-15 11:10:53
@merajahan4932,Dislike,0,2020-08-15 11:10:47
@forgivesmile4665,Isq kamal song Javed Ali voice Awesome baki trailer ko dislike thoko apki marzi,0,2020-08-15 11:10:27
@shubhamsingh-di9vt,Aisi behya faltu aur aliya jaisi actress ki movie aak thu,0,2020-08-15 11:10:25
@ankurchauhan50,Ban sadak2,0,2020-08-15 11:10:15
@hemantakumarpradhan992,Isse jyada ghatia trailer kabhi bhi nehi dekha,0,2020-08-15 11:10:04
@singhtejas1991,"Sushant ke hatyaro , sadak pe laaou saaalo ko",0,2020-08-15 11:10:03
@poonamgusain317,236k like for what. Bc,0,2020-08-15 11:10:02
@ashwindave1157,I have realized.. Now will not any more,0,2020-08-15 11:09:57
@chiranjitbarua8862,Bakchod trailer,0,2020-08-15 11:09:52
@all.in.one.01363,https://www.youtube.com/channel/UCiqtsfp6JGjoiYoe7jJpOpg,0,2020-08-15 11:09:41
@pankajsonivlog6939,Bahut bada bc trailor hai,0,2020-08-15 11:09:36
@sayedbaqeralnemr723,I did not know youtube recommends most disliked videos as well. Btw thanks youtube for taking me here for a dislike,0,2020-08-15 11:09:35
@queensinthekitchen2642,0 usme,0,2020-08-15 11:09:32
@shwetapatel5970,"Such a creepy trailer.. Creepy as hell.. unnecessary film. this was not needed. They have wasted their time, energy and money in this film",2,2020-08-15 11:09:25
@कोकणी_साज,Dislike,0,2020-08-15 11:09:25
@devenderkajal2038,Bad movie I can give this like this trailer because my girlfriend said this is a very big mistake movie,0,2020-08-15 11:09:19
@ritubhiwaniya6634,Trailer to accha h..,0,2020-08-15 11:09:18
@championking476,Bakwass,0,2020-08-15 11:09:08
@manpreetbansal120,Bakvasss trailer bakvasssss moive,0,2020-08-15 11:09:07
@advvikassinghchandauli9802,,0,2020-08-15 11:09:00
@fishskin1496,"Really,.... Now it's real time to show these superstars their real place and to their society which calls itself intellectual libral and modern society",0,2020-08-15 11:08:57
@ujjwalaggarwal2349,Boycot jihadi and anti Hindu elements in bollywood,1,2020-08-15 11:08:56
@gaajnir,Boycott,0,2020-08-15 11:08:52
@ChefYo,Irritating faces,0,2020-08-15 11:08:34
@hrishisaikia4704,I don't like nepotism,0,2020-08-15 11:08:31
@arunyadav1985,Boycottt,0,2020-08-15 11:08:29
@maiGroot,Bycoot,0,2020-08-15 11:08:28
@sverma2521,,0,2020-08-15 11:08:15
@AyushSingh-gl5vb,"We would not like to see the Batt,s movie",0,2020-08-15 11:08:12
@purplegiant5536,I love Sanju baba to like kra,0,2020-08-15 11:08:12
@varunsharma9432,Sushant Singh Ki wajah se ... Sach Bol Do .. Nahi Tho Curse Will be There on Bollywood ...,0,2020-08-15 11:08:10
@totozhimomi954,Ewwww what a trailer??,0,2020-08-15 11:08:04
@Petlover-1y,"The world Disowned you Sadak 10 Lakhs revenue earned ,,, Worst Flop Movie in Bollywood because of Nepotism..",48,2020-08-15 11:07:58
@Arjun_d78,Dislike ?,11,2020-08-15 11:07:56
@ChandanKumar-in5eo,Sushant sir best I am dislike trailer,0,2020-08-15 11:07:55
@officialmanojbanwala3165,Dislike,0,2020-08-15 11:07:45
@trojasin7817,"Just like all time cliche things, why can't Bollywood take a different turn than regular bullshitiing stufffs, just why",0,2020-08-15 11:07:42
@Ghosssttttx,Paad hai kya hai ye sab,1,2020-08-15 11:07:42
@vijaystambh28,Boycott Sadak 2,0,2020-08-15 11:07:41
@parassharma4696,Such a low type active Alia bhatt,0,2020-08-15 11:07:38
@vanithadevisomashekar8692,Dislikes the video please,0,2020-08-15 11:07:34
@tripurarikumar6279,Justice for Sushant singh rajput,0,2020-08-15 11:07:28
@Dipendrasingh_9,Me too,0,2020-08-15 11:07:18
@missansariaysha8982,Very nice,0,2020-08-15 11:07:15
@vipinbhardwaj9795,This trailer is disappointing..... can not match sadak ..... u can easily gusess the story line of movie ..... Sanju baba waste of your talent,0,2020-08-15 11:07:11
@evr_electric_vehicles,Ghatiya -2,0,2020-08-15 11:07:09
@typecclasses8518,Ma ki c..t mahesh bhatt ki,0,2020-08-15 11:07:03
@salonimundu9328,,0,2020-08-15 11:06:49
@Salsafabula,,0,2020-08-15 11:06:32
@savenature7607,Disney hotstar plz stop taking films from these assholes If it carry on next time I will uninstall Disney hotstar,1,2020-08-15 11:06:29
@NiShA_creatorvfx,Worst trailer and worst movie also for sure,0,2020-08-15 11:06:28
@SarkarVikashK8937,Thanks for dislike you,0,2020-08-15 11:05:56
@lakshyachaudhary5261,"Bhaiyo or bheno iss me sanjay dutt bhi hai bhulo met, show some respect to him, me janta hu ki iss me saare actors ke bachhe hai per iss me sanjay dutt Kya Kasoor?",1,2020-08-15 11:05:53
@anjalisingh-zt5bb,This video got likes only for Sanju Baba or dislike i don't think so i need to tell,0,2020-08-15 11:05:51
@OfficialCoCoPup,Ye kya tattti h bhenchod,0,2020-08-15 11:05:51
@arjunyara8933,fuddu film chutya stori,0,2020-08-15 11:05:47
@zualteahauzel7,You watch this just to dislike it,0,2020-08-15 11:05:39
@Ghosssttttx,Bakwas,1,2020-08-15 11:05:36
@jeevithasrinivasan2940,Aldready made the trailer released on foxstarhindi to 10m dislikes now start to make this also nearer to it..,0,2020-08-15 11:05:34
@Ghosssttttx,Tati hai ye saab,1,2020-08-15 11:05:30
@romeshsharma169,Record of dislike .,0,2020-08-15 11:05:20
@bulls1354,"Jhatuo ki movie koi ni dekhega ,we are coming here only to dislike",0,2020-08-15 11:05:17
@abhijotpannu5570,Kmini alya kuta mahesh bhatt Marjo nak dob ke,0,2020-08-15 11:05:16
@pranjalbordaloi2126,Bhaag,0,2020-08-15 11:05:12
@akki6276,fudu trailer,0,2020-08-15 11:05:11
@SarkarVikashK8937,Thanks you dislike,0,2020-08-15 11:05:06
@mamtapareek6708,Sorry Sanjay sir,0,2020-08-15 11:04:57
@sohansinghtanwar8537,Bakwas,0,2020-08-15 11:04:57
@ShashiKumar-ut7mw,Dislike,0,2020-08-15 11:04:46
@tabassumshah9872,Sanju baba roks,0,2020-08-15 11:04:44
@SarkarVikashK8937,Who dislike person,0,2020-08-15 11:04:38
@rajeevgupta9259,Totally. Dislike. Not to watch this movie due to SSR death and people involved in his murder.,0,2020-08-15 11:04:29
@sadshweta,Bakwas movie......,0,2020-08-15 11:04:26
@hussengugulothu1435,(SSR) dislike plzz,0,2020-08-15 11:04:26
@nehashah9754,I hate alia bhatt,0,2020-08-15 11:04:25
@sandeepsharma-wk2ry,Bakwas movie...,0,2020-08-15 11:04:22
@gugulothuanitha4890,Hated alia,0,2020-08-15 11:04:18
@Amitkumar-rk7kw,Sali kutiya Alia...,0,2020-08-15 11:04:17
@mohitsingh-gk5oq,"Dekhna nhi hai, lekin unlike jarur Karna hai",0,2020-08-15 11:04:17
@aaradhyasingh1577,Boycott Bollywood. I want justice for Sushant,0,2020-08-15 11:04:16
@KdrTheRock,jo is movie ko sadak par lana chahta he...hit like...,0,2020-08-15 11:04:13
@sayanisaha5312,"A BIG dislike to this trailer not for nepotism or #justiceforSSR ... but the pathetic showcase of a storyline .. why waste money in promoting starkids, rather invest in real movies!",0,2020-08-15 11:04:11
@jellydhatt9268,Super movie I'm waiting,0,2020-08-15 11:04:04
@chandrasekharmalla8021,Boycott bhatt family,0,2020-08-15 11:04:00
@vikasvjvlogs,Boycott,0,2020-08-15 11:03:59
@rahulsahnirajput6466,Boycott only,0,2020-08-15 11:03:51
@varnachithra2631,https://youtu.be/EFwCZ-C6oOs,0,2020-08-15 11:03:41
@namechanger6777,#,1,2020-08-15 11:03:09
@smithkline2649,Dislike,0,2020-08-15 11:03:03
@learnquickly11english-31,Yeh movie dekhne se acha hai. Doraemon dekh loon,0,2020-08-15 11:03:01
@amitchaudhary1,Star Kids,0,2020-08-15 11:03:01
@akki6276,,0,2020-08-15 11:03:00
@visheshkumar6546,Baycot kro inhe,0,2020-08-15 11:02:49
@namechanger6777,##DISLIKE,1,2020-08-15 11:02:22
@priyasrivastava8710,,0,2020-08-15 11:02:15
@learnquickly11english-31,"Alia ki acting dekh ke aisa lag raha abhi bacchi hai,",0,2020-08-15 11:02:13
@aapkaroshan6395,,0,2020-08-15 11:02:11
@20ajayraj,Flop movie ..,0,2020-08-15 11:02:06
@akashsharma2011,Or dislike maro khattam krdo is fils ko,0,2020-08-15 11:02:02
@Rahulsarode2026,Who like sadak movie,0,2020-08-15 11:02:01
@ayyagarunamasthe3770,Disliked,0,2020-08-15 11:01:38
@pankajjain2020,"- 80 ,",0,2020-08-15 11:01:24
@bhanuvarnikakatariya4596,BHEEKJ MAANGNI PADEGI DESHDROHI GANG WALO,0,2020-08-15 11:01:22
@jannaninaidu7963,I think seeing this much dislikes... U alia will never come up with another movie i think... Got it...,0,2020-08-15 11:01:20
@Chandrabhan_CG,"There is the big advantage of dislike ,what is the reason I don't know but every body will watch this movie. I am sure",0,2020-08-15 11:01:20
@ranajiblog2889,Band kro matadan tumhari maan ko chode,0,2020-08-15 11:01:20
@learnquickly11english-31,Ek dislike bhi sushant singh rajput ko dua de sakta hai.,0,2020-08-15 11:01:19
@sanskritithapa9224,The movie is good but Alia bhatt is in movie that's why I dislike it,0,2020-08-15 11:01:00
@HiraLal-vf6se,Bycutt sadak 2,0,2020-08-15 11:01:00
@mitalisarkar8232,Boycott Alia,0,2020-08-15 11:00:59
@juibanik3707,Most ghatiya trailer ever,0,2020-08-15 11:00:57
@rajatadityabarjatya3563,Never gonna watch movies of dharma and bhatt family,0,2020-08-15 11:00:55
@annabelle971,Get well soon Sanjay Dutt.. May God bless you.. I don't like Mahesh Bhatt but Sanjay Dutt is rare.. Here is all the likes absolutely for Sanjay,0,2020-08-15 11:00:42
@aniketdas7918,Bab movie,0,2020-08-15 11:00:36
@harshitKumar-eu8tm,Mai susant ko nhi bhul skti es SB ko dekh kr khun khaulta h. I heat this movie,0,2020-08-15 11:00:25
@MBG-M8N,aree yyaaar ee video kooo view nahi karo vuskoo ony viwes koo aajaaaeega,1,2020-08-15 11:00:18
@nemotv2165,Boycott bhatt family,0,2020-08-15 11:00:13
@aniketdas7918,So bad,0,2020-08-15 11:00:12
@blackangel9072,Hotstar uninstall,0,2020-08-15 11:00:09
@suryanshpatel4599,Nepotism,1,2020-08-15 11:00:00
@abhiverma9370,Plz bycottttt this movie,0,2020-08-15 10:59:50
@vinodvaran1420,"Sushant's fans will make all the appearances because when he was, no one has given awards to good films, Surrey Sushant Fen of Surrey should be above 25 lakhs.",3,2020-08-15 10:59:49
@SUNRISEHINDE,Dislikes video,0,2020-08-15 10:59:34
@ashirwadflexprinting2687,chutiya logoki muvis nahi dekhni hai,0,2020-08-15 10:59:29
@FahadKhan-cw1wh,Sanju baba ko bhaijaan (mene dil tujhko diya movie) wala action comeback krna chahiye kyun bhai logs,0,2020-08-15 10:59:21
@akhistory1,esse atchha South ka movie dekhna hi atchha hoga,0,2020-08-15 10:59:21
@enjoykey8317,Bycot aaliya,0,2020-08-15 10:59:21
@shubhamsen7995,.................. .. ... . Even this will get more like than these trailer,1,2020-08-15 10:58:56
@hansrajdeepak2143,Bahiskaar,0,2020-08-15 10:58:54
@vineshsahadevan7890,My dislike is for medicrocy and dumbness of tatti family not for other artist,0,2020-08-15 10:58:52
@campusfowl4,"Hope, fantastic movie",0,2020-08-15 10:58:45
@healthbarrierstaff7016,A tribute to SSR with dislike this,0,2020-08-15 10:58:40
@anantangdandinavar8332,Worst,0,2020-08-15 10:58:38
@rajatadityabarjatya3563,Boycotting,0,2020-08-15 10:58:34
@deepakd4427,#Binod ... Binod says don't watch Sadakchhap Movie,0,2020-08-15 10:58:32
@fishskin1496,End of day hero heroin ka pyaar....... Whole efforts of commercial Bollywood movies and artistry of efficient artists,0,2020-08-15 10:58:03
@gauravislive3371,Flop 10 fail Alia Flop dutta Average Roy kapoor,0,2020-08-15 10:58:00
@shwetapandey7793,Baba am your biggest fan but why did you worked with alia she doesn't deserve thumps up sorry,0,2020-08-15 10:57:54
@GAJENDRAKUMAR-xg3ov,Itna dislike karo ki Bhatt ka chat ho jaye,0,2020-08-15 10:57:52
@hetalkongati1531,"Boycott Bhatt,kapoor and Khan's movies. Is movie k liye 1 b like nhi honi chahiye sabko dislike krna chahiye. *(justiceforshushantsinghRajput)*",0,2020-08-15 10:57:51
@anupjaiswal7937,Bakwas,0,2020-08-15 10:57:38
@aadarshgamer653,Sushant Singh Rajput kisko pasand hai jisk pasand hai wo niche like karo,0,2020-08-15 10:57:36
@jenibala5110,Only coming for dislike,0,2020-08-15 10:57:24
@sumitrai8611,Ask mahesh bhatt to demand cbi for ssr.,0,2020-08-15 10:56:54
@rs9187,Disliked.. didn't watch even trailer no question for movi m not Hippocrate like othe 235k mfkrs,0,2020-08-15 10:56:51
@shubhamaditya6226,Me to mukesh bhatt :)Ye kya bawasir bna diye ho..,0,2020-08-15 10:56:51
@BipinPatel-xn5xc,I serched this trailer only for dislike not for watch...,0,2020-08-15 10:56:24
@g35surajpanicker78,Director of this film is karan johar,0,2020-08-15 10:56:23
@fun2shl59,Bhai mera 3acount se dislike tuka Yrrrrrrrr sare milke tuko dislike Ye kaliya Bhatt mahis Bhatt ko bend koro bhut zela hai or nahi #boycott koro yrr,0,2020-08-15 10:56:02
@TheTextileWorld.,Thnx for dislike,0,2020-08-15 10:55:58
@sanjanasaini5185,I gv dislike only to bhatt's not to Sanjay dutt sir and other cast,0,2020-08-15 10:55:47
@Prabha973,I'm coming here for dislike.,0,2020-08-15 10:55:46
@vishalwadhva,Dislike only to Mahesh Bhatt and Alia Bhatt And BIG LIKE FOR SUSHANT SINGH RAJPUT...,0,2020-08-15 10:55:45
@shakirshaikh1290,Dislike the crime and criminals,0,2020-08-15 10:55:44
@deepchauhan4988,I came here only to dislike it.,2,2020-08-15 10:55:37
@vishweshrai4399,Wrost actress aaliya bhtt n bhtt family I don't lyk ...this actress ..,0,2020-08-15 10:55:35
@debatosh9317,I thought i wrong when i dislike this video..but after watching the full video..i am sure i am honest and brave,0,2020-08-15 10:55:20
@multivision5360,Chutiya log,0,2020-08-15 10:55:16
@prashpop0280,Hahhahahaha,0,2020-08-15 10:55:15
@joganijenis7422,I'm deleting hotstar,0,2020-08-15 10:55:13
@gouravjaat6192,Like Sanju Baba ke liye dislike in kutto ke liye,1,2020-08-15 10:55:04
@rajanishukla9284,Sanju Baba ki acting mind blowing,0,2020-08-15 10:55:03
@jurismitakakoti5412,Love alia,0,2020-08-15 10:55:03
@l.rvlogs8324,Love u sushant bhae,0,2020-08-15 10:55:02
@zulfikarnamliwala2699,Hate star kids,0,2020-08-15 10:55:02
@yashsharma-yx2ox,||How Bollywood Gang's & it's Entities Killed #SushantSinghRajput? This is exactly what happened with Sushant https://youtu.be/oHMLE3Wznq4,0,2020-08-15 10:54:57
@anilkumar-nh9kt,Bkwas movie,0,2020-08-15 10:54:55
@kratisingh7155,Dislike ...done,0,2020-08-15 10:54:51
@nidhirai7091,Big dislike,0,2020-08-15 10:54:48
@daljitrattu9288,,0,2020-08-15 10:54:48
@joyjitghosh9265,Sorry sanju ji I like you. but this time going to dislike. I hope you understand why we are going to dislike.,0,2020-08-15 10:54:47
@madhusudhanracha4636,Lots of fire in trailer. But no fire in the faces This piece of shit should have been a stand alone movie not a part 2.,0,2020-08-15 10:54:46
@sachinmehra312,Same old story. Playing with emotions of viewers.,0,2020-08-15 10:54:42
@vipinkumarvipinkumar1788,Boycott,0,2020-08-15 10:54:41
@g35surajpanicker78,They deleted dislike numbers,0,2020-08-15 10:54:33
@tlgjuniorgaming2503,Sanjay Dutt is good but AliA Bhat is gooooooo fuc@&r,0,2020-08-15 10:54:28
@reetaverma3800,"Like =2 lakh, dislike= 18 2 9 = 18",1,2020-08-15 10:54:24
@sriranga8984,Full faltu trailer,0,2020-08-15 10:54:21
@shankerkesewak8082,#nepotism,0,2020-08-15 10:54:19
@nikithreddy5539,#maheshbhattgandu,0,2020-08-15 10:54:13
@girishchandra4382,Dislike maro ra baba,0,2020-08-15 10:54:12
@anjalitomar6552,Hag diya bc,0,2020-08-15 10:53:59
@nkalita9667,I dislike this video only for bhat family.,0,2020-08-15 10:53:38
@priyankapatidar4669,"I thought I must not watch this trailer because of nepotism but now I think kash me online thuk skti wo b alia bhatt pr Bloody hell, she is just bkwas #Boycott #justiceforSSR #CBIforSSR",0,2020-08-15 10:53:33
@nofakes615,"Kabhi alia ne bhi Sushant jaise khuch krlia toh kya usko bhi support kroge.. Kyuki tention dene wale toh tum hi log ho, dimag hi ganda hai tumlongo ka",0,2020-08-15 10:53:31
@archanasingh2976,Binod,0,2020-08-15 10:53:31
@Bruisader,I just came to see who are nepotism lovers of this Bollywood? Well we have almost 2 lakh A$sh0les.,0,2020-08-15 10:53:26
@thesecretmeditiation1485,bc mc l jeshi moovie,0,2020-08-15 10:53:23
@shanurastogi1121,,0,2020-08-15 10:53:15
@I_am_Gamer_00ZZ,0000,0,2020-08-15 10:53:14
@Unknown-st3op,Aditya Roy Kapoor Sir and Sanjay Sir are awesome actors but due to mahesh bhaat this movie deserve so much hate,1,2020-08-15 10:53:09
@saurabhverma140,Susanta bhai sirf apke liye. sadak 2 ko nhi dekhunga . Sorry sanju baba es bar apki movie nhi dekh paunga,0,2020-08-15 10:53:05
@tlgjuniorgaming2503,Chutiyapa,0,2020-08-15 10:53:05
@sanjaybhowal563,DISLIKE BECAUSE THIS IS WHAT YOU ALL CELEBRITIES R DESERVE,0,2020-08-15 10:53:04
@aapkaroshan6395,,0,2020-08-15 10:52:56
@hiteshrabari5639,Bollywood ki best movie in chichore,1,2020-08-15 10:52:52
@rohitrana1554,Ring,0,2020-08-15 10:52:43
@समाजसेवकप्रथमभाऊगाडेसमर्थकमनमा,,0,2020-08-15 10:52:42
@moazzamaziz6247,Is trailer ko dislike karne wale saare madarchod ek bhadwa zindagi jeene se dar gaya aur suicide karli aise to bahot saare log suicide karte hai tab kaha hote ho tum madarchod log bc hai sale sab ke sab. Trailer mast hai ek dum mc logo,1,2020-08-15 10:52:36
@debjanimukherjee1923,We all want JUSTICE...love you SUSHANT Bro,0,2020-08-15 10:52:35
@samadhansaratape9289,I love shushant I hate alia,0,2020-08-15 10:52:09
@nileshkumar8243,Pls dont watch this movie . RIP Bollywood,0,2020-08-15 10:52:04
@Raaz-c7,I dislike the film of Mahesh bhat alia bhat,0,2020-08-15 10:51:43
@terayarrjeete3498,yo kon londiya hai..ismee,0,2020-08-15 10:51:38
@jatingurjar8925,justice for Sushant Singh Rajput,0,2020-08-15 10:51:31
@sushmadeekshita,Just came to dislike.....,1,2020-08-15 10:51:29
@sahildandriyal4788,Flop hai aliya,0,2020-08-15 10:51:19
@sahildandriyal4788,Ajji ganta,0,2020-08-15 10:50:57
@alexnewan7155,Boycott,0,2020-08-15 10:50:46
@narendrapatel5430,This deslikes shows the love for shusant..shusant here we are for your justice,30,2020-08-15 10:50:43
@piyushpatel2103,Flop movie,0,2020-08-15 10:50:31
@kuldeepbawat8456,Dislike,0,2020-08-15 10:50:21
@SagarKumar-ht7xc,Maa ki chuad Mahesh bhat ki,0,2020-08-15 10:50:18
@SubhashRajasthaniRanasar,"I lov Sanju Bhai, But now Boycott this movie bcoz dirty bollywood. Miss u Sushant Bro.",0,2020-08-15 10:50:13
@pankajshukla..2302,bakwas,0,2020-08-15 10:50:00
@abhijeetsaija4663,Fiat se Audi Q7 kaise.. ?? Mr.bhatt agar rhea se fursat mile toh batana..,0,2020-08-15 10:49:59
@Xthetic_Moon0_1,Hate londiya baaz bhatt...,0,2020-08-15 10:49:44
@rinspostbox1758,Mat dekhna in chutio Ka film...,0,2020-08-15 10:49:37
@Nitukumari-Bhaktikasandesh,I just come to dislike,0,2020-08-15 10:49:32
@Tanishka-hh7ym,And I m sorry sanjay dutt sir apke liye nahi hai ye,0,2020-08-15 10:49:31
@vermanishakar,!,0,2020-08-15 10:49:29
@studychannel3310,Alia Bhatt murdabad,0,2020-08-15 10:49:26
@RockyHandsome144,Bhai log hme bhi btao kis baat par ye movie dislike ho rha hai,0,2020-08-15 10:49:23
@dynamic5694,Dislike karo jaldi,0,2020-08-15 10:49:17
@vickybathamvickybatham4136,Kya chutiyapa laga laga rakha hai,1,2020-08-15 10:49:13
@studychannel3310,I dislike because of lulia bhattttt..... Htttt iske bhen ka.......,0,2020-08-15 10:49:13
@Tanishka-hh7ym,Ab bete har film ka yahi haal hoga isliye aliya shaadi kr ghr reh wahi sahi h tere liye or apme budde baap se keh Rhea mummy nahi bachegi to or mummy dekhni suru krde,0,2020-08-15 10:49:04
@princechaky3677,"Sushant's cult would devastate Bollywood forever, it's time for all the stars to start counting their days to complete deterioration. Come on in pals, let us all show them all what we, the people, are capable of! Discard every movie that demands you to pay. Let them beg for our penny.",0,2020-08-15 10:48:56
@sandhyawankhede7483,I open this video only for dislike otherwise I m not interested I hate bhatt company. Justice for SSR. Ye nepotismwale ekdin narak mai jayege,0,2020-08-15 10:48:52
@Nishchal1720,Flop jayegi ye moovi,0,2020-08-15 10:48:40
@gondishu,Abhi ka le lo ....Abhi ka le lo ....Abhi ka le lo ......Abhi ka le lo,0,2020-08-15 10:48:39
@MrMonu05,Tarki buddha ....ab sadak pr hi ane wala hai ...,0,2020-08-15 10:48:33
@sagarchavan-1,Hahahahahhahahahaha picture hi kachra he,0,2020-08-15 10:48:32
@jrlawray2822,I searched this trailer for dislike..,0,2020-08-15 10:48:29
@gondishu,Abhi ka le lo ....Abhi ka le lo ....Abhi ka le lo ......Abhi ka le lo,0,2020-08-15 10:48:28
@anjalirai1863,Who are they in this trailer?? I don't know them so better to dislike this trailer,0,2020-08-15 10:48:27
@gondishu,Abhi ka le lo ....Abhi ka le lo ....Abhi ka le lo ......Abhi ka le lo,0,2020-08-15 10:48:22
@akkhkharwar,First I dislike this trailer. We with SSR when final justice not come,1,2020-08-15 10:48:15
@satejshintre2570,,0,2020-08-15 10:48:15
@gondishu,Abhi ka le lo ....Abhi ka le lo ....Abhi ka le lo ......Abhi ka le lo,0,2020-08-15 10:48:13
@thetheoreticalscience6063,What is the fault of bhatt family in self murder of sushant Singh,0,2020-08-15 10:48:11
@gondishu,Abhi ka le lo ....Abhi ka le lo ....Abhi ka le lo ......Abhi ka le lo,0,2020-08-15 10:48:06
@SandeepSingh-py3hq,,0,2020-08-15 10:48:04
@anujpawar9485,Very bad,0,2020-08-15 10:47:53
@UA--be5gg,Respect sanju baba . BC mahesh batth family . harami ka family,0,2020-08-15 10:47:49
@taniyaparmar4352,Dislike Dislike Dislike You deserve this bhatt family and all Starkidss...,1,2020-08-15 10:47:46
@adityamishra1946,Boycott of Nepotism and B grade people,0,2020-08-15 10:47:27
@gondishu,Abhi ka le lo ........ Abhi ka le lo ....... Abhi ka le lo ........Abhi ka le lo,0,2020-08-15 10:47:23
@sharmarahul9057,,0,2020-08-15 10:47:12
@gurjaapsingh6a470,You all killed sushant,0,2020-08-15 10:47:11
@ribikadas2626,I just hate Alia and her father Mr budha.... So dislike,0,2020-08-15 10:46:51
@gondishu,Abhi ka le lo,0,2020-08-15 10:46:46
@dikshitvasudeva9994,Most fuddu trailer,0,2020-08-15 10:46:40
@gondishu,Abhi ka le lo,0,2020-08-15 10:46:38
@tigerchahal2006,Ye film pakka pirate hogi. Bas BABA he sahi h baki sab bakwash. Dislike now.,0,2020-08-15 10:46:37
@awesome01videos,Sushant,0,2020-08-15 10:46:21
@binitamakharia5516,I searched this movie only to dislike Love you Sushant Singh Rajput Legends never die,0,2020-08-15 10:46:15
@multipackindustries,91 lakh se sidha 18 lakh dislike. Kyu Kara Esa logo ne,0,2020-08-15 10:46:14
@gunjanmandekar6122,Sanjay dutt get well soon baba,0,2020-08-15 10:46:12
@SirsenduKarna,Was in dilemma whether to renew my hotstar subscription or no..Now am sure not to renew for timebeing..,0,2020-08-15 10:46:11
@nitishpatel2444,One beautiful dislike for sadak 2,0,2020-08-15 10:46:00
@multipackindustries,Ye kya hua Hai,0,2020-08-15 10:45:48
@pungzbeat,Dislike mar bsdk,0,2020-08-15 10:45:20
@harshmishra6786,,0,2020-08-15 10:45:05
@AjaySingh-ye8pj,Iss Alia bhutt ki wjhe se Sanjju Baba ki movie khrab ho gai yr,0,2020-08-15 10:44:59
@vickygill3485,1 dislike for Aalia,0,2020-08-15 10:44:59
@poojapakad8395,Bakvas..,0,2020-08-15 10:44:50
@sanjaynanda3562,Boycott,0,2020-08-15 10:44:41
@rajumanjhi9956,Aaliya is look like kaliya,0,2020-08-15 10:44:37
@sandeepyohans,"If I had money, I would definitely invest for my kids if they want to be a film star. More certainly if they r popular on social media and have a fan following, coz I will earn on my investment. (I was infact waiting for this movie since I liked Sadak.) Trailor looks good... All the best team. People should atleast respect the channel that gave tribute to Sushant by making his last movie free for all.",2,2020-08-15 10:44:36
@Local_address,Love you #Sushant_Singh_Rajput.. You always lives to our heart...,0,2020-08-15 10:44:35
@jayabratabera5464,"I always boycot Khan familly movie and bhat movie,",0,2020-08-15 10:44:34
@mmastuff1150,98% nepotism,0,2020-08-15 10:44:29
@Factteller_beliver,Sorry sanjay sir ji aap hamesa se favourite ho But ye dono apke sath jo h wo kya baba seer aagye h apke sath @LOVESSR,0,2020-08-15 10:44:27
@arjunsinghnayal3867,PrithviRajChauhan jayenge movie dekhne.,1,2020-08-15 10:44:26
@AjaySingh-gf7ts,I dislike this trailer just because his director and aaliya,110,2020-08-15 10:44:19
@vikrampratap5240,Abhi aur dislike baaki hai......fake likes badahane se nhi kuch hoga,0,2020-08-15 10:44:19
@rajeshsahu9788,Thu,0,2020-08-15 10:44:14
@anureetmangat1938,#boycottbollywood . #justiceforssr,0,2020-08-15 10:44:06
@uitedgamer6636,Who did search this trailer just to dislikes? I love you. RIP Sh. Susant Singh Rajput,1,2020-08-15 10:44:05
@arpita3500,Not interested,0,2020-08-15 10:44:03
@prachipandey9571,Dislike this movie,0,2020-08-15 10:43:58
@Lakesh166,,0,2020-08-15 10:43:52
@rohitbaghel4708,My dislike only to Mahesh Bhatt,0,2020-08-15 10:43:51
@ashutoshtiwari3317,dislike is only for mahes bhatt not for sanju baba,0,2020-08-15 10:43:33
@arpanchaudhary1438,Because of alia nepotism,1,2020-08-15 10:43:20
@mixassam1375,Hahah .... Dislike dislike ... for alia bhat,0,2020-08-15 10:43:17
@amitkumar-ef8gg,Bakwash,0,2020-08-15 10:43:09
@shashikumari5046,Dislike only for bhatt family Not for others artist like Sanju n Aditya,0,2020-08-15 10:43:07
@SoniKumari-ij8kh,Boycott sadak 2 .pls koi v mt dekhna is movie ko or is characterless family ki movie ko.,1,2020-08-15 10:43:06
@anandhu6818,Opened this trailer and disliked it My job is done,0,2020-08-15 10:42:57
@rajeevthegupta,Barbad kar do Bhatts,0,2020-08-15 10:42:55
@dr.vaibhavkulkarni4332,They will also make fame of dislikes#they want any type of popularity thats all....,0,2020-08-15 10:42:54
@aahirwar8,Bakbass,0,2020-08-15 10:42:48
@prashantrai4247,Bhatt dislike sanjay dutt fan,0,2020-08-15 10:42:40
@simrankumariofficial4118,Jise bhi aaliya bekar lga ho like here,0,2020-08-15 10:42:36
@TheRoushankumar,Boycott,0,2020-08-15 10:42:28
@dbsrathore,",,",0,2020-08-15 10:42:11
@Jasana4K,Dislike for this hypocrite Bhatt family.. please dont promote them..Sushant I m doing my bit for u..,0,2020-08-15 10:42:10
@moviesatozkashyap9211,Bakwas,0,2020-08-15 10:42:05
@PriyankaSharma-tm8sg,Give dislike to this video love you sushant,0,2020-08-15 10:42:02
@anureetmangat1938,This dislike for is mahesh bhatt and family ... other characters are best,0,2020-08-15 10:41:58
@abhinandansingh3618,Dislike muvie,0,2020-08-15 10:41:58
@awadheshpandey1131,Disgusting movie& Rejected,0,2020-08-15 10:41:57
@princeanarya7732,Dislike,0,2020-08-15 10:41:34
@jayabratabera5464,"I dislike this trailer only for bhat,u susanth",0,2020-08-15 10:41:30
@vishalrajakrajak7310,These artist doesn't deserve respect bcoz they have to do partiality with talent. Specially Bhatt family.,0,2020-08-15 10:41:24
@aastha6844,Who are all here for disliking trailer,0,2020-08-15 10:41:23
@abhinandansingh3618,Barvas muvie,0,2020-08-15 10:41:22
@ICC_888,Bkkk bosdiwali,0,2020-08-15 10:41:17
@sarojkumaryadab3873,We plage to break this record by disliking the movies of culprits,1,2020-08-15 10:41:15
@RaviRanjan-ud2pg,Bakwass trailer hai bycoot Bollywood,0,2020-08-15 10:41:02
@Sunilraj75430,"Bakvas movie, faltu",0,2020-08-15 10:40:46
@priyankkushwahavlog151,,0,2020-08-15 10:40:38
@NarendraKumar-rm7du,dislike like this trailer because of nepotism,71,2020-08-15 10:40:26
@adarshsingh-ey6wn,Bakwaas,0,2020-08-15 10:40:23
@vivekmmishra3752,Worst movie,0,2020-08-15 10:40:21
@studentsworld9382,Luv u sushant sir..,0,2020-08-15 10:40:21
@lawknowege,Would's 1flop First film..award ..Sadak.... thu..,0,2020-08-15 10:40:19
@ranveerchugh6171,We love Sanjay Dutt,0,2020-08-15 10:40:19
@sudiptobanerjee6812,Ye movie nahi kachra hai kachra...fuck you alia bhaat madarchod..bahenchod puja bhaat.,0,2020-08-15 10:40:02
@neymar2890,Fucking trailer its horriblr love u sushanth,0,2020-08-15 10:39:48
@bidegaa,Also here love you sushant,0,2020-08-15 10:39:44
@know__more,Searched everywhere just to dislike it. Hate nepotism,81,2020-08-15 10:39:41
@ABUSINGDEMOCRACY,I also came here to dislike Behen ka loda mahesh bhatt.,0,2020-08-15 10:39:37
@bharatgaming8352,The dislike is for Bhatt family only ..,0,2020-08-15 10:39:36
@sukumarankolangod3337,Justice for sushanth,0,2020-08-15 10:39:29
@ngx7x7806,This dislike only for Aliya Bhatt,0,2020-08-15 10:39:24
@monugupta9237,Bekar,0,2020-08-15 10:39:18
@aartipatel6033,# jfs,0,2020-08-15 10:39:11
@sudderbachanpally7159,Love you sushanth,0,2020-08-15 10:39:09
@meetai1890,dislikes are only for bhatt family,0,2020-08-15 10:38:58
@dipubharali310,Dipu,0,2020-08-15 10:38:56
@sukumarankolangod3337,Busted family,0,2020-08-15 10:38:55
@sanjeetraj1545,Bakwas,0,2020-08-15 10:38:52
@sumansaha4389,Land type director,0,2020-08-15 10:38:44
@Mrsilver_xD,Disliked it,1,2020-08-15 10:38:30
@anupmandal3339,Alia not like,0,2020-08-15 10:38:30
@robinkondra,Ek Bihari (Sushant) sab pe bhaari...! Bhai jaate jaate sabki aankhe khol gaya against the stupid bollywood mafias! The nation unites to fight for justice. We are all in this together for Ssr and all the other real talents,0,2020-08-15 10:38:18
@seemapkumar3971,Bakwas,0,2020-08-15 10:38:17
@nirajverma2037,Bharat jaag chuka hi ab en celebrity Bhatt log ko road m laane ka time aa chuka hi...en log ko enke okaat dekhna hi....#CBIforSSR#,0,2020-08-15 10:38:12
@tamilwhatsappstatus6308,Flop,0,2020-08-15 10:38:08
@pop-sidegaming8846,This dislike is only for bhatt family not for other artists,0,2020-08-15 10:38:06
@ShekaranJagadeesan,Sadak thoo,1,2020-08-15 10:37:53
@sukhwindersingh3764,Bakwaas .....aliya.,0,2020-08-15 10:37:43
@gopalyadav8925,"Ye koi rajnetik muda ni h ki hm aaye aue like ya dislike kre.blki hme mo Rafi ji k gaane ko follow Krna chahiye--kisi ka pyar kya tu,berukhi ko trse...njrandaj kro koi mtlb hi nhi.",0,2020-08-15 10:37:40
@NikhilHajare800,Kuch bhi kya,0,2020-08-15 10:37:39
@avneeshdigitalbyashishgupta,Sanju baba jindabad... Mahesh bhatt Vinod,0,2020-08-15 10:37:38
@parvathybnair9179,I just dislike because I hate Alia.......,0,2020-08-15 10:37:32
@itesports5481,Bekar,0,2020-08-15 10:37:25
@alinajohnson6134,"Oh god! Who's even gonna watch this film, definitely not me!",0,2020-08-15 10:37:22
@sambitnaskar1746,#justiceforsushant,0,2020-08-15 10:37:21
@vikassports4031,Pahle dislike 9.6M the ab Kam hogya,0,2020-08-15 10:37:18
@dipkgame1142,I hate Alia Bhatt. ...... /Sanjay datt I really really like,0,2020-08-15 10:37:15
@rajivpaul4529,YAHA BHI BEIJATI HOGI INKI.. MAINE HOTSTAR UNINSTALL KAR DIYA HAI..,0,2020-08-15 10:37:14
@deepakshrivastava453,Feeling nice to see dislike status! Great...Justice for SSR,0,2020-08-15 10:37:09
@anchorchandanbharti1263,,0,2020-08-15 10:37:07
@leejumriva443,Dnt wtch this fckng movie #justic4sushant,0,2020-08-15 10:36:59
@gouravbansal2099,all the people coming here to give dislikes don't realize thet they will make more money from this trailer than the actual move,2,2020-08-15 10:36:57
@chandankumar-ti8pl,Dislike only for Bhatt family,0,2020-08-15 10:36:56
@awakensanatan,Cheapest way,0,2020-08-15 10:36:50
@mukulsinghla2482,Bakvas trailer of the year award is goes to sadak2,0,2020-08-15 10:36:46
@ritikkumarverma8874,"Having a bad film, is this used famous Pak singer Ali Abbas Song ""Ishq Kamal""??",0,2020-08-15 10:36:46
@Mr.Navv.,Only sanjay dutt,0,2020-08-15 10:36:41
@Aman_edit_07,I don't like this trailer,0,2020-08-15 10:36:40
@abhijaykumar4156,Phli bar dislike krke proud ho rha hai,0,2020-08-15 10:36:38
@yadavabhay5335,Support to sushant,0,2020-08-15 10:36:34
@pranishaa_h,,0,2020-08-15 10:36:33
@viegaszena,Came here to dislike the trailer..,0,2020-08-15 10:36:32
@anandkumatekar6654,"I didn't saw the trailer, I just came to dislike it",0,2020-08-15 10:36:30
@itesports5481,Backvas,0,2020-08-15 10:36:16
@egharochill8649,"We won't watch when Alia is involved why should we watch ....*******""we won't die if we don't see their move Hypocrite, greedy , specially Alia irretiating when I see your face why you don't consider Sushant as actor who is very talented foolish little knowledge is very dangerous that you ....money, fame lover empty brain can't see who is great truth and innocent...blood is corruption so following to generation to generation....",0,2020-08-15 10:36:13
@rajnish12339,Ye movie ko koi bhi nahi dekhna bhailog ye mahesh bhatt ka hai,0,2020-08-15 10:36:11
@KabirSingh-xv2kb,"Nepotism is worse not the trailer ,similarly your excitement to watch this trailer once is bad not hitting the like or dislike icon.....and SSR case is not the reason of it but if u have once seen and understood the reality .. u should ignore everything...... even gossiping. ...",0,2020-08-15 10:36:06
@kshitizsinghal7333,,0,2020-08-15 10:35:50
@Chaitanyarajsinhji,Report bhi karo bhaio behno,0,2020-08-15 10:35:34
@himanshupawarb-1151,Lets make it a super flopp movie of Bollywood history,0,2020-08-15 10:35:29
@preetisharma4225,This trailer is the most dislike trailer in the world,94,2020-08-15 10:35:22
@descendantsofthesunfc5339,Aupar vala tera sath nhi bc,0,2020-08-15 10:35:17
@championsgame3506,SADAKCHAP TRAILER,1,2020-08-15 10:35:10
@rajyashreesen719,"Mahesh Bhatt,Puja Bhatt and every bollywood star,now plzz realise that you are nobody without audience..Audience is everything,so try to listen to them and Maharastra Sarkar also have to remember the same thing.",0,2020-08-15 10:34:58
@ThiliphanS,Hotstar gonna incur huge loss if it releases,0,2020-08-15 10:34:58
@HiddenHost0851,Because of Nepotism,0,2020-08-15 10:34:54
@india5342,alliya bhatt is chutiya heroin,0,2020-08-15 10:34:46
@surendrajakhar8283,I hate bhatt family due to nepotism,0,2020-08-15 10:34:41
@mrmobiloon,I love shushant sing. I hate alia,183,2020-08-15 10:34:30
@himanshusaini4686,Dhakka mukki ni bhai log.. Ek ek krke gaali do ye gandu Mahesh Bhatt and poori murdering family ko,0,2020-08-15 10:34:15
@viegaszena,We have to make this movie the biggest flop..,0,2020-08-15 10:34:04
@mydesireisto...2756,# boycott ..disliked ..even not fully watched..,0,2020-08-15 10:33:57
@amanbhoi8015hdhdidj,Sab dislike do,0,2020-08-15 10:33:48
@masumimangat2400,"Abe akal nahi hai, itna hate karte hai hum toh phir movie release karne ka phaida kya hai. Booo! Hate u guysssss",0,2020-08-15 10:33:44
@vishalmishra1685,Abhi to yah shuruaat aage aur bhi films aane wali unka bhi buycott karenge,0,2020-08-15 10:33:37
@Rama_ki_Duniya,Worst Trailer,0,2020-08-15 10:33:35
@umarani7834,I am fan of allya but now Do not watch this movie,0,2020-08-15 10:33:35
@swityassam6733,Every charectr r dump bcz of Aliya,0,2020-08-15 10:33:32
@surajchauhandance1402,Aliya is not good actor,0,2020-08-15 10:33:31
@Siddhartha_vlog_2000,,0,2020-08-15 10:33:29
@StRikerog29,The worst picture of the century,0,2020-08-15 10:33:25
@kapilashu,Tharki buddhe ki film flop honi chahiye justice for sushant,0,2020-08-15 10:33:21
@aftabaalam2249,Ary randi ke bacco na mard ke cakkar me duaro ko pis rhy ho oos susahnat namard madrccod ka bacca randi baaj insan coot ke cakkr me marny wala support kar rhy oos badoway ko cihnal ka,0,2020-08-15 10:33:16
@mohdsahjadkhan8530,Aliya ko pelo bhai,1,2020-08-15 10:33:14
@parthadebnath2515,Ee film to pura flop hoga...,1,2020-08-15 10:33:13
@himanshupawarb-1151,Fake guru hei kyu hmesha ? Jihadi ..mulle kyon nahi?,0,2020-08-15 10:33:10
@RajkumarPal-my8rw,These dislikes not for sanjay sir. It's only for bhatt camp.,121,2020-08-15 10:33:09
@GovindYadav-ii6zu,Boycot,0,2020-08-15 10:33:08
@karansandhu4827,Ranbir kapoor after watching this - Alright imma head out,32,2020-08-15 10:33:03
@anjanakumari4626,"Guys do remember that our Sanju, Sanjay Dutt sir has also worked in this film",0,2020-08-15 10:32:59
@ankittdadhich,I forgot to dislike so came again to press that button,0,2020-08-15 10:32:56
@Onedecoded,Mai dislike kyon karu pahle se hi disliked hai.,0,2020-08-15 10:32:40
@jameswatt8243,Nepotism,0,2020-08-15 10:32:38
@abhichauhan7939,Abe yarrrr bhai ye dislike kaun karta hai yarr,0,2020-08-15 10:32:32
@jatinchauhan2133,Nikal,1,2020-08-15 10:32:31
@animeshchaudhary9234,Sorry Sanjay sir,1,2020-08-15 10:32:28
@karthikmanjunath363,Who came here to dislike ?,1,2020-08-15 10:32:20
@banwariyadav8979,Bekar hai,1,2020-08-15 10:32:09
@BalaMurugan-yv5ye,I Only give dislike chutiya alia,1,2020-08-15 10:32:09
@varshakumari-yb8rj,for bhatt family only,1,2020-08-15 10:32:03
@kshitizsinghal7333,,41,2020-08-15 10:32:02
@kiranchiluveru945,Waste bollywood .It is in some few people only.,0,2020-08-15 10:32:01
@rajnishsharma1316,No like aaliya but I like Sanjay,0,2020-08-15 10:32:00
@shubhamranjan5074,YouTube should delete this video ASAP,0,2020-08-15 10:31:58
@chanchalsoni6302,Flop..flop....flop.........flop......flop......bhatt family flop..,0,2020-08-15 10:31:51
@sumanagal9490,oh ppllllp,0,2020-08-15 10:31:43
@kanchankeshri5316,Worst,0,2020-08-15 10:31:42
@jaybhavsar8687,Please .... DisLikes For 'SSR',1,2020-08-15 10:31:30
@rakezdas,This is a good trailer but dislike for alia bhaat,0,2020-08-15 10:31:22
@zeenatnaz1287,Socha tha dislike krdu but trailer dekhkr krna hi pda Kuch khaas nhi tha trailer,0,2020-08-15 10:30:57
@rohittehra1546,boycott always .......,0,2020-08-15 10:30:53
@lithugamingyt1635,Waste,0,2020-08-15 10:30:52
@rk.pandit_3737,"dislike ,",0,2020-08-15 10:30:38
@Praveenkumar-sn4bt,Anti Hindu,0,2020-08-15 10:30:28
@cricway2944,Like for sushant sir....,18,2020-08-15 10:30:14
@celebratelife3744,Dekhte rehjao it's an end for all these stupid bollywood films...u guys might be thinking this would continue for jus one or two years n then everyone forgets..But No..it is forever..**** ***,14,2020-08-15 10:30:13
@Shivrajsinh,Congratulations you just crossed 1M Dislikes,0,2020-08-15 10:29:52
@kriteemankashyap447,#CBI for SSR,1,2020-08-15 10:29:32
@armylover-958,Suruwad ho gaya haha dislike,0,2020-08-15 10:29:29
@karuchaudhary870,Dislike,0,2020-08-15 10:29:29
@deeparanisirohi,Bakbas,0,2020-08-15 10:29:27
@sayedalvix7085,I search this trailer just for give dislike Job done,1,2020-08-15 10:29:10
@JashminKhatoon,bhatt nahi bhaduo ki barat hai,0,2020-08-15 10:29:00
@RaviKumar-uw9bl,Worst movie,0,2020-08-15 10:28:51
@roopgoutam2703,"Worst, kachra",0,2020-08-15 10:28:50
@Bijayavailable,Who are the peoples who likes this trailer? What are likeable content is there.,0,2020-08-15 10:28:48
@Golden_Tales___1M_views,Sanjay datt bhatt,0,2020-08-15 10:28:45
@sandeepsadhu56,nepotism,0,2020-08-15 10:28:31
@khainatjanatkhainatjanat3508,Chal hai chal hai har har modi dislike modi dislike modi 99 m dislike election me nahi bihar me melye ge aliah mahesh inka bhatt nikalne ke liye tyar raho nahe toa ye tumara ss rajput nikal de ge he is criminal stop har har ghar ghar,1,2020-08-15 10:28:11
@divyasenthilkumar4543,This dislike only for butt family,0,2020-08-15 10:27:56
@kashyapjoni9062,Nice,0,2020-08-15 10:27:54
@Ajaygupta-ny2tk,,0,2020-08-15 10:27:53
@RaviGillWrestlingPractice,#BoycottBollywood,0,2020-08-15 10:27:42
@shauryapratapsingh7990,Dislike i hat it,0,2020-08-15 10:27:39
@anilmasi1395,Nice,0,2020-08-15 10:27:37
@rockstarsudhir1558,I dislike the video without watching for the 1st time,0,2020-08-15 10:27:36
@SachinYadav-ec1jp,Dislike...dislike,0,2020-08-15 10:27:27
@vishwavijaygurav1153,#BoycottaSadak2 #BocottNepokids #JusticeForSSR,0,2020-08-15 10:27:24
@jitendravaishnav5945,Alia bhati kon h ye,0,2020-08-15 10:27:17
@pankajkasyap5344,,0,2020-08-15 10:27:16
@theyogiydvlogs,Aaliya bhatt tu Randi h tu sare Bollywood Ka logo ka rakheil hai....,1,2020-08-15 10:27:10
@SUMANDAS-ci2nn,Boycott,0,2020-08-15 10:27:09
@chinnaknswamy6436,#Hate Alia,0,2020-08-15 10:27:04
@rajeevkumar9440,Sorry for Sanjay Dutt...Pr yh krna Toh tha,0,2020-08-15 10:27:02
@JashminKhatoon,i hate movie nepotisum,0,2020-08-15 10:27:00
@mlmsoft1214,Shame on Bhatts,0,2020-08-15 10:26:56
@9711845533,Sanju is nyc actor but dislike the trailer due to nepotism we need creative actor like SSR,0,2020-08-15 10:26:53
@vjvignesh8546,I hate alia ... Your flim dream is closed... Innocent Sushant Rajput.. miss you sushant from Pondicherry,0,2020-08-15 10:26:44
@hardmasterrocks,An absolute joke.,0,2020-08-15 10:26:42
@urvis664,,0,2020-08-15 10:26:42
@MatrixSugarcrush,Dislike kyun hi rahe hain,0,2020-08-15 10:26:41
@JYOTIKUMARI-oj4jw,Totally Boycott bollywood kids pictures.... dikhao inki... Disney channel also logout...,0,2020-08-15 10:26:35
@atulmalviya,Alia,0,2020-08-15 10:26:34
@arjunps6,Allia nde dence keli ille,0,2020-08-15 10:26:29
@naomiyoena3464,Ghatiyaaa,0,2020-08-15 10:26:29
@rajkumarkharka8284,Nepotism did not like respect of sanjay but hate this girls,0,2020-08-15 10:26:23
@mitun1093,Aryan ke company Walon madrachod do ham log Tum Logon ki film Nahin dekhenge,0,2020-08-15 10:26:18
@kidsgameing70,Aliya backout,0,2020-08-15 10:26:14
@shubhamkannaujia2745,Ye phle vedio dekha jo dislike pane k liea post kiya h,0,2020-08-15 10:26:09
@ishavaidya5250,I just dislike without watching trailer. Justice for sushant,0,2020-08-15 10:25:59
@labonisingh3691,Faltu,0,2020-08-15 10:25:59
@ummii1502,Is chutiya alia ko dkh Kr hi dimag kharab ho jata h,0,2020-08-15 10:25:56
@adityawandre9820,Sanju...baba...all ways..rock...,0,2020-08-15 10:25:54
@বংবাসী,Bekar,0,2020-08-15 10:25:49
@manojroy2041,I don't like mahesh bhaat ....MC KAHIKA,1,2020-08-15 10:25:42
@imransabri7372,https://youtu.be/jEAm69Ga3EQ,0,2020-08-15 10:25:41
@tupipatel4248,Just hate it,0,2020-08-15 10:25:41
@amandeepsingh8276,"Bhatt you are registered in history books forever for achieving such a great record. Sorry but you are the most bakwaas and inhuman director in the world .I pray every time your movie breaks previous dislike records.. For Sanjay Dutt thumps up always, I wish for his speedy recovery",0,2020-08-15 10:25:31
@vishwajitnarvate5386,Bakar,0,2020-08-15 10:25:15
@SangeetSangamMishra,I hate,1,2020-08-15 10:25:13
@chaarunischal699,#justice for shushant,0,2020-08-15 10:25:06
@ShabahatxSunny,"Wow. In a bid to dislike the trailer, people gave the trailer 27m views.",0,2020-08-15 10:25:04
@mayurrathod2132,In director kuto ki movies fil ho ni cheye,1,2020-08-15 10:25:02
@Arnom954,"Yaha bhi gaand lagi padhi hei , keep up the good work .",0,2020-08-15 10:24:52
@RANJEETSINGH-zh3zr,I don't like bhatt & alia so dislike to jarururi hai aur jitna ho utna sabhi log karen khas kar bihariyon ko to 100% dislike karna chahiye jab desh sath de rha to ye bihar ka beta tha..,0,2020-08-15 10:24:51
@amanagrawal6300,Video dekhne se phle hi dislike,1,2020-08-15 10:24:46
@manojsarate4011,I Dislike Trailer But Baba Get Wel Soon,0,2020-08-15 10:24:42
@avantikayadav1174,Boycott,0,2020-08-15 10:24:38
@sunnySharma-kw1mo,% flops movie,0,2020-08-15 10:24:34
@statusforu2158,Nepotism,1,2020-08-15 10:24:33
@rajdarji5511,Faltu movie he,0,2020-08-15 10:24:32
@rajusahu1435,I Dislike the trailer because of his directer,27,2020-08-15 10:24:30
@kartikaysharma7859,U deserve dislike,0,2020-08-15 10:24:27
@tarunlamay6983,Bakwash hai ye...,0,2020-08-15 10:24:09
@guhaaditya9226,Ab toh nepotism band kr do be!,0,2020-08-15 10:24:07
@pradnyasawant4651,Dislike he aur like bhi he shayd like kharide honge,0,2020-08-15 10:24:07
@Jayrdas,Guys Please Dislike This Trailer,0,2020-08-15 10:24:05
@owaiz85,#supportforshushant . Worst movie and worst trailer.,0,2020-08-15 10:23:56
@ravindrarathore3734,Tatti,0,2020-08-15 10:23:55
@vikasbatra6500,Cheap movie by cheap director and cheap heroine..... disliked,0,2020-08-15 10:23:51
@moonstone_motivation,Alia ladchatti ko dekh ke barr jata hai,0,2020-08-15 10:23:48
@dusmantmohapatra3670,I continiously search Play boy Mahesh budha & chhake karan johar for dislike...,0,2020-08-15 10:23:38
@renuaggarwal2732,NO MORE TIME TIME FOR BOLLYWOOD. HATE BHATT FAMILY.,0,2020-08-15 10:23:35
@kidsfunabc1,If you come for dislike please join here,0,2020-08-15 10:23:31
@kiranparmar6824,Sirf dislike Karne trailer on kiya..,0,2020-08-15 10:23:20
@SachinJadhav-hc9cx,I can't have see this video but dislike movie,0,2020-08-15 10:23:17
@viruranjanraj3506,Chutiya log ko muvis ko jitana dis like Karo sala apne aap ko Tish markha samjhhata hai,0,2020-08-15 10:23:15
@kshitizsinghal7333,,0,2020-08-15 10:23:14
@FitAndFlyy,But I respect sanjay dutt. He is awesome,0,2020-08-15 10:23:13
@virindersinghvirindersingh4506,I hate niptosm.I only open this trealer for just dislike for the justice for sushant bhai,0,2020-08-15 10:23:13
@rohan278,,0,2020-08-15 10:23:12
@prakashsuddala895,Bloddy buggers,0,2020-08-15 10:23:10
@AnkitSingh-vs7mg,Aliya,0,2020-08-15 10:23:05
@DEEPAKKumar-vr1zn,Go to hail,0,2020-08-15 10:23:05
@Makeupartistranigupta,just so much hate for you people's,0,2020-08-15 10:23:01
@Jayrdas,Most Dislike Trailer In The World,0,2020-08-15 10:23:01
@govindmukund6761,MCD Mahesh bhatt,0,2020-08-15 10:22:54
@FitAndFlyy,Go to hell karan johar. U don't deserve into bollywood. Kuch to dekh na yar. Kis heroine ko lia h movie me. Acting ka a nhi ata. Rab kre tere movie ye barbaad jae,0,2020-08-15 10:22:44
@MrSingh-vw4ed,I don't like this movie,0,2020-08-15 10:22:40
@khudezabegum2256,Dislike 9.8M tha usko erase kar diya..asliyat hum sabko pata hai,1,2020-08-15 10:22:35
@arghyasaha3106,Vai sab lik maro dislike for susant sing,1,2020-08-15 10:22:32
@Defence_YT,Chodu laude,0,2020-08-15 10:22:22
@Bijayavailable,Who is dislike all movies of Bhatt. Please like,0,2020-08-15 10:22:20
@ravikanttiwari9636,Maha faltu movie.,0,2020-08-15 10:22:13
@precisionproducts5708,No ethics by Mahesh Bhat. Justice for SSR .,0,2020-08-15 10:22:09
@nirmalkochi5409,Dislike ki barish honi chahiye,0,2020-08-15 10:22:07
@prakashsaini3191,,0,2020-08-15 10:21:57
@rawan007singh,I didn't find out any thing based on sadak the story line of it going out of mind.. basically i like sanju baba but what to do when he doesn't have a good film.,3,2020-08-15 10:21:51
@AjitKumar-wq7vz,Chutiyapaa...bhad main jao tum salo...sab sale fake Hein,0,2020-08-15 10:21:41
@thevloglife4204,Tum logo ko industry se bhar hona chahiye,0,2020-08-15 10:21:36
@anshu8627,9 million dislikes maze aa gaye,1,2020-08-15 10:21:30
@babyteronphi4190,Behuda laga,0,2020-08-15 10:21:26
@mayurshewalepatil,,0,2020-08-15 10:21:23
@imtiyaj1414,Tati,0,2020-08-15 10:21:22
@kshitizsinghal7333,,0,2020-08-15 10:21:07
@NoNameVishal,i Liked This,0,2020-08-15 10:21:02
@saritamandal9509,Bakwas trailer,0,2020-08-15 10:21:00
@vaibhavdoshi1322,First I thought to like this as there are 1-2 good actors but seeing one face and name I had to dislike it. Sorry to good actors.,0,2020-08-15 10:20:59
@venkat5706,Guess Why people are disliked much more anyone have answer????,1,2020-08-15 10:20:45
@decemberkumar6906,Sala Tera film nhi chalega. Boycoot bollywood,0,2020-08-15 10:20:44
@AkshayKumar-co6no,Like karne wale sb mc hai,0,2020-08-15 10:20:43
@683arshitamehrolia9,without watching I dislike this trailer,0,2020-08-15 10:20:35
@saritamandal9509,Bakwas,0,2020-08-15 10:20:23
@kalpeshmevada2562,Dislike.,0,2020-08-15 10:20:23
@epixgaming5927,Congrats for making the most disliked trailer. Who came here only to dislike??,23,2020-08-15 10:20:22
@Afzalhindustani923,,0,2020-08-15 10:20:19
@sumanbanik2515,Sanjay Dutt Ko Accha lgta hai But Yeh Bhoudiske walo ko accha nehi lgta Aliya Chodi Boycott bollywood,0,2020-08-15 10:20:17
@hakimsingh7690,Boycott,0,2020-08-15 10:20:11
@mcvloger2493,Love you Sanju baba bure fase is move me,0,2020-08-15 10:20:10
@shwetamakker7188,Not deserve any comments. Mahesh Bhat should be shunt out from Bollywood. Justice for SSR,0,2020-08-15 10:20:10
@raghvendrabhadauria4018,Dislike,0,2020-08-15 10:19:50
@anvikarajput5670,Kya bakchodi hai yr ye,0,2020-08-15 10:19:47
@pakhisharma8528,Not gonna se the full trailer.....just came to dislike it,80,2020-08-15 10:19:45
@IGENTERTAINMENT1,,1,2020-08-15 10:19:43
@zainukhatun9829,"Kuch bhi smjh mei nhi aaya...story shuru kaha se huyi khtm kispr ho rhi...confusing trailer,..",0,2020-08-15 10:19:40
@MonujChutia-fz3nu,Dislike from assm,0,2020-08-15 10:19:34
@kesarwanipratibha1141,"Nepotism ke kide ,Bhatt ka khandan bakwaas hai movie ek dam",1,2020-08-15 10:19:32
@rinkudesai9225,Antihindu propaganda,0,2020-08-15 10:19:30
@jayatiupadhyay6949,Worst,0,2020-08-15 10:19:22
@sarbapriyabanerjee7170,,0,2020-08-15 10:19:13
@মুকেশ,Power of ordinary people it's extraordinary,0,2020-08-15 10:19:05
@theblackjaguar4274,Soo Boring!! So bad.,0,2020-08-15 10:19:03
@subratadey4615,Duyaka sab se bada ghatiya movie ka trailer hai sadak2 .,0,2020-08-15 10:18:54
@TheRazmatazum,Acha lagta hai young India ko jaagte hue.,0,2020-08-15 10:18:50
@sunilbhungliya4140,I will never see this movie because of Ali and Mukesh Bhatt. We boycott them and other star kids of Bollywood. We just need good talent in bollywood.,0,2020-08-15 10:18:44
@kishorparmar6792,only dislike,0,2020-08-15 10:18:43
@shivverma5275,Dislike this movie,0,2020-08-15 10:18:39
@polasamoharam9880,#i hate ali,0,2020-08-15 10:18:28
@MrKhan-pi2yb,Usless trailer,0,2020-08-15 10:18:28
@sandeepsingh-en7vo,Bakwas,0,2020-08-15 10:18:27
@radheshyamswami1591,,0,2020-08-15 10:18:22
@anilkumarkushwaha2300,Deshbhakti desh hit janhit ke liye please koi bhi film ko na to dekhe na hi download kare or na hi cinema dekhne jaye apka bahut bhut dhanyawad denge ssr ke ghar wale in acters ki koi film na dekhe alia bhat mahesh bhat kapoor khandan Khan itc,0,2020-08-15 10:18:12
@wahidbaig87,"I am watching sadak 2 I am waiting for it since 2013 when there is only rumors Alia is good actress Makarnd desh is good actor to finally prove himself Gupta sahab Grover Maine sushant ki bomeyshek bakshi pe b support Kia tha jub ye Saray chutiya prender Fast7 dekhany Gaye thay Sushant ki kadeenath , bomeshyk bakshi ko maine b pasand Kia tha bht Kadernath to semi hit rahi But bb is flopbuster",0,2020-08-15 10:18:10
@गौरवरंजन,2 month se kisi ko SSR k liye justice nhi chahiye tha but Ab jb sadak 2 k 10m dislike Ho gye tb Varun dhawan or pariniti Chopra ko SSR k liye justice chahiye....,0,2020-08-15 10:18:06
@wondernature2205,Don't watch this movie,0,2020-08-15 10:18:05
@ritusingh7060,Bycott,0,2020-08-15 10:18:03
@manavdas9494,Mujhe Bohot Dukh Lagg Raha Hain Alia Kaise Sehga Itna Unlike,0,2020-08-15 10:17:53
@himanshushukla307,Its time to show the power of Audience...Tum logo ko hamne banaya ab hum hi tumhe..............,1,2020-08-15 10:17:52
@niranjansharma6017,Who is this horine,0,2020-08-15 10:17:51
@mayur1397,Did someone check how they reduced the dislikes. Youtube is getting paid sick for pleasing bollywood biggies.,10,2020-08-15 10:17:36
@manindersidhu7379,Sanjay Dutt best .... but bicot alia Bhatt,0,2020-08-15 10:17:35
@bladegaming5816,Chutya movie but Sanju dada is best I love him,0,2020-08-15 10:17:27
@dhanjith4581,Who searched this video to dislike...,138,2020-08-15 10:17:18
@amanthakur2847,Movie to mst h but horoine glat le lii,0,2020-08-15 10:17:16
@hethan89,"Not here to dislike the trailer. I wanted to watch the trailer genuinely, but after watching this I think this one definitely deserves a dislike because of the story and all. But definitely not cause of SSR.",0,2020-08-15 10:17:15
@दुखीआत्मा-ङ4ब,Ek dislike mera bhi,0,2020-08-15 10:17:05
@Sushant_kshirsagar,To Pooja Bhatt don't appreciate my comment....I am true hater of Alia Bhatt right from her first movie....Her acting skills are ***t,0,2020-08-15 10:17:03
@manishrajpoot2325,my dislike Mahesh bhatt ke liye,0,2020-08-15 10:17:01
@sushmitadas4843,,0,2020-08-15 10:16:59
@AmitSolanki4U,,0,2020-08-15 10:16:56
@nunnajayanthchowdary2377,Even binod disliked it,0,2020-08-15 10:16:49
@shampamajumder7938,Boycott,0,2020-08-15 10:16:46
@dhirajsarma6541,Jdi tumi axomiya...sadak2 tt dislike kra,0,2020-08-15 10:16:44
@anilkumar-zc6bz,Mahesh bhatt ki Maa ka bharosa,0,2020-08-15 10:16:44
@jayshukla7782,,0,2020-08-15 10:16:41
@jeetsexperiment222,Better i-pill ka advertising kar dete dadaji..,0,2020-08-15 10:16:40
@ruhisingh4774,ye movie koi nahi dekhega,0,2020-08-15 10:16:39
@thekingofmemespur43,Bkwas,0,2020-08-15 10:16:30
@rielirudy1501,Salman khan is the next dislike man . We're waiting for you Sallu,0,2020-08-15 10:16:26
@kajalshastri7075,Bhadwa k film kon dekhega ab sadak laya ab nala film leke aa jao.fer gattar film leke ana.bs yahi to kam h tera mukesh bhadwa,0,2020-08-15 10:16:21
@mpoojary8626,Who just came to dislike the video,1,2020-08-15 10:16:16
@MUKILANK-nr9ws,Dislike My job is done,0,2020-08-15 10:16:14
@Aman-o16jp,Hum Sab milkar inko sadak pe late hai Ap ho saath,0,2020-08-15 10:15:54
@Aman-o16jp,Hum Sab milkar inko sadak pe late hai Ap ho saath,0,2020-08-15 10:15:54
@meenakshikanojiya4515,Dislike Done.,0,2020-08-15 10:15:50
@MUKILANK-nr9ws,Punda,0,2020-08-15 10:15:38
@anilkumarkushwaha2300,Sab koi is film ko dislikes do,0,2020-08-15 10:15:32
@kranthim333,I just came here to dislike...,0,2020-08-15 10:15:28
@adruttinayak6602,Sadak chaappp,0,2020-08-15 10:15:28
@guddujoshi8139,Bakwash...,0,2020-08-15 10:15:20
@naushadalam-mh1gb,"Trailer etna boaring hai, socho film kitna boaring hoga...yr release krne se pahle dekh lo film bani hai ya",0,2020-08-15 10:15:12
@deepjyotikalitajyoti5619,Miss you sushant sing rajput,0,2020-08-15 10:15:01
@arunsrec2468,Everyone report please may shusant win please my brother,0,2020-08-15 10:14:58
@santoshmene860,Boycott,0,2020-08-15 10:14:57
@ashokkumarnaskar2236,Chi koi bhi bhatt ka movie nahi dhekna ha mujha,0,2020-08-15 10:14:57
@satvikgupta838,Abe chutiyo faltu ka Dislike kyu kar rahe ho mc,1,2020-08-15 10:14:55
@arpitastudystudio8660,Kalank 2 name hona tha,1,2020-08-15 10:14:55
@santoshmene860,Boycott bollywood movies,0,2020-08-15 10:14:50
@anilkumarkushwaha2300,Bihar ko galat sabit karne wale chahe kuchh bhi kare use kutte ki dasa bhogna hi padega,0,2020-08-15 10:14:49
@msmahi3332,Kis kis na bina dekhe dislike kiya,0,2020-08-15 10:14:45
@mastermind7403,"Sorry, Maine bhut late kar diya dislike karne me.... I'm really sorry Kar diya Aab mere mon ku Shanti mila.",0,2020-08-15 10:14:29
@shitalborse4627,any publicity is good publicity' or 'there's no such thing as bad publicity' is said to emphasise that it is better that something receives bad publicity than no publicity at all.,0,2020-08-15 10:14:27
@Sasi_1002,I disliked this crap without even tap on play Who like me here?,63,2020-08-15 10:14:20
@cricketmania6933,Mission dislikes..ikkada dislike kodithey akkada bhatt gadiki shake avvala..jai ssr,0,2020-08-15 10:14:05
@farheenash,Can't help but like it for Sanjay Dutt.i know we all dislike nepotism but Sanjay dutt is fighting for his life as well,1,2020-08-15 10:14:04
@akm3115,Ma bahane ak kar denge Jo garibon ka support Nahin karega,1,2020-08-15 10:14:01
@arunsrec2468,Please report this video everyone,0,2020-08-15 10:13:56
@Kaushalkishor672,Aliaa.,0,2020-08-15 10:13:52
@Jellypadd,Ghatiya,0,2020-08-15 10:13:41
@sanketphadtare6907,Justice for SSR Shame on fkboi MB,0,2020-08-15 10:13:36
@GaneshPawar-tx5wl,Failed movie and those actors,0,2020-08-15 10:13:25
@RiyaBasu,"Keeping nepotism and Sushant aside, this trailer actually deserves all the dislikes!",98,2020-08-15 10:13:20
@shaludfundu,"Disliking because, I really didn't like a single thing in this trailer.",11,2020-08-15 10:13:18
@yashitappu7528,I dislike it without watch it,1,2020-08-15 10:13:16
@pragatishukla9797,I love u sushant sir...,5,2020-08-15 10:13:15
@akm3115,Sushant Singh Rajput main is movies ko kya dislike,1,2020-08-15 10:13:11
@arjunsingh770,"I don't like this movie. , , , / 2 / /",0,2020-08-15 10:13:00
@vinayav.6569,"Sadak 2 is on ""sadak """,0,2020-08-15 10:12:54
@rajugaur3450,Abe chutapa film h,0,2020-08-15 10:12:49
@rggamer4993,"Alu and sanju both are disgusting..,",0,2020-08-15 10:12:45
@MrSakha96,Plz don't watch,0,2020-08-15 10:12:42
@shaikhwahaj7590,Starting ka music hi aacha laga pury video my,0,2020-08-15 10:12:38
@shyamkumarmohanan6583,#Justice For Sushant Sing Rajput..,1,2020-08-15 10:12:33
@sancharisenchaudhuri3801,Some people are very happy as Jishu Sen Gupta is there...but in the casting we are unable to find his name....NEPUTISM(JUST LIKE DIL BECHARA),0,2020-08-15 10:12:31
@ankitchauhan615,Sanjay dutt k liye ek like,0,2020-08-15 10:12:07
@srinivasaedla7123,Dislike not because of alia sadak was good love story why to make sequel to disgrace it what all they do for money.,0,2020-08-15 10:11:50
@abhaystatusmakers7155,Movie hit hogi,0,2020-08-15 10:11:45
@deepuyadav2920,Boycott mahesh bhatt Alia Bhatt Justice for SSR,0,2020-08-15 10:11:38
@janaganidineshkumar4009,Must and should every one . every day put a comment ( hate alia Bhatt),0,2020-08-15 10:11:23
@santoshpandey9527,Sadak 2 nahi #rxxxi 2,0,2020-08-15 10:11:22
@harirambhusnar6698,,0,2020-08-15 10:11:20
@haryanvisongstatus552,I am big fan sanjay dutt sir,0,2020-08-15 10:11:18
@arohidey6064,The story of the movie revolves around Mahesh & Puja Bhat & Their Love Child Alia Bhatt. One more thing Alia Bhat was born on Sadak... that's why the title of the movie is Sadak,0,2020-08-15 10:11:11
@jdsurgeonofdeath671,Sanju sir hope u recover soon,1,2020-08-15 10:11:09
@shivrecordsr6365,Flop,0,2020-08-15 10:11:08
@pargatsingh183,234k likes only for Sanjay duty,0,2020-08-15 10:11:06
@priyanshudas8805,Louda movie,0,2020-08-15 10:11:06
@shivrecordsr6365,Flop,0,2020-08-15 10:11:04
@harshprajapati2769,Bekar,0,2020-08-15 10:11:04
@shivrecordsr6365,This movie flop,0,2020-08-15 10:11:00
@shivrecordsr6365,Flop,0,2020-08-15 10:10:42
@rinurony1817,Bad film.. Bakwas alia..,0,2020-08-15 10:10:42
@HarshSingh-ic7zd,10th disliker of this gatiya trailer,0,2020-08-15 10:10:30
@alexajay4405,Jisney yeh trailer ko sirf Sanju Baba k liya like kiya please hit like,0,2020-08-15 10:10:29
@sarojanibharti1901,Bekar bndi alia kuttti,0,2020-08-15 10:10:15
@abrarahmed1058,Meri zindagi k 3:02 minutes vapas karo jo mai ne yeh trailer dekh k waste kiye,0,2020-08-15 10:10:09
@saumyasinghrajput4799,Congrats most disliked video hope youll get many more bad luck guys not anymore star kids,0,2020-08-15 10:10:02
@balramsahu8312,Not good,0,2020-08-15 10:09:55
@harenderkhndsaliya4417,thoko dislike,0,2020-08-15 10:09:49
@pradipkumarparida2043,Bhai kaise like kar teho sab Jan ke bhi boycott bollywood,0,2020-08-15 10:09:49
@santoshpandey9527,Disliked trailer,0,2020-08-15 10:09:36
@UnseeN17372,Masheh ki maa ki ... Buddha sala... Marja carona se... Bhagwan uthale ise badle main jo mangle de dunga,0,2020-08-15 10:09:19
@vivekmishra5372,Backwash hai,0,2020-08-15 10:09:18
@janaganidineshkumar4009,Hate nepotism .Alias father big nepotismist,0,2020-08-15 10:09:13
@Injoywithmk,I Know Who is Binod,0,2020-08-15 10:09:08
@skyrock2266,Guys the least you can do for our Sushant is ban these movies ....please don't watch them ...don't spend a penny on them .,0,2020-08-15 10:09:02
@dhirendrakumar575,Ye film bihar me nhi chalega aaliya bhatt ko fanshi dena chahiye......,0,2020-08-15 10:08:49
@richejackson7652,How many of you disliked after video,0,2020-08-15 10:08:44
@Hunter42-9,Who hate alia bhatura Like here,0,2020-08-15 10:08:43
@pritika2764,aaye the yha bs dislike or report krne 10 sec. me kaam krke hm to bhyi ab chl pde.,0,2020-08-15 10:08:43
@sidhartawithaquatic8218,Buro bhater boii asche burobhater notun bou rehar sathe baler boi dekhbo na,0,2020-08-15 10:08:37
@saritatiwari3087,I am just dislikeing trailer because of alia...but Sanjay duty sir is just amazing...,0,2020-08-15 10:08:33
@santanusarkar9135,Alia vatt go back the Bollywood movie,0,2020-08-15 10:08:24
@ajithchandran7348,Where is that 8 million dislikes man,0,2020-08-15 10:08:21
@M_jhanov21,Boycott,0,2020-08-15 10:08:19
@assamese5101,Don't watch ...dislike only guys,0,2020-08-15 10:08:19
@phibakorislanongbri5040,More and more dislikes plz I didn't watch the trailer I just opened to dislike it,0,2020-08-15 10:08:13
@akashsalunkhe6677,Faltu,0,2020-08-15 10:08:12
@ManojKumar-xr7cn,In sb ki ma k bosda,0,2020-08-15 10:08:00
@ImDAgarwal,Dislike just because Mahesh bhatt boyfriend of Rhea Chowdhary and Alia Bhatt daughter of Pooja Bhatt and Mahesh Bhatt .. Fuck You Guys .. You killed Sushant Singh Rajput,0,2020-08-15 10:07:55
@sumityadav-zp4zo,Alia kuti,0,2020-08-15 10:07:53
@vikrant81,bad movie,0,2020-08-15 10:07:46
@sarnaw1594,Wow! now she'll know his power the power of an honest person even after death she'll never ever forget him now nobody in in this Joker mafia will forget him now the ones who use to make fun of him or the ones who use to ask who SUSHANT?,0,2020-08-15 10:07:43
@abhijitsaikia2278,all.joker,0,2020-08-15 10:07:37
@kamal7514,Chindi chor budhaa saala aisi hi anpadh beti teri acting bhi dhang say nhi aati,0,2020-08-15 10:07:36
@prachisharma348,Ab Marega ye sala Mukesh bhatt Apni kachre jaise Beti Alia Bhaat K sth,0,2020-08-15 10:07:16
@souvikchowdhury2350,Madarchod dislike marr ....Chutiya buddha ........,0,2020-08-15 10:07:11
@priyankabhowmik1294,Baakwass movie . Samajh Mai a gaya.. dhurrrr,0,2020-08-15 10:07:10
@plabitasgold6744,,0,2020-08-15 10:06:40
@Karna1234-c9r,Justices for susath Singh rajput,0,2020-08-15 10:06:39
@AJAJ-vp2kp,"Stop watching the trailer, they will still make money just by the views!! No point!",0,2020-08-15 10:06:39
@snehhapal82,Bekar film..... it is completely a waste of time......,0,2020-08-15 10:06:33
@sultanpurofficial_,Tatti tailer,0,2020-08-15 10:06:29
@Harishsahu-ny9xr,Indian gaana club,1,2020-08-15 10:06:25
@rajnikataria8664,Ye to hamre,0,2020-08-15 10:06:22
@devbhoomi7718,Fake actress and actor,0,2020-08-15 10:06:21
@NikitaSingh-ks4fg,Everybody should dislike this trailer and don't watch. Please supports for Sushant bhayai raj Ki beti Rani Nahi bangi raj to Bo banega Jo haqdaar hoga mein kya Puri Bihar mein bhi ye movie Nahi chal gi,0,2020-08-15 10:06:21
@Rajkumarwith,Boycott nepotism,0,2020-08-15 10:06:16
@vasukumar7397,Alia Bhatt lafoot munda,0,2020-08-15 10:06:16
@inaam3210,DISLIKE FROM KERALA,0,2020-08-15 10:06:15
@storyforashutosh,Boycott mahesh bhatt,0,2020-08-15 10:06:12
@eddie3143,Just came here to dislike!,0,2020-08-15 10:06:12
@MADHUKRMCOM,.. #Jai ho shushanth singh ji,0,2020-08-15 10:06:09
@parthjoshi7964,Kya bakwas hai,0,2020-08-15 10:06:02
@sunigowda4723,,0,2020-08-15 10:06:02
@techaadarsh2977,Dislike bor,0,2020-08-15 10:05:57
@reshmikumari5318,Chal gaya betta tumlog ka movie ab to tumlog sabke movie ka watt lagne wala hai,0,2020-08-15 10:05:56
@monikaverma1431,Bakvas family,0,2020-08-15 10:05:55
@Viishakhaa,Open this trailer to just dislike,0,2020-08-15 10:05:53
@anubhavpandey8371,Bina dekhe log khenge Ye kya *hutiyapa hai,0,2020-08-15 10:05:52
@GoodSinner,1.8M,0,2020-08-15 10:05:50
@saaj-f8e,"Dislike kari thik hai lkn views bhi kyu de rahe ho, boycott karo toh sahi se karo yaar.",0,2020-08-15 10:05:48
@BabyOmisha23,Boycott,0,2020-08-15 10:05:39
@piyushsoni4100,Boycott bollywood. #justiceforSSR,0,2020-08-15 10:05:35
@krishnapandey5520,Bakwas....,0,2020-08-15 10:05:34
@mayanktiwarifly,Bollywood ki kahani khtm kya?,0,2020-08-15 10:05:24
@its_mehh102,aaj kal ek baat sach ho gayi ki sabka time aata hai,0,2020-08-15 10:05:17
@vasukumar7397,Only for Sanju Baba Andrah pradesh Visakhapatnam fans Sanju Baba. Sanjay Dutt Saab,0,2020-08-15 10:05:16
@ja8ravinder934,Saalle gandve ho tum jo bhi isse like kre,0,2020-08-15 10:05:16
@funny_memer_rk,What happens ..if dislike button counts when we hit again and again,0,2020-08-15 10:04:52
@desilooog,,0,2020-08-15 10:04:46
@Karna1234-c9r,I think 2.3 likes are fake,0,2020-08-15 10:04:45
@timpaul8125,Superb,0,2020-08-15 10:04:45
@madhurikumari7635,I really respect sanju baba and love the acting skills of Aditya roy Kapoor but I really hate Aila bhatt she is very mean and (a kala dhabbha on insdustry ). Waise v saap ka bachaa toh saap hi hota.... We can't forget our SSR how these Mahesh bhatt and others killed him. dislike as much as possible,0,2020-08-15 10:04:44
@yshkale,Kachra..,0,2020-08-15 10:04:42
@mathmentornk664,Sushant fans get like,0,2020-08-15 10:04:37
@swetamohanty8288,,0,2020-08-15 10:04:31
@gauravdeep3342,Bokass,0,2020-08-15 10:04:12
@Arhamsalmani2269,Khoob kro dislike,1,2020-08-15 10:03:50
@sarastamang4562,Boycott,0,2020-08-15 10:03:46
@bharatnarode6586,Mujhe ye pta nhi chala ab tk ki esko etna dislike kyu mila hai,0,2020-08-15 10:03:32
@gauravjangir4144,Nepotism ki aulad sali bhadwi,0,2020-08-15 10:03:27
@narayanprajapati7574,,0,2020-08-15 10:03:26
@ujjwalgautam5738,Dislike movie in logo ki,0,2020-08-15 10:03:18
@hareekeena1384,Hinduphobic element is the only reason I am disliking this trailer. Seems like they have edited some portions from the trailer. I came here from YouTube recommend ads..,1,2020-08-15 10:03:17
@durgeshpandit6941,,1,2020-08-15 10:03:17
@gokiddish1321,Ek dum TT trailer pehli wali ka nasha utaar diya.,0,2020-08-15 10:03:14
@MrUnknown0199,10 million dislikes We did it,0,2020-08-15 10:02:57
@abhijithazhikkara4129,"Beautiful film, but I just came here to dislike",0,2020-08-15 10:02:56
@ManishKumar-ro7jn,Binod,0,2020-08-15 10:02:54
@ashishnegi5806,views,0,2020-08-15 10:02:54
@karthik.g7114,Who ever think those are fake likes.......like here.....,0,2020-08-15 10:02:49
@sunshine...9090,NEPOTISM murdabad,1,2020-08-15 10:02:48
@sushantakarmakar968,RIP Mahesh Bhatt,1,2020-08-15 10:02:43
@nezha8336,Ethuku bro ippa itha dislike panringa ella,0,2020-08-15 10:02:33
@asharampenter5235,Alliya hate,0,2020-08-15 10:02:31
@sudiptaroy9684,"Her baap inspired by Saif khan, and preparing for new family planning",0,2020-08-15 10:02:26
@shibamurfsb9031,Bal,0,2020-08-15 10:02:24
@ramabaikharate49,Sry sanju baba,0,2020-08-15 10:02:22
@asharampenter5235,Dislike me,0,2020-08-15 10:02:12
@ShubhamSingh-xl7hn,Narak 2,0,2020-08-15 10:02:10
@shaikimran9763,Sadak chap trailer,0,2020-08-15 10:02:07
@greenlandpublicschoolranch8366,Hate it,0,2020-08-15 10:02:06
@unknownruler6425,Ad for dislike,0,2020-08-15 10:02:02
@MohitSingh-gd2ur,"A movie chala ga tho Sharif Sanju Baba ke waja se nahi tho ekdam flof 100,%",0,2020-08-15 10:02:00
@naiyer5904,Nice trailer,0,2020-08-15 10:01:58
@vinodsaini277,Nhi dekhni nhi chaye boycott,0,2020-08-15 10:01:55
@soumyojotylchakraborty4108,Hum nahi dekhenge....#justiceForSushant.,0,2020-08-15 10:01:46
@vinodsaini277,Falopppppppppppp,0,2020-08-15 10:01:36
@devrajsinghchouhan4885,Sanjay dutt and Sidharth is best actor ever but I hate this actress __________no words,0,2020-08-15 10:01:35
@astukush4114,Or koi heroine nhi mila,0,2020-08-15 10:01:27
@kirtisharma5816,Gatiya,0,2020-08-15 10:01:25
@ramkumarmathur5838,"Iski movie Kabhi nhi dekhe ge ye Kabhi meri favourite thi but ab nhi bo to aap samjh gye hoge ,",0,2020-08-15 10:01:17
@happyjena7217,Nonsense movie,0,2020-08-15 10:01:16
@AjaySingh-ye8pj,Bollywood se nikaal do Star kids ko jitne b hai,0,2020-08-15 10:01:16
@means7822,One fact.. U search this for disliking...It didnt recommended to u,9,2020-08-15 10:01:15
@anooplawaniya5701,Super flop,1,2020-08-15 10:01:09
@akulah2,"Congratulations for all cast,, can't wait for this.",2,2020-08-15 10:01:09
@teezee5168,Ab to sharm krlo,0,2020-08-15 10:01:03
@harshSharma-dr2wd,Total waste,0,2020-08-15 10:00:59
@anmolshashiyadav7373,Fake guru nhi fake tumlog ho real life me kameeno kaliya budhdhi,0,2020-08-15 10:00:59
@shivakumarv4518,Dislike,0,2020-08-15 10:00:58
@goldy_thaper8905,Congratulations for 18lkh dislike,0,2020-08-15 10:00:50
@kundankewat1314,Maine sirf dislike krne ke search kiya bs,0,2020-08-15 10:00:40
@asharampenter5235,Thank you bro for dislike this tralar,0,2020-08-15 10:00:40
@dolidolimardi1934,Vad mai jawo sala vatt family koi Eska movie Mt dekhna sala chutiya,0,2020-08-15 10:00:31
@samarthgupta5592,Sadak 2 is at sadak now ... well deserved,0,2020-08-15 10:00:27
@omendersharma2641,Most disliked trailer I ever seen,1,2020-08-15 10:00:21
@jananichakkaravarthy,Dislikes,0,2020-08-15 10:00:21
@The2345600,Still 1.8 M dislikes... Hurry up guys...,0,2020-08-15 10:00:19
@adityakumawat5187,Ye jo likes dekh rhe ho naa vo nhi sunjay sir ki vajah se h nhi to . Ye bhi aate,0,2020-08-15 10:00:19
@dilbharkitchen1895,Sanjay is the best but Alia no.... because of her.I am going to dislike the trailer ok,50,2020-08-15 10:00:09
@chetnasingh3355,"Are. Yar. Sab. Dislike. Kro. ,,,,,is. Aaliya. Ko,,,,",0,2020-08-15 10:00:08
@ranvijay7792,Very poor movi hone wali h Boycott,0,2020-08-15 10:00:06
@archnasingh2875,Bakwass,0,2020-08-15 10:00:03
@208divyakalambe3,Open the trailer and dislike without watching my job is done give more dislike this trailer,0,2020-08-15 10:00:03
@NitishYadav-ib5xc,Sorry sanju sir,0,2020-08-15 10:00:00
@debasishbanerjee3600,Very bad,0,2020-08-15 09:59:50
@asharampenter5235,I don't like this movie.,6,2020-08-15 09:59:33
@litegamerlitegamer3329,Ooooop,0,2020-08-15 09:59:23
@ms_sparrow,Bakwas,0,2020-08-15 09:59:22
@hemavathy2408,This trailer shows that unity of Sushant fans strength. This is starting .........,67,2020-08-15 09:59:20
@rajasthanpolice8609,Bkwas movie I hate,0,2020-08-15 09:59:20
@rohitsahu1271,Plz same dislike pathan movie frnds,0,2020-08-15 09:59:11
@tejasbhongale4497,sorry sanju baba,0,2020-08-15 09:59:05
@asharampenter5235,I love SSR,1,2020-08-15 09:59:05
@αααα-ο9τ,Chutiyapa trailler,0,2020-08-15 09:59:04
@dolidolimardi1934,Sale dogle Mahesh vaduwa ka koi v video like Nhi krege sala Randa aadmi,0,2020-08-15 09:59:03
@asharampenter5235,I hate aliya,0,2020-08-15 09:58:47
@yash2326,Yarro bathapath dislike thok dooo Miss u sushant sir#SSR,0,2020-08-15 09:58:46
@shivusahay,Who is this women ??? Such a bad acting and she call herself a star .... Who is president of india,3,2020-08-15 09:58:39
@reenasahu5279,Boycott batt family,0,2020-08-15 09:58:28
@ranidengarani3377,,0,2020-08-15 09:58:28
@shubhambhairwar6872,,0,2020-08-15 09:58:26
@AmitPandey-ij7mf,"Very bad movie like full fill from nepotism and gangism, also they all terorist in this movie all actors and actresses.",0,2020-08-15 09:58:25
@ayushjain7384,Binod,0,2020-08-15 09:58:25
@asharampenter5235,I hate aliya,0,2020-08-15 09:58:22
@omkarsingh-yn4hi,Dislike movies,0,2020-08-15 09:58:21
@aayushi685,Bakwas picture #SushantSinghRajput #justice4sushantsinghrajput,0,2020-08-15 09:58:20
@jonakijonaki9059,Sadak Chap movie,0,2020-08-15 09:58:16
@ravu4411,Alia batt haters hit like Love you sushant ever being in our heart alia get out,0,2020-08-15 09:58:11
@nandapal7834,Pls guys don't watch this movie....but see trailar & disliked also.....for SSR we want justice remember guys .....unity is very imp for SSR,0,2020-08-15 09:58:10
@asharampenter5235,I hate alliya,0,2020-08-15 09:58:04
@roshnisingh5102,"No, I don't like this movie and also Alia bhatt",0,2020-08-15 09:58:03
@asharampenter5235,Dislike,0,2020-08-15 09:57:46
@asharampenter5235,Dislike,0,2020-08-15 09:57:33
@somaroy8347,Bhat famaly chutiya hai,0,2020-08-15 09:57:31
@hemantsingh4561,Only bycottttt Not going 2 c anyomre@ Justice for SSR,0,2020-08-15 09:57:24
@asharampenter5235,Dislike alliya,0,2020-08-15 09:57:22
@hemanegineginegi2957,oversmart alia,0,2020-08-15 09:57:18
@The_Moody_Bong003,"Ghatiya director, ghatiya actors, as a whole ghatiya logo ki ghatiya kaam...",0,2020-08-15 09:57:16
@sdchanel1930,Sorry for sanju baba,0,2020-08-15 09:57:10
@sujitraul1097,No Bollywood movies untill justice to SSR.,0,2020-08-15 09:57:10
@spk4426,28 August ko maja aayega...jab bhar bhar ke gaali padegi aur IMDB me iska rating 1 aayega,0,2020-08-15 09:57:10
@amanssw4u,"Ye mahesh bhatt group murdabad, jo apne baccho ka na hua wo kiska hoga",0,2020-08-15 09:57:01
@neeruchhetri5661,I don't know about picture bt I hate alia,0,2020-08-15 09:56:58
@lhingbemthomsong1721,Boycott Alia and karan johar movie if there is no justice for Ssr,0,2020-08-15 09:56:55
@lorekarravi,"Dont watch movie , create a lession",0,2020-08-15 09:56:52
@sumitsangwan902,Sanjay sir love u but bhat ke butts kro cut,0,2020-08-15 09:56:47
@gumansinghrajput1777,Salo bhadvo tumari bhen ma ko to randi bna cuke ho des ki kyu marne lge ho bhadvo,0,2020-08-15 09:56:44
@chetansrivastava1,Make this gangster operated Bollywood business a dead industry. Completely boycott and leave no stone unturned..,0,2020-08-15 09:56:43
@asharampenter5235,Not like,0,2020-08-15 09:56:41
@krunalichavhan783,I hate alia bhatta,0,2020-08-15 09:56:40
@DevilPlayz77,Ji varke dislike karo yaaro,0,2020-08-15 09:56:36
@kalpeshthakare8862,"Pls Dislike kro aur ""genius World record "" banao.. kyounki dikhlao inhe hum chutiyoki film nahi dekhte",1,2020-08-15 09:56:33
@gurbhejsingh787,Bakwas,0,2020-08-15 09:56:23
@spk4426,Ye 2.3 lakh log koun he. Kahan se aate he ye log ?,0,2020-08-15 09:56:17
@lovelifelivelifewithanagha,Pathetic... Trailor is soo bad movie wld b God only knows,0,2020-08-15 09:56:10
@anuragverma7442,Oooo yyyy bbk,0,2020-08-15 09:56:08
@Kundansinghrajput2.0,Faltu,0,2020-08-15 09:55:53
@shivamrajput1557,I hate mahesh Bhatt movies,0,2020-08-15 09:55:47
@Sarojpradhanଅଭୁଲାସ୍ମୃତି,Dislike :-[,0,2020-08-15 09:55:42
@kartiksingla2237,Bekar...,0,2020-08-15 09:55:38
@Ganjupanga,Chor sale,0,2020-08-15 09:55:26
@GitaDevi-tg6pq,Alia teri chut,0,2020-08-15 09:55:23
@lockfrp2888,Madarchod movie.,0,2020-08-15 09:55:14
@ajzal4473,Alia haters,0,2020-08-15 09:55:09
@rajeevkumar787,Boycott movies of nepotism actress,0,2020-08-15 09:55:09
@vprasadngaming8003,Mera kaam tha dislike karna ho gya ........lol,0,2020-08-15 09:55:02
@theCrazyboy97,Bkvas,0,2020-08-15 09:54:47
@preetisharma4225,Who dislike the trailer without even watching,226,2020-08-15 09:54:45
@satyamjaiswal1464,Sorry Aditya,0,2020-08-15 09:54:44
@dipakchaudhari7953,Bangar,0,2020-08-15 09:54:43
@Themadcap.lonewolf,"Are yaar dislike mat karo yaar buri baat,..... Lage haanth dislike ke sath report bhi krdo.",0,2020-08-15 09:54:38
@ranjanbehera3351,Without watching I am glad to dislike . Justice to ssr,0,2020-08-15 09:54:36
@shivamkarbhari2499,Snju sorry,0,2020-08-15 09:54:34
@KindooTV,South indian movies jindabad......... Old indian movies jindabad....,0,2020-08-15 09:54:33
@jagabandhusahoo9165,Jin logo ne like kiya he na wo sale desh me galat karne bala ko samarthan karte he. E sale ko tab samaj me ayega jab galat un ke sath hoga.,1,2020-08-15 09:54:32
@habibshaik4477,"One dislike, my job is done",0,2020-08-15 09:54:26
@hemantdhanvant5677,,0,2020-08-15 09:54:26
@rajeshbaro110,Open this trailer just to dislike it.,1,2020-08-15 09:54:24
@tabitatigga4736,I'm the only one jisne alag alag account se dislike diahn,1,2020-08-15 09:54:17
@mangalsingh6170,,0,2020-08-15 09:54:06
@nandapal7834,Alia....sukhadiya vesse hi alia...boycott khud ko hi karava liya,0,2020-08-15 09:54:03
@R.Manjunath_Bhosale,MAHESH butt & his family,0,2020-08-15 09:53:58
@leelakrishna7168,We Dont watch this movie,0,2020-08-15 09:53:37
@vprasadngaming8003,Aree tum sadak par hi pade rehne for everyone (except sanjay dutt ),1,2020-08-15 09:53:20
@niharikarajput1672,Bkwas,0,2020-08-15 09:53:11
@akshaykushire10,Most dislike movie,0,2020-08-15 09:53:06
@ravikantrai1994,Alia to baz gai,0,2020-08-15 09:53:02
@mahendraxthakur,I don't like Bollywood movies,0,2020-08-15 09:52:56
@Truth25,Come here to dislike,0,2020-08-15 09:52:53
@niharikarajput1672,Faltu,0,2020-08-15 09:52:49
@pracharbhartipurnia,Very bad movie in the industry,0,2020-08-15 09:52:46
@karankaransingh9636,Aadak chap hiroin,0,2020-08-15 09:52:44
@techrespo,Randibaaj movie,0,2020-08-15 09:52:43
@sanketshah994,Enough is enough..Excuse us.. No more nepotism please..,0,2020-08-15 09:52:37
@oshinsehgal5610,If any one ever loved shushant Singh rajput BOYCOOT ALIA BHATT ....,1,2020-08-15 09:52:34
@vengateshevaraj5130,Who dislike without watching,1,2020-08-15 09:52:32
@d-p-n-s-h-u,Pure Nepotism...,1,2020-08-15 09:52:31
@Dragonn20,sallu ke movie trailer Postponed ho rahe hai,0,2020-08-15 09:52:26
@Hitman1976-f8e,This dirty film will only be watched by Bhatt family and Rhea .. the entire nation will boycott it.. #Justice for Sushant.. #CBI for SSR,0,2020-08-15 09:52:18
@nandapal7834,Fake newsers soch rahe h ki agar hum essa bolenge ki sanjay dutt ko cancer ho gaya aur uske vajah se hum movie dekh le to ye galat soch h unki,0,2020-08-15 09:52:17
@ShafiKhan-uz1dx,Shayad Sanjay dutt ke liye mai ye film dekh loon but never for alia bhatt.. Koun koun alia ko hate karta plss tell,1,2020-08-15 09:52:11
@syncrealestatekanpur-kb3qy,bakwas traier,0,2020-08-15 09:52:10
@raja-superstar-v4i,I hate aliya bhatt,0,2020-08-15 09:52:07
@raghavanvimal8611,,0,2020-08-15 09:52:06
@mobilegamerz2132,Happy independence day If you hate alia and love Sushant so please Help me to achieve this goal,0,2020-08-15 09:52:05
@jayantarora7757,I don't like Mahesh bhatt. If you also don't like him give a like,1,2020-08-15 09:52:05
@pakhi1231,Another nonsense movie. Never going to watch.,0,2020-08-15 09:52:04
@biutifullneturandotherbiut93,I hete alia Bhatt movi,0,2020-08-15 09:51:58
@junedshekh7461,Sanju baba ke liye like kardo vaaapas like ka ratio badhado,0,2020-08-15 09:51:52
@superrockkumar9085,Kahavat mein Suna tha kutte ki dum kabhi Sidhi nahin Hoti Hai Aaj dekh bhi liya tum log sudhroge nahin madrachod idhar bhi trailer release kar Diya pahla jagah release kiya tha to dekha tha na 10 million dislike hua Hai are madrachod idhar bhi kam shuru kar diya phir Se Wahi kabat mein dar aaunga ek din mar jayega kutte Ki maut sab kahenge mar Gaya madrachod sudhar Jao re madrachod Alia Bhatt Teri Maa Ki choot,0,2020-08-15 09:51:46
@kingsizelife23,I just come hit dislike buttin,0,2020-08-15 09:51:40
@priyaDas-fg5nf,Dustbin film ka naam rakhna tha re baba,0,2020-08-15 09:51:37
@prashantdixit2424,,0,2020-08-15 09:51:12
@1ksubscriberswith0videocha97,Am I the one who came here to disike,0,2020-08-15 09:51:08
@hariputar3253,"When last i saw, the dislikes were 52 lakh and now its 18 lakh. How did this happened? Paisa bolta hai.",0,2020-08-15 09:51:03
@kranthiyuvika5851,I dont like movie ...beacuse sushanth tragedy,0,2020-08-15 09:51:03
@debkashyap5577,Mahesh bhatt murdabad Aliya Bhatt murdabad ..dash ki goddar he ye log movie mafiya ...sab hindu boycott sadak 2 please trend korna hai,0,2020-08-15 09:50:42
@PramodSingh-ii1ee,Aaisa nhi kro aaila bhat gai kaliya bhat ke pss dislike dekhne,0,2020-08-15 09:50:28
@kaashvisharma03,Dislike this movie.. my job is done,0,2020-08-15 09:50:26
@siddharthsingh804,Baba yr inke sath mt kiya kro movie. Ab dena padhega na dislike. Tsk,0,2020-08-15 09:50:24
@ankursaini8886,Bycoot alia bhatttt,0,2020-08-15 09:50:06
@JALLAD68,Sorry sanjay dutt,0,2020-08-15 09:49:59
@DolbyDTSStudio,Sanjay sir Polidi Voice quality....He worked awesome in agnipath movies what a heavy sound in kancha's role,0,2020-08-15 09:49:55
@anujaoliva3758,Binod,0,2020-08-15 09:49:55
@justforgaming1434,Mughe to Kuch samagh me bhi Nahi aaya Mai to bas deslike Karne Aaya tha,0,2020-08-15 09:49:52
@sumitkaushik7494,"boycotted, no one going to watch these ill hearted pathetics.",0,2020-08-15 09:49:51
@minabenprajapati8044,Kon yaha treliar ko sirf dislike karne aaya tha meri trah,0,2020-08-15 09:49:47
@nishantsadhu3117,Yeah I disliked,0,2020-08-15 09:49:44
@vinit_gharde5,Video ko sirf or sirf alia bhatt ki vajah se jyada dislike mile hai,1,2020-08-15 09:49:41
@subhrajitbarman296,Sanju Baba ke liye like diya warna gali deta...,0,2020-08-15 09:49:40
@sumitarya6243,Love u SANJAY DUTT,0,2020-08-15 09:49:31
@himanshumusicals3834,Please don't release this movie Jo jo agree krta hai like kre,0,2020-08-15 09:49:18
@ludoking9160,We love u Sushant Singh Rajput.. And we miss u.. U will always be in our heart,24,2020-08-15 09:49:17
@subrepfocounsaltent1900,Htttt,0,2020-08-15 09:49:16
@gunjankumarpandey4258,Supppp flop,0,2020-08-15 09:49:15
@shubha_Rathod,Backkkvassssss.....,0,2020-08-15 09:49:12
@thakurvlogs1472,Boycott,0,2020-08-15 09:49:12
@Jen-urs,I love aditya but am against mahesh bhatt,0,2020-08-15 09:49:04
@_shadowe.s_,Ye kachra film q dekhe g koi...,0,2020-08-15 09:49:00
@sanjayms303,Boyckot,0,2020-08-15 09:49:00
@rajkay26,Lol ARK didn't speak a word in this whole trailer..,31,2020-08-15 09:48:59
@YTSHORTS0225,Congratulations everyone.... the most dislike movie trailer is that.... just because of Alia Vatt...,0,2020-08-15 09:48:57
@superpixelated7354,Nice movie,0,2020-08-15 09:48:51
@himanshumall6013,Khuda haafiz was too good,0,2020-08-15 09:48:36
@sadiyabi9782,Sadak 2 ko sadak par kisna laya hai,1,2020-08-15 09:48:33
@aryansingh4421,mera dislike alia betichod ka lia h sirf,0,2020-08-15 09:48:31
@anupamkumar6466,DISLIKE .... ...!,0,2020-08-15 09:48:26
@AnkitGupta-kq4uv,I hate alia bhat,0,2020-08-15 09:48:25
@DolbyDTSStudio,ISHQ sach me KAMAL....Jeena be sikhata its Chain of spreading Love,0,2020-08-15 09:48:20
@friendszzzlove1949,Binod,0,2020-08-15 09:48:13
@nilanjanbanerjee0,Most hated trailer....alias career spoiled by her father,0,2020-08-15 09:48:10
@abiramis9091,How many of you came here just to dislike ????,0,2020-08-15 09:48:00
@chanchal887,I will want to see Alia Bhatt in Mastram 2,0,2020-08-15 09:47:59
@mrmililifeuncut5035,Palto trailer,1,2020-08-15 09:47:58
@goutamsaha2873,Sale ko juta jhooth se Marne Na chahe Hansi mein lagana chahie mujhe ka mala pahna do,0,2020-08-15 09:47:58
@Saurabh00037,Most dislike this tailer,0,2020-08-15 09:47:57
@minabenprajapati8044,Sabme dimag ho ye possible nahi he kyuki iss treliar ko 244k like kese mil gaye abb sabhi sushant k fan's ki tarah dimag ho ye possible nahi he isliye nahi tto i think iss treliar ko ek bhi like nahi milani chahiye addhi like tto peso se karvai hogi or adhi jo abhi bhi in k duffer fan ne ki hogi,2,2020-08-15 09:47:53
@nikkukumar4107,Hum to nhi dekhege is movie ko,0,2020-08-15 09:47:42
@MegaAshok07,I hate Alia Bhat. #CBIForSSR,0,2020-08-15 09:47:35
@aayushathapa252,This movie should be flop hate u alia bhaat I hate u a lot,1,2020-08-15 09:47:35
@prajwalsonawale480,This video dislike target 99k Jay pubg,1,2020-08-15 09:47:31
@DevotionalVIBHA77,Third grade trailer,1,2020-08-15 09:47:30
@mizanali1936,Gjb,0,2020-08-15 09:47:17
@vishaljadhav4699,3rd class trailer,0,2020-08-15 09:47:08
@rajninegi9030,Pls dont comment on this only say justice for SSR,0,2020-08-15 09:47:06
@afreenchaudhary7467,Kisi ki wajah se Kisi ki dis like mat Karo mujhe Accha laga trailer aap log trailer k liye Nahi Sushant k liye dis like kiye ho kya fark padega inko zada fark padta to 1 air Sushant jaisa case hojaega or kya fir Uske peeche Kisi or ko target Karna aap loglage raho,2,2020-08-15 09:46:57
@Angela-xd9xh,Tum baap beti ki sadak ayesi katenge hum kabhi chal nhi paaohi uss sadak par,0,2020-08-15 09:46:51
@sierra_kilo,Only mahesh bhatt ne bnayi h movie esliy nahi dekhenge.....#RIP SSR,0,2020-08-15 09:46:48
@mrrajib1821,Rubbish movie,0,2020-08-15 09:46:47
@bestsong340,Wakbas movei,0,2020-08-15 09:46:47
@debanjanbhaumik1115,Aliah bhatt......just chiii,0,2020-08-15 09:46:37
@UltimateRekxxx,Chutiya movie,0,2020-08-15 09:46:21
@marimohd2641,Love the story it just amazing aj kal log relationship may toh hai par pyar may nahi q ke pyar phele ya dosara nahi bas ek hi bar hota hai bas ek bar par aj kal log bas single ka tag hata na chate hai is liye chalbazi may kise ke bhi sat in relationship may a jate hai q ke koye pyar ko janta hi nahi na hi samjta hai,0,2020-08-15 09:46:15
@birensoren6207,,0,2020-08-15 09:46:08
@anandjain3946,a new movie from aalia bhaand,0,2020-08-15 09:45:53
@ashoksingh6758,Deslike,0,2020-08-15 09:45:49
@ResPecT.bruh.,Release matt karna koi nhii aane vaala hai dekhne ko,1,2020-08-15 09:45:47
@shikhathukral1121,Inn logo ko hrr movie k liye alia hi milti h ek hi h pure bollywood me,0,2020-08-15 09:45:45
@lakshmirawat2806,Faddu trailor,0,2020-08-15 09:45:44
@FRIENDSNEWUPDATEEDITCIRCUSPRO,Dislike,0,2020-08-15 09:45:41
@shitalbirare8257,This is ferfect trailer deserve deslike,0,2020-08-15 09:45:38
@ishaopefjc,Sadak me aagaya sadak,0,2020-08-15 09:45:37
@crick1441,i think film is good but disliked it for our brother,1,2020-08-15 09:45:33
@AnuragSingh-vs8gj,Worst,0,2020-08-15 09:45:31
@ResPecT.bruh.,Kyaa faltu trailer hai,1,2020-08-15 09:45:14
@Bestmemories28,Jo bhi likes mile hai oh sanju baba ke hai,0,2020-08-15 09:45:14
@ishaopefjc,Bekarr,0,2020-08-15 09:45:13
@sateeshdhakad7151,Sali randi Kutti Kamini gand Maar wale 500 dunga cricket se hundred rupees Jyada,0,2020-08-15 09:45:10
@ganeshsawant4607,Dislike,0,2020-08-15 09:45:02
@rajninegi9030,Justice for SSR,1,2020-08-15 09:44:53
@kanakkumardas2164,World record dislike,0,2020-08-15 09:44:51
@ResPecT.bruh.,Bhailog iss trailer parr most dislike ka record todna hai Dislike karo bhailog,0,2020-08-15 09:44:43
@vishalgavali2684,I searched this trailer only to dislike it. Love you sushant.,124,2020-08-15 09:44:32
@AmanKumar-cr6dd,film,0,2020-08-15 09:44:29
@ritik_vishwakarma438,Movie ko like mat Karo,0,2020-08-15 09:44:23
@phenomenal_muscle,Ghatiya,0,2020-08-15 09:44:23
@maheshsaini9590,Farzi actresss,0,2020-08-15 09:44:22
@susmitadasgupta3486,Total bed move I hat all felim str Love ssr,1,2020-08-15 09:44:15
@Gupta_movie,So Tatti,0,2020-08-15 09:44:02
@Anjalisingh-tz7hw,Worst trailer,0,2020-08-15 09:43:58
@sumitcreations1234,Give justice to sushant rajput....,0,2020-08-15 09:43:49
@janviraval2694,Flop movie trailer ever I seen,0,2020-08-15 09:43:41
@tanmayakumar8852,Mukesh bhatt movie boycott,0,2020-08-15 09:43:39
@zayan5839,Binod,1,2020-08-15 09:43:35
@ritik_vishwakarma438,movie To Nahin Chalegi,0,2020-08-15 09:43:34
@ujjwalgoyal1552,It broke all records,1,2020-08-15 09:43:32
@bishaldas9627,Such a disgusting trailer........ I hate this Movie trailer..... ...,0,2020-08-15 09:43:26
@vinodchaubey5030,Lund gaddaro ko,0,2020-08-15 09:43:12
@anilshukla4301,Bycote,0,2020-08-15 09:43:12
@pahaadi7198,,0,2020-08-15 09:43:11
@publicnews5586,fattu hai shala mat dekhna,0,2020-08-15 09:43:11
@kalpeshmevada2562,Dislike,0,2020-08-15 09:43:10
@EverRohit,Ye kya he bakwas ekdam bakwas,0,2020-08-15 09:43:06
@arijitsaha7361,Don't waste your time...,1,2020-08-15 09:42:59
@insectslife460,Boycott #sadak2,0,2020-08-15 09:42:55
@susandass2045,Boycott those who can't stand for their own people,23,2020-08-15 09:42:53
@vinodchaubey5030,Laura movie,0,2020-08-15 09:42:52
@rehanraj7242,Thanks for dislike to all people this is failure actor's and director's,50,2020-08-15 09:42:48
@nirajmadia6149,Bc trailer itna pakaa raha hai to socho movie kaisa hoga.. Dislike,0,2020-08-15 09:42:46
@chandankrsingh8754,,0,2020-08-15 09:42:42
@vickyvik2920,Or kini baar dislike kru ise,0,2020-08-15 09:42:40
@perrytheplatypus7173,The truth is that that these dislikes is not for the movie but for Mahesh Bhatt.,2,2020-08-15 09:42:23
@PAPU827,Boycott,0,2020-08-15 09:42:19
@sunitapanwar5223,Very dirty Mahesh Bhatt and very dirty Sadak 2,0,2020-08-15 09:42:18
@bhaveshverma7496,Ghhatiya trailer Sab ghhatiya Binod is batter ......,0,2020-08-15 09:42:16
@dsk3248,Boycott this film,0,2020-08-15 09:42:11
@pushpakbhusare9225,,0,2020-08-15 09:42:09
@rikbardhan3007,SSR,0,2020-08-15 09:41:57
@rahulpalit7217,is this a movie or a joke I am a bit confused,0,2020-08-15 09:41:43
@dikshamehan4019,Bad,0,2020-08-15 09:41:27
@siddharthsharma5149,Trailer he etna bekar h timevest faltu gandgi,0,2020-08-15 09:41:26
@trishaalhegde645,I wish there was option called not viewed as well so that views count goes zero,0,2020-08-15 09:41:24
@saiishinde868,Worse,0,2020-08-15 09:41:20
@DhananjaySingh-qk3rl,Dislike....bd do boycott frends,0,2020-08-15 09:41:18
@varunsrivastava7759,,0,2020-08-15 09:41:04
@svdesktop6138,1st #JusticeForSushant then entire Bollywood,0,2020-08-15 09:40:46
@tasleemshaheen701,I Successfully wasted my 3mins watching this Sadak h@@p trailer,0,2020-08-15 09:40:41
@Suman-gy7mp,Boycott aliya bhatt,0,2020-08-15 09:40:35
@ManojSharma-ek4dh,Sanjay dutt pls don't work with these busturd. Who's have no talent.,0,2020-08-15 09:40:34
@smusic522,Alia !!!!! Is not a good choice,0,2020-08-15 09:40:32
@_.amriit,Humko dekhna hi nahi Ha bhenchod,1,2020-08-15 09:40:30
@deepthivg7896,Hotstar... Better stop promoting nepo kids movies... Otherwise people will start uninstalling the app too,0,2020-08-15 09:40:16
@RealthoughtsIndia,I did my contribution,0,2020-08-15 09:40:14
@Ruby.111,Boycott,0,2020-08-15 09:40:11
@rakeshkumar-rz1hm,,0,2020-08-15 09:40:10
@vigneshram8204,Dislike nepotism,0,2020-08-15 09:40:09
@shivdevji,"I disliked ,&you? #stopnepotism #justiceforshushant",0,2020-08-15 09:40:03
@chandankrsingh8754,CBI,0,2020-08-15 09:40:02
@sidhraj2041,Isko bhi dislike kiya ......movie ka yahi haal hoga....abhi sadak pr aana baaki hai,0,2020-08-15 09:40:01
@harendrarajpurohit7676,Bycot Alia .....tukde gang ....bycott,0,2020-08-15 09:39:52
@chandankrsingh8754,Justice for Susant,0,2020-08-15 09:39:51
@marshaluchoi7641,This movie will be super duper isse se bi upaar duper floooooooopppppppppppp!!!!!!!!,0,2020-08-15 09:39:51
@shreyash2115,Dislikes,0,2020-08-15 09:39:48
@techvsfake4546,This is the revenge of Sushant Singh Rajput's death. Now it is the time for most egoist actor Shalman khan...,44,2020-08-15 09:39:48
@viratsen7114,Alia k sath mat banao movies,0,2020-08-15 09:39:47
@pradeepsaraswat6377,flop hai ...... admit krlo bhatt saab,0,2020-08-15 09:39:27
@roopamsingh2087,Yesterday there were 9.1M dislikes... N today only 1.8M. How come????,0,2020-08-15 09:39:27
@hardeepkaushik2097,Bkwas trailer,0,2020-08-15 09:39:16
@puspindersingh1378,Boycott,0,2020-08-15 09:39:13
@ramarabari5923,ha moj ha vat lag gai,0,2020-08-15 09:39:13
@rahulpalit7217,Is this a movie or a joke I am damn confused,0,2020-08-15 09:39:13
@haypergaming6833,mera hat apne ap hi dislike me sala gaya...,0,2020-08-15 09:39:12
@jayashaji3620,"All of you , destroy the dislike button.",0,2020-08-15 09:39:10
@aishasingh8208,Suna tha(public k) pyarr kachree ko v maha kachra bana deta hai.... #sarahuatrailer,1,2020-08-15 09:39:04
@RakeshSharma-sb1js,Ghatiya,0,2020-08-15 09:39:03
@sonusajanpharswan7209,"Hate of Bollywood ,,shame on",0,2020-08-15 09:38:55
@mantosh_vlog,Dislike reasan alaybhatt,0,2020-08-15 09:38:41
@lifeoffarzana,Breaking news Sadak movie aagayi hai sadak pelmao,0,2020-08-15 09:38:38
@mkverma2726,Binod,0,2020-08-15 09:38:35
@chandankrsingh8754,,15,2020-08-15 09:38:30
@desifun9019,Abhi to start huaa hai aliya jiii,0,2020-08-15 09:38:28
@shwetadubey9921,Just find this trailer to dislike...,0,2020-08-15 09:38:18
@GolcondaGossip,Baba ke liye like Hai mera,0,2020-08-15 09:38:17
@bindass_hasne_ka,I was very busy in my work.....but i came here to dislike this shit we don't want nepotism.....we only support true talent,0,2020-08-15 09:38:06
@RohitSharma-zt4xm,"Dekh Mahesh Bhatt, this movie will be a poor flop movie from Tera Janta Ghatiya",0,2020-08-15 09:38:05
@ManjitSingh-br7sb,hahahaha ab log bhulte nahi hai achalaga dekh k 2 lakh likes and 18 lakh dislikes wow great,0,2020-08-15 09:37:45
@sudhiryadav8496,Randi aliya,0,2020-08-15 09:37:34
@biswajitmistri8144,Worst trailer..i have never seen..and alia also..,0,2020-08-15 09:37:33
@aritrakumarsinha5049,Dislike dislike dislike. No one cares. Sadak pe la ke chodega india dekh lena.,0,2020-08-15 09:37:28
@motivation.823,Sushant ku insap do Band karo bhusri walo sarak 2,0,2020-08-15 09:37:25
@VikasKumar-ek6qo,Koi maadr chod hee hoga yo esa video ki like krga ohk,0,2020-08-15 09:37:22
@assamcartoontv1839,Binod,0,2020-08-15 09:37:17
@aashamishra55350,Justice for SSR,1,2020-08-15 09:37:08
@mohsinkahlifa6159,Jastis for susat sing rajput,0,2020-08-15 09:37:05
@vivaanrathoure5868,Ghatiya,0,2020-08-15 09:36:48
@RajKumar-oe3eo,Jai Bihar jai Bharat Shame Mahesh bhat,0,2020-08-15 09:36:40
@shubhamchauhan3657,Boycott alia #we love you sushant,1,2020-08-15 09:36:39
@akshaychambyal3566,Bekar trailer,0,2020-08-15 09:36:31
@sanjaykumarrai8447,Susant is best,1,2020-08-15 09:36:28
@namgyallamaofficial7166,"The truth is all the people who commented here saying they hate these celebs are actually contributing on increasing the views so basically you all have helped them get the views and they are earning through these views. If you really don't like them, then stop even clicking on the link and don't waste your time and energy commenting. If you are with me then let's just stop watching it. And the other truth is no matter how much angry comments you put, mahesh bhatt is not going to watch it and cry. He won't be affected a bit. The only way to affect them is by making sure that their movies or videos don't get any views.",0,2020-08-15 09:36:26
@pradeepKumar-sd2vf,I hate u aliy,0,2020-08-15 09:36:13
@prudhviraj29raj,"They deleted my dislike ,and again I disliked the video . However deleting dislikes count will not make the movie hit ,it will become the worst movie in her life. Then she will realize who is Ssr.",0,2020-08-15 09:36:12
@Quickstudychandana,,0,2020-08-15 09:36:08
@mukesh-kn6gg,Tum sab to sadak per aa k raho gey kyo dosto,0,2020-08-15 09:36:08
@neet_aspitants_ashu1482,Aliya bhatt Mai chod h,0,2020-08-15 09:35:52
@rajivsingh3371,Totally bakwas .........I dislike,0,2020-08-15 09:35:51
@satyajitkamble2732,1 .,0,2020-08-15 09:35:48
@catch____me_1432,Bc,0,2020-08-15 09:35:48
@mahendrasharma3169,Boycott,0,2020-08-15 09:35:48
@RajuSingh-kv3gd,Bakwas,0,2020-08-15 09:35:46
@rahimsekh3853,My girlfriend liked this #sadak2 trailer and now she's my X.,3,2020-08-15 09:35:45
@Quickstudychandana,it jst the starting,0,2020-08-15 09:35:39
@aceaamir1,I was really not thinking to dislike it but saw Pooja Bhatt in the trailer and had no other option,0,2020-08-15 09:35:32
@Shiladam_4,Tera picture tere bab ko dikha sanjay Dutt I respect you,0,2020-08-15 09:35:32
@faruksk2901,Main aya sirf dislike karna ka liya,0,2020-08-15 09:35:28
@Hindi_Bhashi777,Sorry sanju baba,0,2020-08-15 09:35:28
@bishubabu7277,Sanjay ko like or sab ko dislike,0,2020-08-15 09:35:23
@AjayRSardar7777,SSR ke taraf se,0,2020-08-15 09:35:21
@life_story_6166,Sorry sanju Bhai,0,2020-08-15 09:35:20
@Giogiyabu,2.3lakh like but how??? Non sense,0,2020-08-15 09:35:09
@golusolanki1856,Binod,0,2020-08-15 09:35:07
@heypandaa7643,Nonsense aliaa,0,2020-08-15 09:35:02
@biteandmunch,Ek DISLIKE to banta hai boss...,0,2020-08-15 09:34:54
@RohitSharma-zt4xm,Bhai sadak 2 movie full flop movie,0,2020-08-15 09:34:46
@avinashranjan5977,Nepotism ke keede,0,2020-08-15 09:34:40
@userdarklord9903,Tatti hai tatti trailer nahi Alia bitch aur uska fucker baap,0,2020-08-15 09:34:36
@premitoinam1505,After disliking please report the trailer so that their recommendation become lower,0,2020-08-15 09:34:14
@mastvideo8832,Not laik yes unlaik,0,2020-08-15 09:34:11
@twarian1,Most dislike movie in the world,0,2020-08-15 09:34:06
@neerajjangra9466,,0,2020-08-15 09:34:03
@pradipchandole8198,"Alia deserves likes,Sushant Singh Rajput ko insaf milna chahiye aur use milega,Agar isme alia ki galti hoti to police Riya Chakraborty aur uski family ko investigate nahi karte balki alia ko investigate karte.Dusri baat ye ki yeh suicide case tha murder nahi jo alia ko blame kar rahe ho.Jab zinda tha tab to kadar nahi ki aur jab usne depression me yeh step liya toh social media pe #supportforsushant ke hashtag lagate ho aur alia ko roast karte ho.Sushant ki death pe hum sabko bhura laga hai aur mujhe bhi laga hai par iska matlab yeh nahi ki likes ke liye kuch bhi bakwaas likh do.Me likes ki bhikh nahi maang rahi par those who agree with me and support Alia hit like.",0,2020-08-15 09:34:02
@anoopsrevisit843,Lol Aaliya is back with no acting skills....,0,2020-08-15 09:33:54
@vandanagupta224,Pathetic,0,2020-08-15 09:33:40
@sagarswain8621,#ghatiyatrailer #indianbollywoodtrailer,1,2020-08-15 09:33:18
@hareshvalani8085,Sanjuu baba bhi fas gya sale bhatt ki vajah se...,0,2020-08-15 09:33:09
@rajkumarmondal1809,We hate Mahesh Bhatt.dont want to watch in kutte ki Film. Sanjay baba we love you.,0,2020-08-15 09:33:07
@abhishekohol8669,itne dislike do ki trailer youtube se gayab hona chahiye :,1,2020-08-15 09:33:06
@MrSenblogs,Make this 1 billion dislikes video......everyone do this for shushant,0,2020-08-15 09:33:05
@siddroast3122,#cbi for ssr who is the fan of Sushant Singh Rajput please like this comment,1,2020-08-15 09:33:05
@Shiladam_4,Tor baba ko hero bana,0,2020-08-15 09:33:04
@HarshSingh-mx5eq,Plz boycott the all Bollywood movie for SSR,0,2020-08-15 09:32:47
@bapisarkar111,Boycott,0,2020-08-15 09:32:46
@AshokSingh-zz4mf,I hate this (sadak chapp) movie,0,2020-08-15 09:32:43
@niharlukka230,This movie will world flop movie,22,2020-08-15 09:32:43
@ratikantabehera3612,Pura chutiya paa,0,2020-08-15 09:32:27
@chandudhasari9681,Who's that who just came to dislike..,50,2020-08-15 09:32:26
@djteekeshflstudio683,Ye bhi Binod hai..Bc,0,2020-08-15 09:32:24
@RohitGupta-vc4bv,in sab Ko dislike,1,2020-08-15 09:32:14
@alokkulkarni1675,Boycott mahesh bhatt,0,2020-08-15 09:32:08
@rohitbhanushali9354,Bohat bekar,0,2020-08-15 09:32:04
@ManojSingh-ue6kg,Kude me dalo is movie ko sale nepotism ke thekedar # bycott sadak 2 and Bhatt family # Justice for Sushant # CBI 4 SSR,0,2020-08-15 09:31:56
@rock3810,I think only aliens watch this movie in theatres,0,2020-08-15 09:31:54
@gauravtiwari6054,I was feeling bad for disliking it without even seeing the trailer but trust me if you would watch it .. thumbs down,19,2020-08-15 09:31:51
@nikhilsawan7560,Dislike k liye daala tha kya trailer,0,2020-08-15 09:31:42
@harishprasad1862,Sorry sanju baba..but no more Mahesh Bhatt movies..disliked and will not watch this movie even if we get paid to watch it !!!,0,2020-08-15 09:31:27
@mothilalnayak2377,Before seeing this stupid thing .... Why won't my eyes blasted,0,2020-08-15 09:31:24
@Singhji7519,Inko....inki.... okaat...dikhana jaaruri......yahi moka hai..... inlogo ka okaat dikhaane ...ka........kuchh jyda udne lge hai...ab pankh kaatna hi hoga,0,2020-08-15 09:31:19
@AmarKumar-qp2mv,#hate #this trailer,0,2020-08-15 09:31:14
@chauhanmanish5820,Bakvaas,0,2020-08-15 09:31:09
@nipunsheth,Bekar....,0,2020-08-15 09:31:04
@krishansharma01,Hahaha,0,2020-08-15 09:31:00
@asknsk1515,Dislike...,0,2020-08-15 09:30:49
@mdsahilkhan6019,sorry sanju baba,0,2020-08-15 09:30:48
@avikbagui1988,,0,2020-08-15 09:30:45
@safetyworld4167,This Dislike only for Bhatt Family not for Other Artist.,134,2020-08-15 09:30:29
@aakash292k,To aim rakhte h 1 million dislike ka,0,2020-08-15 09:30:25
@Turbo_Gamers,,1,2020-08-15 09:30:21
@abhimanyurai1409,Dislike because of ssr revolution,0,2020-08-15 09:30:12
@beingtelugu7995,Uninstall Hotstar PEACE OF DIL BECHARA,0,2020-08-15 09:30:12
@Pandu19932,Guy's abhi time hai . Aliya and Mahesh bhatt se badla lene ka jam ke dislike krooo,0,2020-08-15 09:30:10
@Rk_ruterya,,0,2020-08-15 09:30:07
@anilkaushik9469,This film trailer seen only riya chhakarwarthee,0,2020-08-15 09:30:04
@palashjain8124,sanju baba u rock..,0,2020-08-15 09:30:03
@SkDigi-Tech,Dislike,0,2020-08-15 09:30:02
@sanjibdas4800,Allia bhat ki chut chat Bahen cood,0,2020-08-15 09:29:55
@subodhsharma5501,Rip for those who liked,0,2020-08-15 09:29:54
@dhruti4babuni,Randi sali,0,2020-08-15 09:29:26
@lifeandhappinesswithnewide8483,Dislike #boycot #supportssr,0,2020-08-15 09:29:16
@sonusonudas1174,Kon kon is trailer ko na dekh ke hi dislike kiya hai batao,0,2020-08-15 09:29:13
@satyamupadhyay1917,Thats how we as a society can make difference power of peoples cant be ignored ( most disliked trailer in the world ) #STOPNEPOTISM,61,2020-08-15 09:29:07
@sahdevyadubanshi0797,I love sanju baba,0,2020-08-15 09:29:07
@pakwanadda,Omg God fast tym dislike se hit hua koi tailor,1,2020-08-15 09:28:55
@gsohanaryan2497,Congrats your this video has been selected for most dislike video,0,2020-08-15 09:28:52
@DailyDoseOfPositivity3,Bhaut bkwas movie h mtt dykhna,0,2020-08-15 09:28:49
@payalchauhan8557,Bakwas Alia,0,2020-08-15 09:28:40
@KJgeet,Dirty mahesh Bhatt so dirty his movies too,0,2020-08-15 09:28:40
@KJgeet,Dirty mahesh Bhatt so dirty his movies too,0,2020-08-15 09:28:40
@SonaliSingh-fq4yu,Who ever thinks that alia bhatt should be banned hit like,11,2020-08-15 09:28:33
@runachoudhury5375,Dislike this trailor million times....,0,2020-08-15 09:28:27
@mayurgurav2868,Kal newz dekh ke search krte krte aya dislike krne ko,1,2020-08-15 09:28:21
@gyanugupta3177,Loved this trailer and I am going to watch this...,0,2020-08-15 09:28:15
@subodhsharma5501,Dislikes are much more spreading than corona,0,2020-08-15 09:28:15
@kishanvermakishanverma8609,Mazza aa gya dislike kr ke,0,2020-08-15 09:28:07
@anuavivlogs5505,Ma ka,0,2020-08-15 09:28:04
@ratansaha4612,Rendy chode trailer,0,2020-08-15 09:27:54
@shivaranjaniyadav3691,Worst worst worst I don't expect from alia,0,2020-08-15 09:27:52
@muskansingh274,,0,2020-08-15 09:27:42
@shubhamganvir6445,"Only 8 % viewers have given their reaction (likes & dislikes) to this trailer, & their condition is this poor. What if 100 % viewers had reacted to it?",2,2020-08-15 09:27:35
@vaishaligupta6089,Maha bakwas picture,0,2020-08-15 09:27:35
@sandeepmaheshwariofficial7601,They need strict Punishment,0,2020-08-15 09:27:34
@laillamithu826,Koi nai dekhega kasam us rajput ki,0,2020-08-15 09:27:31
@hitesh7451,Trailer vrailer dekhne nhi aya hu. Yha dislike karne aya tha.,0,2020-08-15 09:27:27
@प्रतिहारगुर्जरराजवंश,,0,2020-08-15 09:27:21
@tanyavines1191,Sorry,1,2020-08-15 09:27:21
@manishsaini6026,i m here only for dislike,0,2020-08-15 09:27:11
@mayabhai1680,Dislike Karne k liye search karke aya hnu..x,0,2020-08-15 09:27:10
@sanketnaik6332,Lol dislike,0,2020-08-15 09:27:07
@deepakwadtele1183,I will never watched,0,2020-08-15 09:27:00
@aneeshreddy1107,Those likes are for sanju bhai,1,2020-08-15 09:26:59
@dearfamily1528,Bakwas h,0,2020-08-15 09:26:58
@shubhamchaurasiya2932,Dislike... Binod,0,2020-08-15 09:26:56
@khokonbhattacharya6466,Faltu trailor,0,2020-08-15 09:26:47
@sochbada6529,Bakwas,0,2020-08-15 09:26:46
@Nikki1710-c4y,Same here !! Jaise ko taisa,0,2020-08-15 09:26:41
@venkateshshukla8690,Vahiyat....,0,2020-08-15 09:26:39
@naveenkumar8229,I love sanju baba but other cast I hate all basterd,0,2020-08-15 09:26:37
@muskansingh274,,0,2020-08-15 09:26:35
@anikamishra6637,They have to find new job... only artists of first generation will be excepted...Mera budha,1,2020-08-15 09:26:21
@raghavichaudhary8298,Mhaha Ghatiya,0,2020-08-15 09:26:11
@praveensinghsingh7383,,0,2020-08-15 09:26:10
@waytosuccess4915,Sushant hota to movie hit ho jati,0,2020-08-15 09:26:04
@rayakafilmsoffical9010,Mahesh bhatt sorry sanju baba you for best actor,1,2020-08-15 09:26:03
@arvindkumar-qr5ec,Ye movie to gayi,0,2020-08-15 09:26:03
@iqraansari5844,I hate alia,0,2020-08-15 09:25:57
@caveoftekka2179,Boycott,0,2020-08-15 09:25:50
@caveoftekka2179,Boycott,0,2020-08-15 09:25:46
@sonamsherpa20,Boycott bollywood boycott this trailer Support SSR,0,2020-08-15 09:25:40
@miasharma4856,Chal be ghatiyalog ghatiya cheezin hum log culture aur morality ko maante hain. Tum jaise log ko sinker ya dekh kar apne aapko Ganda nhi karna hai.,0,2020-08-15 09:25:34
@nitishsahni2310,Sorry Sanju baba agar nirdeshak mahesh bhat nahi rahta to mai movies dekhta,0,2020-08-15 09:25:30
@ammusingh8389,I hate Bhatt family,0,2020-08-15 09:25:30
@karankkumar91,7m dislikes the saalo ne you tube main bhi nepositim baraa padda hhh,0,2020-08-15 09:25:23
@ayushrasik1710,Gobar,0,2020-08-15 09:25:18
@raghavichaudhary8298,Ghatiya,0,2020-08-15 09:25:16
@geniuswalamind,https://www.youtube.com/channel/UCikXbZzyuFL1GF_BdHAWhhA,0,2020-08-15 09:25:14
@kamalrout6395,Sadak2 bangaya nala 2 thank you guys,1,2020-08-15 09:25:10
@sanketmodi9161,Bindo kidher ha,0,2020-08-15 09:25:09
@tukaidas2568,Boycott movie with love susant,0,2020-08-15 09:25:04
@mampichakraborty4322,Aliya dii apsa ak baat bolni thie ki apki papa ka itna joshh late kahasay hayy yrrr,0,2020-08-15 09:24:39
@jaatgamingyt2197,Are inko Dislike deke Apko kaisa feel ho raha hai,1,2020-08-15 09:24:37
@tumpakoley5621,Mahesh Bhat Tu Ne Jo Kiya Sushant Singh ke sath aap Tere Jindagi gi main Aandhi Aane Wala hi,0,2020-08-15 09:24:33
@VikashSingh-vp6zl,*bas dislike karne aaya tha*,0,2020-08-15 09:24:25
@tushargupta8350,"Bekar trailer ....,.....ghatiya ek dum",0,2020-08-15 09:24:22
@deepakgoswami7914,"As far I think, none of the actors of this film do not help this country in straits. ?..So boycott.",1,2020-08-15 09:24:15
@kumarniranjansingh9920,Don't watch movies from anti-nationals.....,0,2020-08-15 09:24:03
@thakurislive169,Sanjay meri jan h,0,2020-08-15 09:24:00
@smallana,Open this trailer just to dislike it. My job is done.,181,2020-08-15 09:23:55
@vishalrajoliya5692,"Sadak-2 ko sadak me dafan kar Dena chaiye #justiceforssr, #nepotismkihumkahekelenge",0,2020-08-15 09:23:52
@Anime_Fan1_,Mahesh Bhatt ki ** ** ****,0,2020-08-15 09:23:49
@kakumanipraveenbabu4293,Woh.. Bhatt ki Maa ka Bhosda..,0,2020-08-15 09:23:34
@ultraboy9555,Those who liked this trailer don't have a sense,0,2020-08-15 09:23:23
@rjjyotirawat,Flop flop,0,2020-08-15 09:23:20
@Harsh-disodia,Boycott,0,2020-08-15 09:23:11
@Fitbluprint,Ek baar fr gober se bhara toilet saaf krne wale logo ki movie jinke paas na koi talent h na koi courage ki samne aake khud k haq k liye ladai kr ske aise logo ko kon dekhna pasnd krega....,0,2020-08-15 09:23:10
@arpanghosh2206,1 Dislike can't enough,6,2020-08-15 09:23:07
@ankultomar5713,Bhiyo es movie ko na dekh kr sushant singh rajput bhai ko insaaf dilaane ki traf ek kdam badhao. please,0,2020-08-15 09:22:50
@amusingentertainment6345,"We wont even watch ur movie , hate u and ur daughter ...... U and ur family had destroyed a germ life and given him a painful death . Ur tale of depravity is hard to credit and u should pay for Sushant Singh Rajput death , . It's waste of time and money ...This video deserves more dislikes...",0,2020-08-15 09:22:48
@joytherock6340,Don't watch,0,2020-08-15 09:22:44
@optimusprime465,Boycott star kids we didn't forget sushanth,0,2020-08-15 09:22:41
@parbatisamui6456,Alia and Mahesh dislike for yours,0,2020-08-15 09:22:40
@jitendrachoudhary2328,Don't like this trailer,0,2020-08-15 09:22:40
@Anonymous-rl3wi,I support south indian film industry,0,2020-08-15 09:22:37
@photographybygarimasoam3967,Susant singh rajput best tha bus,0,2020-08-15 09:22:36
@abhinavjha2219,Hamare desh ko in jaise bharwo kio jarurat nhi Dislike and report it,0,2020-08-15 09:22:35
@heaventracker5274,Sanjay baba on fire...lkin dislike for lovdu bhat ... thoko dislike cont .......,0,2020-08-15 09:22:35
@spicyyup5509,"Ye jsdoo Baba se sikhkar Mahesh bhatt , rhea ko training de rahi thi kya",0,2020-08-15 09:22:35
@Oombu008,Who came to dislike. . click here.,0,2020-08-15 09:22:28
@kalpeshdj23,Dharma production k actors fix hi rhete h usko abi tak samajme ne aara hai,0,2020-08-15 09:22:26
@CrazyMaanus,Here for dislike..... not even watched .... & its a amazing feeling,0,2020-08-15 09:22:23
@kumarniranjansingh9920,Bad movie by bad people avoid watching,0,2020-08-15 09:22:22
@imranbudgujar,Typical Mahesh bhatt movie.... cocktail of sadak murder 3 etc,0,2020-08-15 09:22:15
@sidb2023,Ghatiya,0,2020-08-15 09:22:13
@satishkumarpatel2965,Mahesh bhatt jaise log samaj ke dushman ha... disgusting peoples...shame on them,0,2020-08-15 09:22:04
@desi9628,Ye movie flop hogi Aliya bhatt very bad actor,0,2020-08-15 09:21:48
@rajibdutta7692,Boycott,0,2020-08-15 09:21:47
@sahnigaming5835,Sushant Sushant movie niccc,0,2020-08-15 09:21:46
@binitasharma8975,flop,0,2020-08-15 09:21:34
@amitbhatia1343,#boycott,0,2020-08-15 09:21:30
@alkabaurai1036,Bhai dislike ke kuch nhi hoga views se paise milte inko report maro veduo ko,0,2020-08-15 09:21:29
@rakhisahanihaiagreekrishna1989,Yaha unlike Kane aye the byeeee,0,2020-08-15 09:21:25
@raqhibmark8283,Waste,0,2020-08-15 09:21:24
@mohsinsk9914,Waste movie,0,2020-08-15 09:21:24
@mohanprasadmishra3907,Sorry aap ke ye ki ye nhi,0,2020-08-15 09:21:15
@DheerajKumar-qm7dl,Jai Sanju baba,0,2020-08-15 09:21:11
@spicyyup5509,Sanju Baba rockss,0,2020-08-15 09:21:11
@digitalsky4939,Seriously it's not good not bcz of nepotism but bcz I don't like this ajib h,0,2020-08-15 09:21:08
@Surabhi20496,"They should rename the trailer to, ""Hit dislike or we'll sue you.""",0,2020-08-15 09:21:07
@Muniyasamy461,Dislike done,0,2020-08-15 09:21:06
@spicyyup5509,Trailer Acha hai par Jo banaye Hain wo ghatiya hai,0,2020-08-15 09:20:52
@Dishangpmistry,Kachara movie,0,2020-08-15 09:20:50
@KamlendraRajput-zv7fg,Not only dislike this... Report it too.. Wrna paise katenge,0,2020-08-15 09:20:50
@viratgurjar6719,Justice for Sushant sir,1,2020-08-15 09:20:43
@GauravMishra-km2vt,Agar jindigi mey ye movie kabhi dekhunga na toh sirf sanju baba key karan...,1,2020-08-15 09:20:42
@AsaElectricians,Fake guru hai hai Tera baap,0,2020-08-15 09:20:37
@babusingpawar2,"I hate aliya bhatt, pooja bhatt, mahesh bhatt, karan johar, salman khan, shahrukh khan, Amir khan, sonakshi sinha, Sonam kapoor, ananya pande, sara ali khan, aditya chopra boycott their film",0,2020-08-15 09:20:37
@monakumari4341,Boycott,1,2020-08-15 09:20:37
@ashudravar5346,I hate aaliya bhatt,0,2020-08-15 09:20:34
@abdullahhassan9969,Ek din ..... jayega ..... ki ..... jag mein sab khahenge ........ maar gaya ........ lalallala Fill in the blacks,0,2020-08-15 09:20:33
@mrhasutikar,I dint watch trailer just came to unlike the video,0,2020-08-15 09:20:31
@meghrajgahile7109,Like peksha dislika Jast aahe... Khataranak,0,2020-08-15 09:20:25
@thakursurbhi511,Don't underestimate the power of common man 'dear Bollywood',0,2020-08-15 09:20:21
@gautamjhajha9943,Sdak pe aajoge,1,2020-08-15 09:20:20
@vedika5447,sad for sanju baba but good for Alia and her father,0,2020-08-15 09:20:15
@bhaweshchauhan7732,Tatti hai trailer,0,2020-08-15 09:20:14
@user-eu9er1ye4r,"#Alia Bhatt,now enjoy the power of common people & go to hell!! #We want justice for #Sushant",0,2020-08-15 09:20:06
@NITESHYADAV-bg3yv,Boycott nepotism,0,2020-08-15 09:20:03
@n.rgangwar2219,Is movie ko banaane baale ko kitne JHHAPAD padne chahiye?,1,2020-08-15 09:19:57
@mansig3356,Alia is good for nothing,0,2020-08-15 09:19:42
@SUBHO248,,0,2020-08-15 09:19:42
@traveldigitally3834,From now onwards I am going to boycott entire kapoor Bhatt Khan etc movies till SSR didn't get justice.,0,2020-08-15 09:19:40
@sivajena2860,"Like it for Sanju Baba,not for Bhatt family",0,2020-08-15 09:19:37
@nanditha9613,Dislike adikkan vanna mallus evide....,2,2020-08-15 09:19:31
@MyHarshMehta,One like just for SANJAY DUTT...,0,2020-08-15 09:19:23
@rajamakani3473,Waste trailer,0,2020-08-15 09:19:21
@sameersingh1506,Dislike,0,2020-08-15 09:19:19
@shekharsingh1982,Bhut bura hai mahesh,0,2020-08-15 09:19:07
@satishkumarpatel2965,Trailer itna jhandu ha...to picture kaise hogi...kuch bhi movie banate ha...,0,2020-08-15 09:19:05
@moonlightzone25,Binod,0,2020-08-15 09:18:50
@rahulshyam7732,Very good trailer. Definitely going to watch this.,0,2020-08-15 09:18:48
@favor4900,Sushant or other actor could make film hit,0,2020-08-15 09:18:48
@vishalkumar-zx7up,Chutiye director or heroine,0,2020-08-15 09:18:45
@Phoenix-uv2jl,1.8M dislikes awwwwwwwww karmaaaaaaaaaaaaaaaaaa,0,2020-08-15 09:18:41
@laxmithapa4831,Tatti trailer hai ye chee,0,2020-08-15 09:18:39
@rajeshghai1494,Criminal,0,2020-08-15 09:18:38
@zonemusictips3379,alliy,0,2020-08-15 09:18:35
@udayshinde2743,"Please add more dislike button, hopeless trailer",23,2020-08-15 09:18:34
@anubhavsingha6390,just dislike,0,2020-08-15 09:18:33
@pankajbhamare4859,Sirf ye movie nahi Mahesh bhat ki ane vali sabi movie ka yahi hona chahiye,0,2020-08-15 09:18:32
@TapasDas-ri1pt,Binod,0,2020-08-15 09:18:31
@vinayakchaudhari754,Me toh sirf dislike krne Aya tha,0,2020-08-15 09:18:28
@pavitra4759,Dislike,0,2020-08-15 09:18:23
@tulasidevi2407,Bakwas will not watch even if i am paid,0,2020-08-15 09:18:20
@piyushsinha3344,Mahesh Bhatt and pooja bhatt.. What a dirty combination !!,0,2020-08-15 09:18:14
@gobindsharma45,Baap ke sar par dono betiyan,1,2020-08-15 09:18:02
@kirtimaya43,I dislike this movie.....justice for sushant.....,0,2020-08-15 09:18:01
@subhamlaha7943,"The name should be""Sadak Chaap 2 "" instead of ""Sadak 2 "".....",0,2020-08-15 09:17:55
@jyotikesharwani9280,Disgusting story,0,2020-08-15 09:17:53
@shwetapuneyani,Kachra trailer...kachra movie...kachra characters and kachra Director,0,2020-08-15 09:17:51
@sudiptasengupta9312,Boycott Bhats,0,2020-08-15 09:17:46
@thesanatanvibes97,Tatak by cott,0,2020-08-15 09:17:40
@utkarshkumar8230,Wahiyad trailer aa thuuu,0,2020-08-15 09:17:34
@dilipkumar-li9oj,We should boycott everything's there movies there show should unfallow on fb tweets ect should not take any photographs with them and shoulx treat like an ordinary person like an begger who pay for there like and fallow to agency also boycott there promotion in advertising etc the real talent of bollywood is bo more ssr.,3,2020-08-15 09:17:33
@GaurAgro,Will flop,0,2020-08-15 09:17:20
@Utkarshraiy198,Boycott kro,0,2020-08-15 09:17:17
@SONIASharma_dwevedi123,akshat,0,2020-08-15 09:17:08
@surajpooja.kpoorkumar2094,Very nice all the best waise pehle wali sadak movie bahut badiya lagi thi ye bhi badiya ho,0,2020-08-15 09:17:01
@pawanmaikhuri525,Mja aa gya yr dislike dekh kr,0,2020-08-15 09:17:00
@Aqaaz,Bakwasss kachra ho tum sab,0,2020-08-15 09:16:30
@bijaymohammedan3000,Randi Alia puit...mgh,0,2020-08-15 09:16:28
@lincyraju1491,Dislike without watching from KERALA...,0,2020-08-15 09:16:21
@dr.rekhat.a9144,Defamed Bhatt and the family,0,2020-08-15 09:16:13
@AKTechworld-A,Love You All Dislikers,0,2020-08-15 09:16:13
@devilxgaming512,Bhai. Idk why iam dislike this trailer but jab itne dislike dekhe to 20 se jyada dislike krva diye. In chutiyo ko nikaloo yrrr yha se ye sirf mujra hu kr skte haii movie nii bnegi inse.,0,2020-08-15 09:16:10
@trailukyagog,I dislike nepotism,0,2020-08-15 09:16:04
@rajivshankar8228,Dislike,0,2020-08-15 09:16:01
@hsb401,Dislike for SSR,0,2020-08-15 09:16:00
@abhishekpanday168,Nepotism ka Mudda I wish kabhi khatam na ho ye log non telanted log he I don't like casting bakwassssss,0,2020-08-15 09:15:57
@shirleyrose2021,what did aditya do guys??he is great actor !he has skills !once the case is solved the exact criminal will be punished and if public demands hang to death!we are also pressurizing the innocent like sushant was !!!but we can't threaten someone without Legal information right na??,0,2020-08-15 09:15:55
@uttarpradeshblogger574,Bakwas,0,2020-08-15 09:15:54
@deepanshucharan6149,Sorry movie,0,2020-08-15 09:15:52
@kanhapatil940,10,0,2020-08-15 09:15:50
@psingh78-l3h,Bakwas trailer,0,2020-08-15 09:15:47
@sauravjain9571,Mahesh bhatt ..... Dislike this movie......,0,2020-08-15 09:15:44
@SvSreenath,Waste,0,2020-08-15 09:15:36
@deepanshucharan6149,This is amazing mobile,0,2020-08-15 09:15:32
@technicalmurali4654,Boycott,0,2020-08-15 09:15:25
@sksumon6173,Faltu,1,2020-08-15 09:15:24
@the.v.j.foodies3485,Ap binod hi aage jaye ga,0,2020-08-15 09:15:21
@shahbaazaamir1818,Andh bhakt ne etna unlike kya,0,2020-08-15 09:15:11
@mehalsinha4018,I m not here to watch the trailer But to dislike it. My time is precious nd i dont want to waste 3 minutes of my life watching this rubbish trailor of rubbishest movie. Hate u Mahesh Bhatt,0,2020-08-15 09:15:04
@યદુવંશીજાડેજારાજપુત,Bakwas ... Bollywood chutiye sadak sadak kya he chutiye sadak me maximum dislike kro aese Bollywood chutiyo ko,0,2020-08-15 09:15:04
@AKTechworld-A,Sadak pe lao inko,0,2020-08-15 09:14:54
@minakshiarasada1997,After watching this this trailer I am thinking about rrr let's see what will happen,0,2020-08-15 09:14:52
@musicater5661,This movie will make world record 1.8m disllike,4,2020-08-15 09:14:50
@AKTechworld-A,Ye Aaliya bhatt ki movie koi n dekho sala bannd kro sadak movie,0,2020-08-15 09:14:45
@manojnayak16,,0,2020-08-15 09:14:45
@kallochiangdsangma9502,I Come for dislike,1,2020-08-15 09:14:29
@niharikamalviya3544,Boycott this movie,0,2020-08-15 09:14:27
@Sahilff082,World record dislike,4,2020-08-15 09:14:20
@ADITYASingh-bo7ul,Subsribe karo mere channnel ko aur zindagime aage badho,0,2020-08-15 09:14:15
@rjlvspiu8772,Bap k film m mastizDi Beach,0,2020-08-15 09:14:11
@Shouvik4074,HIT THE DISLIKE BUTTON.SUPPORT ACTOR LIKE SUSANT,10,2020-08-15 09:14:08
@aditichaudhary1093,,0,2020-08-15 09:14:07
@DigvijaySingh0021,Again Bheek on Sadak ( I thought this was the Right Name for this Movie),0,2020-08-15 09:13:59
@ADITYASingh-bo7ul,Apna support dikhao sushant ko insaaf dilao,0,2020-08-15 09:13:53
@Adorablegyana,Aabra ka dabra part 2,0,2020-08-15 09:13:49
@Anujsaxena3437,,0,2020-08-15 09:13:46
@rakeshkumarsaini428,Sushant Singh is the best actor in the world,0,2020-08-15 09:13:45
@shubhamganvir6445,"All that is okay, but what is the update of Sushant's murder case? You guys are his colleagues. Speak out something, dont be a Ghulam (slave) of this corrupt money driven system.",0,2020-08-15 09:13:41
@ADITYASingh-bo7ul,Subscribers hamare sath hai iss sadak par,0,2020-08-15 09:13:34
@rajneeshkumar5886,i dislike trailer because bhatt family spread the nepotism. bhatt family forget about people that make them huge. now they remember.,0,2020-08-15 09:13:34
@munindrabordoloi1683,Faltu film budha Mahesh bhat,0,2020-08-15 09:13:33
@wifigaming123,Sushant Singh Rajput fan like,0,2020-08-15 09:13:23
@pushpendradubey4726,Sushant Singh Rajput is outstanding,0,2020-08-15 09:13:23
@rakeshkumarsaini428,Alia Bhatt and Mahesh Bhatt is very dirty person,0,2020-08-15 09:13:18
@shakil4567,Kanoo saew gaya,0,2020-08-15 09:13:16
@pushpendradubey4726,Boycott this movie,0,2020-08-15 09:13:10
@Anujsaxena3437,Koi bhi iss movie ko mat dekhna apko apki maa ki kasam,0,2020-08-15 09:12:58
@arinagham1819,Aliya ki wajah se Sanju baba ko bhi dislike karna pad raha hai,0,2020-08-15 09:12:49
@shruteeeeeee,Just dislike it guys!,0,2020-08-15 09:12:46
@ganeshk3539,Sushanth,0,2020-08-15 09:12:28
@tuainu1449,#ignoremaheshbhatt... We hate nepotism. In the film only jishu has talent and others public are just bogus...,0,2020-08-15 09:12:26
@ADITYASingh-bo7ul,Bache hue log bhi subscribe karo,0,2020-08-15 09:12:22
@uchittiwari5822,Bakwas faltu ghatia,0,2020-08-15 09:12:22
@vinitasinha4803,Totally boycott all star kids film,0,2020-08-15 09:12:21
@Nagendraoct80,Bye bye nepotism,0,2020-08-15 09:12:21
@nitingupta8002,Allu Bhatt.. deserves this ... Chutiya trailer... Mukesh Bhatt u r looser... And your hate speech Mukesh,0,2020-08-15 09:12:20
@gamingnation9968,Congratulations Most disliked trailer,1,2020-08-15 09:12:16
@shruteeeeeee,Aliya Bhatt chutiya ki aulaad,0,2020-08-15 09:12:13
@turbo225ff7,Bindo,0,2020-08-15 09:12:12
@ADITYASingh-bo7ul,Bahno subscribe karo,0,2020-08-15 09:12:07
@ARVLOGS-od6vn,Binod,0,2020-08-15 09:12:00
@shruteeeeeee,Ye Aliya Bhatt itni chutiya lgti h?,0,2020-08-15 09:11:56
@ADITYASingh-bo7ul,Pllz bhai subscribe karo,0,2020-08-15 09:11:55
@professor__00,I m on ship and usnig daam cost net just to dislike that damm video,0,2020-08-15 09:11:49
@ADITYASingh-bo7ul,Nepotism se upar utho mere channel ko subscribe karo,0,2020-08-15 09:11:42
@ridentxt648,Maderchod film... .........,0,2020-08-15 09:11:41
@mrsingh1866,"Ye toh trailer hai, aage aage dekho hota h kya!",0,2020-08-15 09:11:41
@SUHAS490,Mast Baba,0,2020-08-15 09:11:36
@yoongi_sammy,The like and dislike ratio says all,0,2020-08-15 09:11:34
@shambhusingh2295,Y movie puri flop honi chaiye bhaio BoLo jy shree ram,0,2020-08-15 09:11:19
@gopinath2167,,0,2020-08-15 09:11:13
@RajveerSingh-ut7zb,Bakwas,0,2020-08-15 09:11:11
@MihiRRR_9049,Thoko Bhai Thoko... Dislikes For Sushant..,0,2020-08-15 09:11:09
@MsAtul101,Tribute for Sushant (Dislike this movie trailer),0,2020-08-15 09:11:08
@madhuridubey8514,Dislike to bohot logo ne kiya but movie bhi koi mt dekhna Tb manenge real disliker,0,2020-08-15 09:10:48
@smrutiranjan5229,Mahesh bhatt or alia bhatt move koi nhi dekhegaa sab jante hai,0,2020-08-15 09:10:43
@pranabboro4739,i remembered till now what alia have said in coffee with karan about sushant........ most cartoon type girl in bollywood,130,2020-08-15 09:10:37
@smitnayak9936,Trailer hatao,0,2020-08-15 09:10:36
@jishnunarayanan7585,Nobody is gonna watch ur movies.. These people have cheated the people.. Let Nepotism destroy itself... No one should promote such people.. Lets avoid watching such people's movie,0,2020-08-15 09:10:31
@viahimanshu,Mahesh bhatt ka boycott karna hai,0,2020-08-15 09:10:25
@kabeeragrawal0123,This movie deserve a worst award,0,2020-08-15 09:10:23
@karanghartigamers9394,https://youtu.be/8t27dHdNafU,0,2020-08-15 09:10:18
@karanghartigamers9394,https://youtu.be/8t27dHdNafU,0,2020-08-15 09:10:12
@ganeshgadaba8302,Boycott alia bhat films,0,2020-08-15 09:10:10
@sunildhakadoli6666,,0,2020-08-15 09:10:08
@BaBu.507,Sab milke dislike do,0,2020-08-15 09:10:05
@SujitKumar-ok5mz,Sushant Singh rajput is a real hero,1,2020-08-15 09:10:05
@venkatagopalakrishnatondep5528,Happy to see more dislikes,0,2020-08-15 09:10:05
@zainabmeraj3044,@alia bhatt....ur father killed sushant ...u stupid people don deserve anything in dis world,0,2020-08-15 09:10:00
@kkglobalexplorer317,I love sadat 2 trailer and movie,0,2020-08-15 09:09:59
@lipakshikumari3713,I dislike this trailer because of Alia Bhatt,1,2020-08-15 09:09:55
@amarnadhnagireddy4003,I little like for Aditya Roy Kapur and most dislike bhatt family working movie,0,2020-08-15 09:09:53
@mohammedriyaz4392,Mahesh bhatt,0,2020-08-15 09:09:49
@nishantgaurav4518,This is sadakchhap,0,2020-08-15 09:09:44
@realhomeaarav1878,Ghatiya heroine Karan gobar ke show mein sushant kokil kar rahi thi to deserve karti hai ki teri koi movie Na chale,0,2020-08-15 09:09:24
@ishashrivastav7695,Seriously....most iritating trailer.... Everyone should dislike,0,2020-08-15 09:09:18
@sonuverma5164,Ghtiya logo ki ghtiya movie,0,2020-08-15 09:09:12
@ashwinmahadik1787,,0,2020-08-15 09:09:07
@saurabhshirke3741,This movie will get flop...my blessings with you....,0,2020-08-15 09:08:56
@janvivishwa952,Pls don't see this move,0,2020-08-15 09:08:53
@Kharanamak,Kachra dekh liya re BABA.....,0,2020-08-15 09:08:52
@naturelover4611,A big tribute to shushant singh rajput,3,2020-08-15 09:08:51
@sanjanakusalkar1556,Aalia Bhatt..bycott the bollywood..,0,2020-08-15 09:08:47
@anujdubey6204,#susantsinghrajput,1,2020-08-15 09:08:46
@AnuragSingh-cb3ie,Dislike kijiy bhai,0,2020-08-15 09:08:44
@seselva,Please Download tamilrockers website,0,2020-08-15 09:08:35
@muralinanda2443,Fake guru pe movie banate ho kabhi fake maulana pe banao..,0,2020-08-15 09:08:28
@laxmithapa4831,Chutiya trailer hai ye toh ek dum bakwas .kutti alia or trailer bhi pata ni movie kis ki maaregi c.....,0,2020-08-15 09:08:24
@nishantgaurav4518,Binod,0,2020-08-15 09:08:21
@mdsahilahamed4382,Alia bhatt,1,2020-08-15 09:08:16
@Shakti.yadav790,Hatyare log,0,2020-08-15 09:08:10
@togeyomcha5256,Betichod mahesh bhatt...,0,2020-08-15 09:07:59
@aryanraj-mu2dv,Bakwas trailer,0,2020-08-15 09:07:56
@KashishB-k1g,Disliked the trailor...,0,2020-08-15 09:07:47
@MTBOYARYAN,Dislike how much uh can #justiceforssr,0,2020-08-15 09:07:31
@mrsunil8378,Faltu movie,0,2020-08-15 09:07:24
@madhuridubey8514,Even I was thinking to dislike without watching the trailer but after watching I was totally disliked,0,2020-08-15 09:07:16
@hardikahir9784,I deslike becoz it's Mahesh bhat movie,0,2020-08-15 09:07:15
@shishpalkasniyajaat7912,,0,2020-08-15 09:07:11
@pareshamistry7268,Dislike,0,2020-08-15 09:07:11
@dharmveerchauhan1245,Sorry sanju sir,0,2020-08-15 09:07:06
@trendyfeeds,Chutiya movie lag rhi he,0,2020-08-15 09:07:02
@RajuUrfRajaJi,Maine teen baar dislike kardiya.,2,2020-08-15 09:07:01
@arpitamishra2617,Alia,1,2020-08-15 09:06:47
@singhharmeet1963,Fffffffffff,0,2020-08-15 09:06:47
@VanduGuru,Hahahahaaa Dislike Dislike Dislike...,0,2020-08-15 09:06:46
@rs0089476,"Why there is only fake Guru not fake maulvi, padri or else. Fake Bollywood",5,2020-08-15 09:06:43
@divinefriendd,bekar,0,2020-08-15 09:06:35
@ayangogoi2848,my finger automatically went to the dislike button ....just bcz it deserve it,0,2020-08-15 09:06:22
@snehashisbairagya8178,"Without kumar sanu song,cinema is super floop",0,2020-08-15 09:06:20
@sagarbarua1734,Boycott,0,2020-08-15 09:06:17
@projitmiddey7099,Dislike the video guys ....stop nepotism,0,2020-08-15 09:06:16
@Saher09096,Villain maharaani ki takkar ka nahi hai bakwaas dikh raha hai kisi aur ko lena tha kinnar k roll k liye,0,2020-08-15 09:06:15
@rashmonisingh8885,I hate this all people except Aditya roy kapoor so I dislike this movie trailer,0,2020-08-15 09:06:08
@kritikaprajapati8923,Sadak thhu movie bhai sala,0,2020-08-15 09:06:03
@saahildey1331,Iss film ko bhi sadak Mai laao,0,2020-08-15 09:05:52
@superstargamer2.05,I'm so happy to dislike it,0,2020-08-15 09:05:46
@marthandnatikar9502,I opened it to dislike..... Sorry Sanju Baba....,0,2020-08-15 09:05:20
@narenderpanwar8247,Down with nepotism,0,2020-08-15 09:05:09
@AtulSingh-py2xv,,0,2020-08-15 09:05:04
@digvijaysinghsolanki8975,Ghatiya trailer h movie bhi movie k naam ki trha sadak pr aayegi super flap in advance,0,2020-08-15 09:05:01
@truptipawar4630,Most dislike film in the world,5,2020-08-15 09:04:43
@subhajeetdas2264,Tribute for sushant . Dislike the trailer. World most dislike wala trailer . Chalo kon hei mere sath .,0,2020-08-15 09:04:41
@rondokpur7882,Boycott bollywood,0,2020-08-15 09:04:36
@priyamkumar5862,Sab bakchod entertainer hain don't watch any movies releasing day after 2morow.... all are corrupt people a to z....,0,2020-08-15 09:04:33
@amarpattnayak1869,I will not watch sandal 2 boy cott,0,2020-08-15 09:04:26
@Dev_pawar,Dislike ..,1,2020-08-15 09:04:25
@sahildorji9774,##Dislike who watch the views#,0,2020-08-15 09:04:24
@ajitkumarajitkumar5185,Sara Bollywood ka dislike,0,2020-08-15 09:04:01
@sonirajput4124,Bakwas,0,2020-08-15 09:03:56
@devilkumar42,Lawde jaisa trailer,0,2020-08-15 09:03:53
@kartikgujjar05,Congratulation for dislikes bhagwan kare to iss dislike ka record koi nhi tod paye,0,2020-08-15 09:03:51
@CinemarasiganTCN,Disliking wont affect them. Actually its a negattive publicity which will cause revenue for them anyway. Unsubsribing hotstor premium accounts will defenitely let them into loss. If you like to fight against these please do that.,0,2020-08-15 09:03:45
@ranusultana4163,Mahesh bhatt wife shocking reaction...... https://youtu.be/vW694dL_Yis,0,2020-08-15 09:03:37
@rameshmegh2868,,0,2020-08-15 09:03:33
@ia5160,Not good ...,0,2020-08-15 09:03:27
@bhupendrapalyaduvanshi102,I like aditya roy kappor,0,2020-08-15 09:03:26
@saradachitta6503,These people have created all possible mess up in the Bollywood.. Enough now.... Let us not give any single chance again to theses people already we lost an incredible precious star & supporting gentle man of Poor kids like Sushant Singh rajput..will not come back again and like him no one will born so easily. Let us not loose any one more...,0,2020-08-15 09:03:25
@sachinchauhan958,Sabse ghatiya movie h bc kuch to chutiye hi dale hue h,0,2020-08-15 09:03:18
@videocreator-vy2lf,,0,2020-08-15 09:03:10
@AmitKumar-li3fl,Maha faltu,1,2020-08-15 09:03:06
@shakti3688,Dislike kro,0,2020-08-15 09:03:05
@sahelib4,I wish there was an option to dislike it more than once,35,2020-08-15 09:02:50
@ajitkumarajitkumar5185,Dislikes dislike 2 trailer,0,2020-08-15 09:02:47
@AshishKhatavkar,Not interested,0,2020-08-15 09:02:44
@mukesh__Rai,Dislikes ke like rukna nhi chahiye is madhar chodi ka ghamand randiii ke bacha,0,2020-08-15 09:02:44
@praveensingh7540,Rip Mahesh Bhatt and family ...... Bollywood mafia Boycott,0,2020-08-15 09:02:43
@educationvlogs-z2i,Dislike karo sab,0,2020-08-15 09:02:35
@dkmtekinlic,Buy karte movie faltu movie hai bekar hai,0,2020-08-15 09:02:19
@nileshyadav2290,Sirf dislike karne aaya tha kar diya dislike,0,2020-08-15 09:02:15
@parmodsoni7231,Bakvas movie,0,2020-08-15 09:02:14
@aakashbhongade7177,Dislike only ... Nepotism only,0,2020-08-15 09:02:12
@devikaaB,Losers!!!!!!!!!,0,2020-08-15 09:02:07
@ankitdhimaan1044,,0,2020-08-15 09:02:07
@MR_SHORTSOLI,LIKE BUTTON : OKAY BYE,0,2020-08-15 09:02:07
@adityachaturvedi4477,So I don't like this movie Sanjay Dutt sir is a good actor but alia is a jealous person so I hate Alia bhat,105,2020-08-15 09:01:57
@MR_SHORTSOLI,LIKE BUTTON : OKAY BYE,0,2020-08-15 09:01:44
@achalverma0722,Don't watch the movie of this black heart people upper wala tumlog k saat khabi nhi h # justic for SSR,1,2020-08-15 09:01:41
@AmanGupta-wi2lq,Dislikes,1,2020-08-15 09:01:38
@saharamsy8081,kya aap log har cheej ke lie Alia Bhatt ko doshee nahin thaharaate hain? kya ham sushant kee maut ka kaaran nahin jaanate hain? kaun jaanata hai ki Sushant ne khud ko Alia Bhatt kee vajah se nahin maara! krpaya krpaya dislike na karen!!!,0,2020-08-15 09:01:34
@sam-film5571,Dislike,0,2020-08-15 09:01:30
@vibo_pillai77,"SIRI., ALIA",0,2020-08-15 09:01:16
@akashkumar0250,Alia your acting doesn't compet Rakhi Sawant,0,2020-08-15 09:01:14
@sam-film5571,Koi ni. Dekhega Bhatt pribar ki film ko,0,2020-08-15 09:01:10
@ameersheikh161,Taati,1,2020-08-15 09:01:09
@maabhisagar5261,Chutiya,1,2020-08-15 09:01:06
@ashishnair2127,Only this trailer got hit by these dislikes but ever thought this that all the people who disliked it will never watch the movie .... So pooja ji ap galat ho bs trailer me hi logo k nafarat se karlo kamai movie se nei ho payegi ... And I personally never liked any film directed by mahesh bhatt or acted by alia bhatt seems so immature .... Any how sanjay dutt simply wasted his precious energy fir this movie he should have worked whole heartedly for kgf 2 if he would have done this we would be watching kgf trailer instead of this sadak trailer ......,0,2020-08-15 09:00:54
@adityachaturvedi4477,I don't like Alia Bhatt,0,2020-08-15 09:00:45
@anupsarkar1902,Dislike mar Diya maine,0,2020-08-15 09:00:41
@teken176,https://youtu.be/z50d91zsaHM,0,2020-08-15 09:00:34
@RajeevKumar-jm3qm,Mahesh ali ki beti alia,0,2020-08-15 09:00:33
@anushkashetty2122,Kon kon dislike karna aya Thoko like,0,2020-08-15 09:00:33
@s.kchamparan9251,Jo dekhe o uski ma randi hogi,0,2020-08-15 09:00:27
@BINDRABAN.CHAUDHARY,Nepotism nahi Chalega!!!,0,2020-08-15 09:00:17
@enjoyyourlife7224,Mission dislike top 1,1,2020-08-15 09:00:13
@templeton6856,Bhag Bhag DK BOSE BOSE DK bhag bhag,0,2020-08-15 09:00:10
@IcarusLife,Happy to see the dislikes,0,2020-08-15 09:00:09
@azharvora5836,Justice For Sushant,0,2020-08-15 09:00:06
@bikrambarman1479,Dislike delete kyun Kiya be dskd,0,2020-08-15 08:59:59
@RajeevKumar-jm3qm,Ye boliwood bala selfless hota hai sirf inko apne s matlb desh duniya s koi mtlb nahi bebkuf hamlogo ko banata hai,0,2020-08-15 08:59:52
@SWAYAM_FF,I came here to give a dislike ....,2,2020-08-15 08:59:52
@litansarkar3564,Boycott this move,0,2020-08-15 08:59:51
@achalverma0722,Guys plz dislike the trailer,1,2020-08-15 08:59:50
@s.kchamparan9251,Is film koi v mat dkhna,0,2020-08-15 08:59:49
@ManojYadav-df6rp,Everybody should dislike this trailer and don't watch movie.supports for Shusant ..We want justice... Boycott mahesh bhatt..karan johar...Alia who insulted our dear Shusant...Let's show to these nepotist the true power of common human beings.,0,2020-08-15 08:59:48
@ManojYadav-df6rp,Everybody should dislike this trailer and don't watch movie.supports for Shusant ..We want justice... Boycott mahesh bhatt..karan johar...Alia who insulted our dear Shusant...Let's show to these nepotist the true power of common human beings.,0,2020-08-15 08:59:43
@kuchbhi3452,Nikal lawde pehli fursat mai nikal,0,2020-08-15 08:59:42
@ManojYadav-df6rp,Everybody should dislike this trailer and don't watch movie.supports for Shusant ..We want justice... Boycott mahesh bhatt..karan johar...Alia who insulted our dear Shusant...Let's show to these nepotist the true power of common human beings.,0,2020-08-15 08:59:38
@ManojYadav-df6rp,Everybody should dislike this trailer and don't watch movie.supports for Shusant ..We want justice... Boycott mahesh bhatt..karan johar...Alia who insulted our dear Shusant...Let's show to these nepotist the true power of common human beings.,0,2020-08-15 08:59:33
@CONTENTHUB-r4r,Love u snajuu,0,2020-08-15 08:59:30
@cglancaster,Nonsense movie,0,2020-08-15 08:59:29
@ManojYadav-df6rp,Everybody should dislike this trailer and don't watch movie.supports for Shusant ..We want justice... Boycott mahesh bhatt..karan johar...Alia who insulted our dear Shusant...Let's show to these nepotist the true power of common human beings.,0,2020-08-15 08:59:17
@subhamkumardash1738,Boycott this movie only for allia,0,2020-08-15 08:59:14
@achalverma0722,Bakwas movie tumlog ki movie mai khabi nhi dekhu gi,1,2020-08-15 08:59:05
@NehaSingh-is2nc,Middle finger to those who like this trailer.... bc sale...,0,2020-08-15 08:58:59
@oneplanet3975,Waiting big flop boxoffice,0,2020-08-15 08:58:48
@venombantai7282,Rip shushant and also rip to alia bhatt U say kill shushnt,0,2020-08-15 08:58:46
@ManojYadav-df6rp,Everybody should dislike this trailer and don't watch movie.supports for Shushan ..We want justice... Boycott mahesh bhatt..karan johar...Alia who insulted our dear Shushan...Let's show to these nepotist the true power of common human beings.,0,2020-08-15 08:58:46
@techinassamia6871,,0,2020-08-15 08:58:45
@saideep9361,Is huraami ke pille madarchod ki movie koi nahi dekhega...bhosdi wale ko iski laudiyan aur iski bibi ko ..charahe par..gang bag chudai karwao..bhosdi wale ko..jitna trol kar sako karo..is bhen ke launde ka...lund kat ke kutton ko khila do..madar chod..,0,2020-08-15 08:58:41
@ManojYadav-df6rp,Everybody should dislike this trailer and don't watch movie.supports for Shushan ..We want justice... Boycott mahesh bhatt..karan johar...Alia who insulted our dear Shushan...Let's show to these nepotist the true power of common human beings.,0,2020-08-15 08:58:41
@abhishekkehsarwani7237,Ghatiya trailer dislike,0,2020-08-15 08:58:40
@swapnilvaish3252,Worst,0,2020-08-15 08:58:38
@ManojYadav-df6rp,Everybody should dislike this trailer and don't watch movie.supports for Shushant ..We want justice... Boycott mahesh bhatt..karan johar...Alia who insulted our dear Shushant...Let's show to these nepotist the true power of common human beings.,0,2020-08-15 08:58:34
@binapanimondal3613,1 dislike for mahes and alia,0,2020-08-15 08:58:31
@maskstudiess6532,Susant fir justice,0,2020-08-15 08:58:21
@anitaganpatinor5238,Sorry S baba for dislike,0,2020-08-15 08:58:19
@abhishekloanwala,Dislike nikal lo,0,2020-08-15 08:58:18
@vasupoint1482,I dislike this movie bcz i know that mahesh bhatt is a stupid man ....,0,2020-08-15 08:58:00
@Kunalcharmi,Kuch bhi faltu movie ..,0,2020-08-15 08:57:59
@irfandj100,I came here specially to dislike this Video...,0,2020-08-15 08:57:59
@ektashrivastav4443,Dislike this trailer,0,2020-08-15 08:57:58
@THESHEKHARSHOW,Unlike jada hai like se,0,2020-08-15 08:57:56
@aakankshasingh8026,i dont like this movie sbse bekar h,0,2020-08-15 08:57:55
@kkstitch7298,Dislike for specialy alia,0,2020-08-15 08:57:51
@ManojYadav-df6rp,Everybody should dislike this trailer and don't watch movie.supports for Shushan ..We want justice... Boycott mahesh bhatt..karan johar...Alia who insulted our dear Shushan...Let's show to these nepotist the true power of common human beings.,0,2020-08-15 08:57:48
@ManojYadav-df6rp,Everybody should dislike this trailer and don't watch movie.supports for Shushan ..We want justice... Boycott mahesh bhatt..karan johar...Alia who insulted our dear Shushan...Let's show to these nepotist the true power of common human beings.,0,2020-08-15 08:57:43
@ManojYadav-df6rp,Everybody should dislike this trailer and don't watch movie.supports for Shushan ..We want justice... Boycott mahesh bhatt..karan johar...Alia who insulted our dear Shushan...Let's show to these nepotist the true power of common human beings.,17,2020-08-15 08:57:38
@pradhancreation6227,Who searches to dislike this trailer ? work done !! MISSION 5M+ DISLIKE .,82,2020-08-15 08:57:33
@viralvideos8716,...,0,2020-08-15 08:57:30
@ManojYadav-df6rp,Everybody should dislike this trailer and don't watch movie.supports for Shushan ..We want justice... Boycott mahesh bhatt..karan johar...Alia who insulted our dear Shushan...Let's show to these nepotist the true power of common human beings.,51,2020-08-15 08:57:29
@bishalsaha3340,Dislike,0,2020-08-15 08:57:29
@hirenparmar6432,Reporting kro bhai log,0,2020-08-15 08:57:29
@shubhamjain7710,Dislike not for dutt sir.,0,2020-08-15 08:57:19
@pratibhapulastya2796,Trailer actually me ghtiya hai..that is the reason to dislike..rest these all deserve this as well,2,2020-08-15 08:57:07
@ManojYadav-df6rp,Everybody should dislike this trailer and don't watch movie.supports for Shushan ..We want justice... Boycott mahesh bhatt..karan johar...Alia who insulted our dear Shushan...Let's show to these nepotist the true power of common human beings.,2,2020-08-15 08:56:48
@hirenparmar6432,Dislike kis kis ne kiya? Sb chutiye ko dislike kro,0,2020-08-15 08:56:45
@veersharmveer3935,2.4 Lakh like & 17 Lakh Dislike 2.2 crore views SBB kro dislike,5,2020-08-15 08:56:44
@ManojYadav-df6rp,Everybody should dislike this trailer and don't watch movie.supports for Shushan ..We want justice... Boycott mahesh bhatt..karan johar...Alia who insulted our dear Shushan...Let's show to these nepotist the true power of common human beings.,1,2020-08-15 08:56:43
@ManojYadav-df6rp,Everybody should dislike this trailer and don't watch movie.supports for Shushan ..We want justice... Boycott mahesh bhatt..karan johar...Alia who insulted our dear Shushan...Let's show to these nepotist the true power of common human beings.,2,2020-08-15 08:56:38
@Mit_ff_1204,We love you sanju baba ... A pehli movie hai jise mene dislike krne keliye search kiya,0,2020-08-15 08:56:36
@deepakshahi3258,U should take a lesson for the film coz very soon all these fucking actors are going to be on Mumbai sadak...,0,2020-08-15 08:56:33
@ManojYadav-df6rp,Everybody should dislike this trailer and don't watch movie.supports for Shushan ..We want justice... Boycott mahesh bhatt..karan johar...Alia who insulted our dear Shushan...Let's show to these nepotist the true power of common human beings.,0,2020-08-15 08:56:33
@chandankumarsingh9278,Nhi chalega,0,2020-08-15 08:56:32
@shreyasireteshsingh9556,Ham sirf dislike karne aaye h tera trailers dekhne nhi aaye h,0,2020-08-15 08:56:25
@ManojYadav-df6rp,Everybody should dislike this trailer and don't watch movie.supports for Shushan ..We want justice... Boycott mahesh bhatt..karan johar...Alia who insulted our dear Shushan...Let's show to these nepotist the true power of common human beings.,0,2020-08-15 08:56:22
@hirenparmar6432,Mahesh bhatt chutiya loda. Nepotism. Ignore this movei,0,2020-08-15 08:56:21
@sanjaybaviskar6485,Bakwas actor sab isme,0,2020-08-15 08:56:17
@ManojYadav-df6rp,Everybody should dislike this trailer and don't watch movie.supports for Shushan ..We want justice... Boycott mahesh bhatt..karan johar...Alia who insulted our dear Shushan...Let's show to these nepotist the true power of common human beings.,0,2020-08-15 08:56:16
@delightfuldancing1920,Just disliked it..,0,2020-08-15 08:56:15
@MrSiddop62,Mahesh bhatt ki movie par dislike maja katil ho tum sab,0,2020-08-15 08:56:14
@SantoshKumar-fo5kl,Fake acting....of alia,0,2020-08-15 08:56:14
@karanchartered2755,Maha fudu film,0,2020-08-15 08:56:13
@ManojYadav-df6rp,Everybody should dislike this trailer and don't watch movie.supports for Shushan ..We want justice... Boycott mahesh bhatt..karan johar...Alia who insulted our dear Shushan...Let's show to these nepotist the true power of common human beings.,0,2020-08-15 08:56:11
@shahnawazhusain4045,Mere Pyare bhaiyon is trailer disconnect # CBI SSR,0,2020-08-15 08:56:10
@ujawalovekar8397,Bakal,0,2020-08-15 08:56:08
@tithitithi2579,Chal Chutia....,0,2020-08-15 08:56:07
@neelamsiingh9,#Mahesh_Bhatt.. movies boycott... Anyways sadak 2 having a record. For most dislikes movie in the world.... Great job guy's.. Indian are very strong... Sir par chadhane aata h to.. Niche phekna b bahut ache se aata h humko... Ye public h ye sub janti h..... #justiceforssr #CBIenquiryforSushant,0,2020-08-15 08:56:06
@ManojYadav-df6rp,Everybody should dislike this trailer and don't watch movie.supports for Shushan ..We want justice... Boycott mahesh bhatt..karan johar...Alia who insulted our dear Shushan...Let's show to these nepotist the true power of common human beings.,0,2020-08-15 08:56:03
@rajeshbhardwaj4489,I don't like.,0,2020-08-15 08:55:57
@richin0118,I uninstall hostar,0,2020-08-15 08:55:46
@theveershow6351,Jin logon ne isse bas mahesh bhatt k lie dislike kiya unse bada chutiya koi nahi,0,2020-08-15 08:55:45
@balkishansharma3835,"chut, ...... Boycott total boycott",0,2020-08-15 08:55:45
@laxmisingh7032,Sala bakvas trailer aur bakvas pictures,0,2020-08-15 08:55:43
@Himanshuedits17,Dislike,0,2020-08-15 08:55:40
@adityalavate9016,Very bad trailer movie will suck,0,2020-08-15 08:55:36
@sweetygupta7515,"Surely not watch sadak2,gunjan,or any movie of karan johar,Kapoor's, salman,now only new star, outsiders only",0,2020-08-15 08:55:09
@niloybiswas815,Chutiya movie sala mahesh bhatt ka gand far dena chahiye,1,2020-08-15 08:55:03
@ramgaud7613,Finally 1M dislike,0,2020-08-15 08:55:01
@rahi_1998,#Boycotmaheshbhatt,0,2020-08-15 08:54:58
@vaibhaviparasar2589,Come let's dislike it,0,2020-08-15 08:54:55
@ChiranjitStatus,*Bangali kara kara dislike korte ascho bolo dekhi...*,0,2020-08-15 08:54:52
@lunaspark527,How have search this video to dislike. rip sushant .if you like me channel pls help and support me,1,2020-08-15 08:54:50
@bhatsumesh97,Bekar,0,2020-08-15 08:54:34
@rajputanapride2829,Just came here to dislike,0,2020-08-15 08:54:33
@PuspenRath,"I didn't Intend to write a comment too... But recent tweet by Ma'am Puja Bhatt intrigued me to do it. Dear ma'am, from this trailer I'm pretty sure this movie is really a mindless garbage please accept it and try to make something better next time.",0,2020-08-15 08:54:19
@amitchoudhary1961ji,Hamne apne ko kho diya susant bhai ko,0,2020-08-15 08:54:10
@gauravchoudhury85,"Alia learn how to act from Mahesh Bhatt, he is the quintessential criminal mouthpiece of the mafia acting as if he knows nothing, thats acting for you.",0,2020-08-15 08:54:05
@kashagaurav,trailer dislike You tube 10 second 1 million dislike video youtube 2 .. harmful contents... Sushant case cbi krao movie .. ...,0,2020-08-15 08:54:02
@animesha1204,,0,2020-08-15 08:53:52
@shahnawazhusain4045,,0,2020-08-15 08:53:37
@a4ugamers726,I only like sunjay dutt not Alia the kalia,0,2020-08-15 08:53:29
@maansinsinwar,But I love sanjay dutt,0,2020-08-15 08:53:27
@legacytiger,Please boycot this film,0,2020-08-15 08:53:20
@kapilchauhan4877,Boycott this movie,0,2020-08-15 08:53:18
@sanjaygadhavi6198,Bakvas hai i don't like mahesh bhatt aliya and all her family s movie,0,2020-08-15 08:53:09
@maansinsinwar,I hate mahesh bhatt,0,2020-08-15 08:53:07
@sheetalchouhan4595,I just opened to dislike the video,1,2020-08-15 08:53:02
@surajtomar5979,I am giving a thumbs up just for my favourite Sanjay Dutt not for the movie.,0,2020-08-15 08:53:00
@rahuldarshan2543,The only good part about this movie is sanjay babu,0,2020-08-15 08:52:53
@sweetyrajput2999,Dislike is better option than all valuable comments,0,2020-08-15 08:52:49
@thakurarjunchauhan5823,,0,2020-08-15 08:52:49
@simonchakma2574,Boycott this movies,0,2020-08-15 08:52:45
@gamerray8539,Round two guys!! Lets gooo,0,2020-08-15 08:52:43
@geetamalinivalluru5272,Who is this actress ?,0,2020-08-15 08:52:41
@pavanjoel4080,Let's make this the most disliked trailer,1,2020-08-15 08:52:39
@AKMINICOOKER,# justice for sushant Singh,0,2020-08-15 08:52:38
@ushanmasthan5385,Alia _______________&____________&___________,0,2020-08-15 08:52:34
@shalusharma6538,Nepotism,0,2020-08-15 08:52:33
@HarshKumar-nd4qb,Roast alia,0,2020-08-15 08:52:31
@devedits9079,Dislike bolte,1,2020-08-15 08:52:31
@ManojYadav-df6rp,Nobody should watch this movie of dirty mahesh bhatt,0,2020-08-15 08:52:29
@devdofficial4323,Don't see trailer sadak 2 plz dislike bharat mata ki jay 1 billion dislike hona chahiye jay jawan jay kisan jay hindustan,0,2020-08-15 08:52:19
@skyuniverse731,am sure people are searching this movie for dislike great actor mahes vatt,65,2020-08-15 08:52:18
@stutsvideo337,Flop....hai,0,2020-08-15 08:52:17
@b.l.gurjar__kota_______9645,,0,2020-08-15 08:52:09
@sanjayaggarwal9980,Alia,0,2020-08-15 08:51:55
@Domiravula,,0,2020-08-15 08:51:46
@panther-c4u,Are report karo,0,2020-08-15 08:51:44
@kundankrgautam7593,This movie deserved only dislike,0,2020-08-15 08:51:35
@abhijitlahon254,Mahesh buat marega,0,2020-08-15 08:51:31
@saudaminitrivedi1517,I just came here to unlike this trailer video......and done my job.....,0,2020-08-15 08:51:23
@praveshsharma1535,Kya tatti trailer hai ..,0,2020-08-15 08:51:14
@Right_of_speech,@sanju baba aap mere chahete actor ho.....lekin aapne iss movie me acting bekar me kiye ho,0,2020-08-15 08:51:11
@pranavsrinidhi9642,The happiness is no. of dislikes are more than no. of likes.. it even surpassed 1million... that drama queen and karan johar are deserved to be hated that much.,0,2020-08-15 08:51:06
@riyafritz7015,They r removing the dislikes....I came to check for the 3rd time n every time my dislike to this trailer was removed...anyway youtube keep removing i ll keep disliking hahaha,4,2020-08-15 08:50:58
@urmilakorram229,"Why aliya, why u not want c.b.i. for SSR",0,2020-08-15 08:50:52
@zeddee9496,Arrey... Stop disliking this video instead start reporting,1,2020-08-15 08:50:42
@gosevak,1st vidio Dislike,0,2020-08-15 08:50:41
@ankushdhawale4628,More dislikes coming soon.....,1,2020-08-15 08:50:35
@makaranddixit3229,Very bakwas,0,2020-08-15 08:50:33
@IamPratham7,Disney bhai inke videos kabhi Post mat karna subscriber kam ho jayenge,0,2020-08-15 08:50:33
@riggamriba5388,Galti se b agr maine yeh movie dekha to..bagwan mujhe kabhi maaf na kare..,0,2020-08-15 08:50:31
@skyuniverse731,ssr is more talented than alia miss u suahant,0,2020-08-15 08:50:28
@dashrathkumar1626,Don't like this alia,0,2020-08-15 08:50:25
@parmarhitesh2672,Kat gaya na.....,0,2020-08-15 08:49:54
@RahuulGhoshh,Sadak 2 ko sadak par la diya lol,0,2020-08-15 08:49:54
@skyuniverse731,i think alia didn't know what is acting,0,2020-08-15 08:49:54
@ShailendraSingh-je3sp,Dislike kerne ki to bs abhi suruat h.. Kyo ki Ab dikhayenge hum Viewer's apne thakat...!,0,2020-08-15 08:49:52
@nishaguragain7121,WebMovies subscribe free #sadak2 movie,0,2020-08-15 08:49:48
@ravi-singh1001,,0,2020-08-15 08:49:45
@harshdeepsingh3106,3 million dislikes aim,0,2020-08-15 08:49:38
@prachishukla9964,Chuttiyapa,0,2020-08-15 08:49:30
@A.R_338,Sadak ko sadak par hi rahane do,0,2020-08-15 08:49:25
@subhashrajput9572,Dislike,0,2020-08-15 08:49:22
@Prakashkhanal500,",",91,2020-08-15 08:49:16
@pranatiganiga4737,Not only dislike also report it,0,2020-08-15 08:49:11
@neeturaghuwanshi1798,Hahaha sadak par hi aoge,0,2020-08-15 08:49:00
@literaryworld1101,"Vishesh Films, you deserve this dislike......",0,2020-08-15 08:49:00
@IamPratham7,Congratulation everyone most dislike trailer in the world 1st time in history,43,2020-08-15 08:48:44
@harshdeepsingh3106,2 million unlike hahaha,1,2020-08-15 08:48:41
@nikolatesla1031,Most liked trailer in the world: India Most disliked trailer in the world: India,0,2020-08-15 08:48:37
@ti6nx120,Why the name of the film is Sadak ?,0,2020-08-15 08:48:36
@Riturajsinghdixit,,1,2020-08-15 08:48:36
@shivanisaini8638,What the hell is this,0,2020-08-15 08:48:24
@Harishchetry,Bakwash.. kla...... bhatt khandan,0,2020-08-15 08:48:15
@9008627185,Big dislike to your nepto,0,2020-08-15 08:48:04
@prasathganesanvbce5142,Pls no one watch tis on ott and also in theatres...give support for sushant..,0,2020-08-15 08:48:01
@literaryworld1101,Good to see that people have not forgotten the Sushant tragedy.,3,2020-08-15 08:48:01
@JitenderKumar-cm5eq,Bc kutte ikathe kiye h saare tharki buddhe ne,0,2020-08-15 08:47:57
@ratnaprasadnaidubasa9407,Lol 1.7m dislike this is the best dislike trailer i think,0,2020-08-15 08:47:56
@swastikenterprises3659,I love Sanjay dutt....... Love sanju Baba,0,2020-08-15 08:47:52
@namrata87,"#TrailerDekhoDislikeThoko , We Should All Dislike These All Non Deserving Actors (Alia Bhatt , Aditya Roy Kaporr) Saalo ko Itna Hate Dege Ki Yeh Logo Ko Sadak Pe Laake Choode Ge Jaanta . Koi Bhi Undeserving Actors Ki Movie Maat Dekho ( Tiger Shroff,Karan Gorilla Johar , Varun Dhawan, Sonam Kapoor , Raveer Singh , Ranbir Kapoor , Janhvi Kapoor Etc ) Watch Movies If Extremely Tanpanted Actors (Tapsee Pannu, Vicky Kaushal , Rajkumar Rao , Ayushman Khuraana , Mouni Roy , Aadil Khan , Bhumi Pednekar , Vidyut Jamawaal , Ajay Devgan , Etc) Hate To Nepotiese.",1,2020-08-15 08:47:31
@bheeshmar6217,Let's show this nepotism kings that who is the boss....we throw them money and they entertain us...that's all ....in sabko bahut chadi hai sir pe...nikal do,0,2020-08-15 08:47:26
@adityasaxena9336,Sorry sanju bhai,0,2020-08-15 08:47:24
@babusharma5517,Gatar 2 movie gatar mai hi jaye ga,0,2020-08-15 08:47:21
@souravkashyap2809,Please Bhai log ye loggu Ku super star hami log banate h ab yeku ynki public power dikhana huga please,0,2020-08-15 08:47:17
@pintusingh958,Boycotte.,0,2020-08-15 08:47:13
@jitendrapatel970,Is bhosdivale love flop karvao,0,2020-08-15 08:47:07
@danishshaikh3034,Ye Bhatto ki waja se Sanju bhai ka b naam kharab hogya,1,2020-08-15 08:47:03
@tinkletinklelittlestar8803,"Even if she wasnt involved in nepotism , this deserves dislike.... Veryworst trailer.... Icant imagine how the movie will be",6,2020-08-15 08:46:56
@nehapanday2787,Mera 1st dislike...,0,2020-08-15 08:46:53
@saurabh_sahu72,"hotstar hotstar uninstall "" """,0,2020-08-15 08:46:47
@IamPratham7,Jitne bhi phone hai sub me dislike karo moo band kardo,0,2020-08-15 08:46:46
@anshusaxena491,Sorry Sanju Baba I hate mahesh bhatt,0,2020-08-15 08:46:43
@jeevankrishna3605,Dislike dislike dislike,0,2020-08-15 08:46:38
@anukumari4796,Alia Bhatt nepotism,0,2020-08-15 08:46:29
@rawrock5841,I will dislike every movie of bollywood....,0,2020-08-15 08:46:27
@armanish07626,No more garbage please,0,2020-08-15 08:46:16
@pepstudio-tusharranjanbhad7810,Thoes who are doing dislike to this video they all are showing they are all with sushant sing rajput.. ye insaf ki ladhai pure desh k aur se.. Salute to all indian.. jai hind..,3,2020-08-15 08:46:14
@srikanth4223,Disney hotstar.. you have your own standards.. don't take this movie.. you will loose everything..,0,2020-08-15 08:46:12
@prasathganesanvbce5142,All producers and directors must see d effect of tis...if further u work with tis Bollywood nepotism kids it will get severe...dislike dislike dislike and boycotting...from tamilnadu...,0,2020-08-15 08:46:11
@dharmendraarpan8413,Worst,0,2020-08-15 08:46:07
@ShikhaSingh-tg8sg,Bakwas,0,2020-08-15 08:46:03
@DS-ih6ti,Loda sale,0,2020-08-15 08:46:02
@tigertv1229,Dislike,0,2020-08-15 08:45:57
@saxena_,Jo dislike kr rha hn bagwan unki duaa kbool kra .... Aur jo like kr rha h unka beda gark ho,0,2020-08-15 08:45:56
@yuvrajsingh7142,Bohot beekkkkkkkkkkkkkaaaaaaaaaaaaaaarrrrrrrrrrrrrrrrr,0,2020-08-15 08:45:48
@sumitpanchal99,Boycott,0,2020-08-15 08:45:48
@raushankumar-xl1vz,Baakvas,0,2020-08-15 08:45:41
@gauravtaparia4825,ye like deserving movie hai hi nhi,0,2020-08-15 08:45:39
@atultripathi7515,Dislike becoz of alia bhatt,0,2020-08-15 08:45:37
@dharmendraarpan8413,Bhaiya Ji dislike pl,1,2020-08-15 08:45:23
@rathindraghosh6933,Bakwas hain yeh sadak 2 disgusting,0,2020-08-15 08:45:19
@cutesabershow7350,Bloody murderers,0,2020-08-15 08:45:16
@manvendrasingh5016,Flop ke liye teyar rahoo alia...,0,2020-08-15 08:45:12
@manikandanmoorthi2817,Dislike,0,2020-08-15 08:45:11
@chaudharysangeeta5012,",gatar",0,2020-08-15 08:45:06
@shivaguleria,Bakwas movie hai,0,2020-08-15 08:45:05
@premkumari7900,Nafrat kartahu Aliea n Bollywood movies,0,2020-08-15 08:45:01
@hardikprajapati380,Very funny,1,2020-08-15 08:45:00
@saurabhchitransh1877,We really have to boycott Nepotism,0,2020-08-15 08:44:59
@wapzyaden4629,iv clicked the dislike button,0,2020-08-15 08:44:56
@dimplejha2746,I came here to dislike then I started reading comment box,3,2020-08-15 08:44:56
@AmitTiwari-vs2ff,bycott that bollywood's papa ki pari,0,2020-08-15 08:44:55
@snehasingh1479,,0,2020-08-15 08:44:30
@rajusahu1952,Mera desh badal raha hai,0,2020-08-15 08:44:27
@hardikprajapati380,Bakvas he,1,2020-08-15 08:44:17
@gorakhpurup_5357,I hat movie,0,2020-08-15 08:44:12
@surendranath1187,https://www.youtube.com/channel/UCpFPqeOozastOxbxV2ZWSvg,0,2020-08-15 08:44:07
@AmitTiwari-vs2ff,,0,2020-08-15 08:44:06
@rituparnasarma4170,I will never see bollywood movie only HOLLYWOOD movie,0,2020-08-15 08:44:00
@jaswantgaykwad19,Super hit,0,2020-08-15 08:43:50
@hardikprajapati380,En logo ko movie deni hi nahi chahiye.,1,2020-08-15 08:43:50
@annapurnarecipes6244,They deserve my dislike,0,2020-08-15 08:43:48
@LaxmanOfficial8,Behenchod bakwas band karo.. Sushant ke liye justice lao...mc,0,2020-08-15 08:43:45
@janikrishna320,Dislike ka lo maja pahale Sushant ko nhi pahchnati thi alia madam ab pata chalenga inko,0,2020-08-15 08:43:39
@tanusrigoel7988,Alia rocks u stupid ppl are disliking without thinking anything,1,2020-08-15 08:43:34
@Suddenvlog110,Bakwas,0,2020-08-15 08:43:34
@avisekchakraborty1966,2.2 lakh likes? Seriously?,0,2020-08-15 08:43:32
@sunilpandey6358,,0,2020-08-15 08:43:29
@PankajSingh-zm6pe,Mahesh bhatt ki beti tanch Hai,0,2020-08-15 08:43:25
@Foodieengineer011,,0,2020-08-15 08:43:24
@rupeshlikethissogemandal6028,Buddha ka bak bash movie,0,2020-08-15 08:43:14
@mkindiangkguru600,All viewers dislike mission is on...,0,2020-08-15 08:42:54
@reyaanshtiwari5251,"Sanju baba we Respect you , pls dont work with these Tati",0,2020-08-15 08:42:53
@rituray5112,Alia Bhatt fancy Laga Lo,0,2020-08-15 08:42:53
@ramprakashsaini7562,Boycott,0,2020-08-15 08:42:48
@learnwithme6878,completely bullshit,0,2020-08-15 08:42:38
@divyamehra8981,Mahesh bhatt ab apni movies me Aliya bhatt ko hi lete h,0,2020-08-15 08:42:37
@chandrakantsonavane7431,,0,2020-08-15 08:42:34
@manvendrasingh5016,,0,2020-08-15 08:42:31
@vishalvishu5841,,0,2020-08-15 08:42:30
@epicstories07,REPORT THIS VIDEO AS SPAM SO THAT YOUTUBE TAKE IT DOWN AS PER GUIDELINES,0,2020-08-15 08:42:29
@PankajSingh-zm6pe,Sabse pahle Salman khan ki,0,2020-08-15 08:42:29
@pushpakashyap892,tum log kachra hi ho...,0,2020-08-15 08:42:28
@hardikprajapati380,Es se accha to M. S. DHONI tha,1,2020-08-15 08:42:26
@hardikprajapati380,Es se accha to M. S. DHONI tha,0,2020-08-15 08:42:26
@mhakalkediwane28,Boycotts Mukesh bhatt,0,2020-08-15 08:42:24
@MrShubhamdancing,Sabse,0,2020-08-15 08:42:21
@PankajSingh-zm6pe,Ek bhi thakur ki movie galat banae na to Bollywood ki maa chod dunga,0,2020-08-15 08:42:13
@sonumalik5802,Flop move,0,2020-08-15 08:41:55
@Coolreji,"Hit Like for Maharashtra, Mumbai Police and Marathi People. 1.7 Assholes in country believes that Worlds no. 2 Mumbai Police, Who captured Kasab? Faced most dangerous Terrorism, they are doing fake investigation? These 1.7 accounts should be banned immediately under cyberbullying and harassment. And whoever is running this campaign should sued in courts. FIR should be launched against defamation of Bhatt family and all bollywood legends. I am with Mahesh Bhatt, Pooja Bhatt Alia Bhatt, And Sanju Baba. Hippocrates get lost. SSR is dead and No one knows reasons. #ToxicSocialMedia #hatepolitics #Sadak2 #IsupportMumbaiPolice #MumbaiPolice #CyberPoliceMumbai",0,2020-08-15 08:41:55
@mahekrajsinhjadeja4217,Ttti,1,2020-08-15 08:41:54
@MUKESHSINGH-gm6lf,",,",0,2020-08-15 08:41:51
@rahulkumardhruw1545,Maine ye video sirf or sirf Dislike karne ke liye search kiya only for #hindustanibhau #bycott #faltulog,0,2020-08-15 08:41:49
@piyupatil9566,I like this trailer,0,2020-08-15 08:41:46
@rcgcgroupchowdryfamily3586,Excellent this movie rocking show of strength for Safety love life Gautam Chowdry From Love wala life,0,2020-08-15 08:41:41
@SANTOKOBA,Boy cutt bhosari wali,0,2020-08-15 08:41:15
@afrozkhan1596,Jo is movie ko dislike kar rahe hain wo actually asli gaddar hain kyonki is film se kitno ko rozgaar mila hain or jinke pet pe laat mar rahein bhakt wo is mulk ke hindustani hai,0,2020-08-15 08:41:11
@lovehunter_f9119,Ghatiya trailer,1,2020-08-15 08:41:02
@LataMangeshkarHD,"Bekar kyu criticize kar rahe ho film ko...theek lag rahi hai film to....jahan tak nepotism ka sawal hai wo to duniya ki har field mein hi hota hai....weather its politics or any other field....rajneta apne bete ko rajneta hi banana chahega,doctor apne bete ko kaise bhi karke doctor hi banana chahega bhale hi wo us qabil ho bhi ya nahin....aur ek film ko dislike karne se kya hoga....",0,2020-08-15 08:40:59
@PankajSingh-zm6pe,Bollywood ki maa chod do,0,2020-08-15 08:40:55
@shakyavivek4694,Isa mdarchod kon Picture kisne dali,0,2020-08-15 08:40:52
@samritisharma4186,Flop,0,2020-08-15 08:40:51
@pateljay93,26m view wow.,0,2020-08-15 08:40:45
@kundankumar-su3wx,,0,2020-08-15 08:40:41
@sandeepshashni3771,DISLIKE,0,2020-08-15 08:40:32
@gairikamajumder6806,Bad,0,2020-08-15 08:40:32
@VinodKumar-uo9hs,Big floop,0,2020-08-15 08:40:32
@psps7117,Hey there! I am using WhatsApp.,0,2020-08-15 08:40:23
@vivekanandvicky1336,Kachra h sala,0,2020-08-15 08:40:21
@mumtazchandsaifi9643,superflop,0,2020-08-15 08:40:19
@sakshishrivastav4356,Vahiyad ldki ka movie aa gya,0,2020-08-15 08:40:16
@thistechtalks,Who opened this for dislike??,0,2020-08-15 08:40:12
@putulsarkar7189,Such a trash it has no sense and story,0,2020-08-15 08:40:12
@Sanjaykumar-tj7ln,Sorry sanju baba,0,2020-08-15 08:39:58
@moalkr3303,Why mourning for the one who is already dead ...I bet no one give serious when he was alive stupid pathetic people .,0,2020-08-15 08:39:56
@mhakalkediwane28,Very bad thuuuuuu,0,2020-08-15 08:39:52
@satyamahire7003,My like only for Sanju baba not kaliya,0,2020-08-15 08:39:52
@ayushbhatt7185,Congratulations to everyone.most disliked movie trailer ever in the world,171,2020-08-15 08:39:51
@CutePolu,Kaun hai ye jo actress bani hai. Isse achha to kisi bandariya ko le lete isse accha acting karti. Ye to sakal se bimari aur bheekh mangne walo se gayi gujari lagti hai. Hamare yaha k beggars isse acchhe hote hai,0,2020-08-15 08:39:49
@bpscaurhum,Totally bakwas movie,0,2020-08-15 08:39:44
@drmuraliraju,"People have the power to bring the rouges of the film industry, down to their knees. Those, who survive on the people's will, should learn to respect the people's will. Bollywood needs cleansing and people will do that",10,2020-08-15 08:39:43
@renukarajesh3426,I wonder why don't YouTube remove this video with soo much of dislike... am here just to give a dislike.. nothing much,0,2020-08-15 08:39:42
@ahmeksoch,,0,2020-08-15 08:39:42
@manoju116,"Becz of Alia , am dizlike this video",0,2020-08-15 08:39:40
@gymactore5354,Oh my god AliaSHIT.,3,2020-08-15 08:39:39
@jaydeepmsolanki1988,Don't watch this Movie... Let's ban this guys till sushant gets justice,0,2020-08-15 08:39:39
@kirtygupta8479,I have disliked before watching this.. Then I have watched it,1,2020-08-15 08:39:38
@aminsaiyed8772,Biggest disaster movie history of India cinema,0,2020-08-15 08:39:33
@maithilihitscompany9161,Boycott,0,2020-08-15 08:39:29
@pardeeplalar,Jo likes mile hai wo bhi Sanju baba ki den hai.,0,2020-08-15 08:39:23
@sharvan3979,Kar diya dislike,0,2020-08-15 08:39:22
@vinitgujjar9199,,1,2020-08-15 08:39:22
@5minuteexperimentcraft121,Faltu,0,2020-08-15 08:39:13
@kamalsinghbohra83,Flop hogi,0,2020-08-15 08:39:13
@dethanrs6988,Boycott such kind of boring movie,0,2020-08-15 08:39:10
@hitkumar-xj3eu,My foot,0,2020-08-15 08:39:06
@afrozkhan1596,Awesome n bhakto ko burnol,0,2020-08-15 08:39:04
@sudhanshuyadav8832,I dislike without thinking any thing,0,2020-08-15 08:38:52
@aitproentertainment4799,No,0,2020-08-15 08:38:50
@leeeacademy,SADAKCHHAP LOGO KE SAATH YAHI HONA CHAHIYEEEEEEEEEE.............,0,2020-08-15 08:38:43
@CorporateRider-re,Is bhatt madarchod ki movie ko Jo dekhe wo haram ka,0,2020-08-15 08:38:39
@RKengiraRajeshkumar,Disliked for our Sushanth depression..... By chennai boy.. Tamil paiyan,0,2020-08-15 08:38:37
@pateljay93,Nice movie. Waiting for Sanjay datt movie.,0,2020-08-15 08:38:33
@rat5430,,0,2020-08-15 08:38:29
@iswariiaspcs4670,"This is flop movie in all past movies, boycott nepotism",2,2020-08-15 08:38:27
@therajvamja6782,,0,2020-08-15 08:38:24
@nishtunishaa,I hope Disney shows us more and more Hollywood movies and sushant Singh Rajput movies. .. please hear our request...thank you,16,2020-08-15 08:38:20
@Rathodv2000,Itni jldi dislikes km kese hogye....kl tk to 9.7million dislikes the...kuj gadbad ha yrrr bc,0,2020-08-15 08:38:20
@deepaktomar3756,,0,2020-08-15 08:38:19
@laxmantahiliani1988,"Now, Alia Bhatt got to know who SSR is . Sadak 2 to Sadak pe aa gaya",1,2020-08-15 08:38:14
@nationwants2see,Disney + Hotstar is now became a huge dustbin or a dump yard ... pray for them!,0,2020-08-15 08:38:13
@parumitabhattacharjee6854,Mar ja Sanjay Dutt.... Kyuki tune iss tharki buddhe ka Film kiya hai.... Aur alia ko v leke ja apne sath,0,2020-08-15 08:38:09
@BhatiJi.137,Dislike,0,2020-08-15 08:37:49
@insanevivekofficial,Out of backchodi,0,2020-08-15 08:37:48
@shahidnmohd12,Bollywood bas remek or part 2 par hi chal rha he Wo bhi bakwaas,0,2020-08-15 08:37:45
@therajvamja6782,Binod vali movie,0,2020-08-15 08:37:42
@darksecretgaming8551,Dislike,0,2020-08-15 08:37:34
@unicorn13455,Bloody idiots ...what kind of algorithm is YouTube using for recommendations a video to user...even after dislikes it's in my recommendation,0,2020-08-15 08:37:32
@therajvamja6782,Bekar,0,2020-08-15 08:37:30
@rajkumar-qq2zq,Boycott,0,2020-08-15 08:37:26
@menpower7759,Dislike mar Diya aur kuch chuna nahi,0,2020-08-15 08:37:25
@PreetFulmali,Don't watch,0,2020-08-15 08:37:23
@JyotiKumari-vd7gu,Baba or koi nhi mili is film me,0,2020-08-15 08:37:23
@RakeshSharma-ly4lr,Bycott,0,2020-08-15 08:37:21
@selflesstime7991,Mental depression creator director Mahesh Bhatt flim is mental depressed Flim,0,2020-08-15 08:37:18
@doctornotebook,So bakwas story,0,2020-08-15 08:37:18
@nishtunishaa,Watch avengers again on hotstar and sushant Singh Rajput movies again... sorry rip Bollywood...not our fault...it's your fault that you all killed sushant Singh Rajput...sorry rip Bollywood,4,2020-08-15 08:37:18
@nikhilsinghbhardwaj5943,Randiwala,0,2020-08-15 08:37:10
@continuewithabhishek,bkwas...,0,2020-08-15 08:37:03
@Cutebaby-hc2fn,Sabse pahle Disney or hotstar ko unsubscribe karna start kar de,0,2020-08-15 08:36:52
@rohitjha9530,Muji nhi dikha na hai ya movie,0,2020-08-15 08:36:49
@ajumasti1281,Lets flow dislike,0,2020-08-15 08:36:45
@laxmiroy5288,We hate this movie only for Alia Bhatt & Mahesh Bhatt not for Jesu Sengupta ...... And congratulations for 99 millions dislikes......,0,2020-08-15 08:36:43
@anjuraj5784,Sorry Sanjay Dutt sir,0,2020-08-15 08:36:43
@jayashreekumaran1619,What a great nickname u got Ali.... Ugly alia,0,2020-08-15 08:36:39
@prabharoychowdhury6328,Such a disgusting trailer... -_-,0,2020-08-15 08:36:35
@sushantpandey1242,Dislike without watching this trailer,0,2020-08-15 08:36:34
@tejpalsinhsolanki7531,MC Bollywood,0,2020-08-15 08:36:31
@MUKESHKUMARAZAD0121,Aali ko laao or mere lode prr beithao,0,2020-08-15 08:36:30
@rahmatshekh7326,Laura ka suna tha bsdk,0,2020-08-15 08:36:24
@officialkumar001,Flap film,0,2020-08-15 08:36:21
@prmlprml5880,filmi background walo ki film main toh kabhi nahi dekhunga aur na hi apne kisi parivaar wale ko dekhne dunga,1,2020-08-15 08:36:10
@missrimamudoi5374,Dislike,0,2020-08-15 08:36:10
@jindgijhalawarpatel3424,,0,2020-08-15 08:36:07
@siddhantsharma287,Thoko dislike with binod,0,2020-08-15 08:36:06
@JyotiKumari-vd7gu,Big flop,0,2020-08-15 08:36:06
@rumkikundu2241,,0,2020-08-15 08:36:01
@viratkumar3465,Randi wala pagal movie hai,0,2020-08-15 08:35:45
@dreamstory3195,Sorry .......sanju baba,0,2020-08-15 08:35:40
@naveenverma1510,I think Sanjay dutt and Aditya Roy Kapoor actor but I am against untalented Bhatt and worst Mahesh bhatt,0,2020-08-15 08:35:35
@euphorialyric1333,Dislike but i love aditya so much,0,2020-08-15 08:35:33
@SameerKhan-gl2yl,Everyone is on Sadak ......,0,2020-08-15 08:35:30
@pareshsolanki9498,Dick like,0,2020-08-15 08:35:25
@priyapriyadarshi9b818,I just came to dislike,0,2020-08-15 08:35:23
@ankitwithgkshots,,0,2020-08-15 08:35:21
@satyamsharma5812,One of the worst trailer i have ever watch,0,2020-08-15 08:35:12
@sajalmahanty865,Public upar uthata hai...... Or niche girata bhi hai.......,0,2020-08-15 08:35:06
@AmitRajput-pq1tt,Waste of time!!! Love u Sushant,2,2020-08-15 08:34:49
@naveenverma1510,I think Sanjay dutt and Aditya Roy Kapoor actor but I am against untalented Bhatt and worst Mahesh bhatt,0,2020-08-15 08:34:48
@petslovers6671,Payar kachra ko sona bana dia ( aila bhat),0,2020-08-15 08:34:20
@funkibaat5679,Dislike,0,2020-08-15 08:34:18
@Rk14345,If they realese i will uninstall the app..,0,2020-08-15 08:34:18
@nishirahangdale8365,Star kids BC,0,2020-08-15 08:34:18
@aniketsarkar3169,Came here to dislike,0,2020-08-15 08:34:17
@dheeraj.l7084,"Dislike maaro jaise, uss budde ke takle pe maar rahe hoo",0,2020-08-15 08:34:11
@Sahiba9927,awesome trailer ..i really like..... don't be extra negative guy's ....and judge on basese of her acting she is faboulus...i want will watch this movie....absolutely,0,2020-08-15 08:34:07
@tinkughosh8007,Indian no-1 top flop very bad trailer,0,2020-08-15 08:34:06
@AnushkaSingh-dk6hd,"I love aditya roy but i hate alia more ,,,,,...so i had to dislike it",3,2020-08-15 08:33:59
@omkarhole72,Only sushant sir,1,2020-08-15 08:33:52
@ranjeetannasahebpatil2715,Buddha is going to be super folp... I hate nepotism raja wahi banega jo hakdaar hoga.,0,2020-08-15 08:33:51
@yasmin-Arfin,Dirty picture full follow up,1,2020-08-15 08:33:38
@jayaanthony5618,Plz don't watch this movie guys plz... but we will love sanjay dutt,0,2020-08-15 08:33:34
@ashchauhan4825,Ye deslike wali power govt Ko b dikhado chutiya Desh agey bdega gandu log,0,2020-08-15 08:33:33
@AK-lq2yj,Murders,0,2020-08-15 08:33:18
@Pravin-r1e9j,Boycott it on all platform ..har har mahadev,0,2020-08-15 08:33:12
@mridulsarker,#boycottnepotism,0,2020-08-15 08:33:12
@babaal858,Baba majboori hai islie muje dislike karna padra hai lekin apke lie like raega hamesha....,0,2020-08-15 08:33:11
@Rkofficialvideo1,,0,2020-08-15 08:33:08
@kalpanadootmaurati4786,Why Disney why?,0,2020-08-15 08:33:03
@kalersaab1427,Very nice,0,2020-08-15 08:32:55
@akshay.2222,Aliya ke muh par thappar maro Sali harami Sala sab mil kar Sushant bhaiya ko maar diye..,1,2020-08-15 08:32:47
@anushkadas812,,0,2020-08-15 08:32:40
@TR-OUT,Maro dislike Yehi. Wo Alia bhat hai na Mahesh bhat ki beti Jo kill sushant bol rah tha,0,2020-08-15 08:32:40
@Zindagi_0_kmtr,Woh to sanjay dutt hi h nahi to like bhi nahi milte,1,2020-08-15 08:32:31
@AMARJEETSingh-jl4kl,Boycott bollywood movies,0,2020-08-15 08:32:27
@vidushityagi707,Sadak pr la do inko,0,2020-08-15 08:32:26
@pradeepthakurpradeepthakur4832,,0,2020-08-15 08:32:26
@yallneedAaryaaa,Most dislike film in the world,53,2020-08-15 08:32:24
@sonusony2543,Pappu movie,0,2020-08-15 08:32:19
@chamankumar3087,Dislike person like my comment,0,2020-08-15 08:32:17
@arundubey9036,#sushantsinghrajput,0,2020-08-15 08:32:16
@pareeshahameddribay5348,Hope will be a industry hit...love you aliya,0,2020-08-15 08:32:12
@rajofficial8464,Aur bhai Disney Plus hotstar.... Tum Jo is logon Ko video YouTube per Post kar rahi ho... Tumhen bhi ham sab log report kar denge. Tum bhi tik tok ki Jaise band Ho jaaogi,0,2020-08-15 08:32:12
@kingindiangaming8857,"No like , No Dislike",0,2020-08-15 08:32:12
@dipanjandey6578,Baba I love you,0,2020-08-15 08:32:01
@ShekharCR7,,0,2020-08-15 08:31:56
@senxt5944,Dislike,0,2020-08-15 08:31:52
@dipanjandey6578,In love it,0,2020-08-15 08:31:50
@fristnamelastname5265,Chor,0,2020-08-15 08:31:49
@banrakas9006,We want justice#ssr,1,2020-08-15 08:31:46
@ankithambire11,...,0,2020-08-15 08:31:46
@crazycartoon7304,Please press the Dislike button now.,1,2020-08-15 08:31:39
@sudhirrathore4236,,0,2020-08-15 08:31:38
@pawanbalotia3455,Bakwas h no-one should watch,0,2020-08-15 08:31:38
@surajpatel99938,Ye public h kisi ki mar bhi sakti h aur kisi ke liye mar bhi sakti.... ..,0,2020-08-15 08:31:33
@rekhagupta-te3nq,Kisko dikha diya heroin ke name per. Thooooooooo.,0,2020-08-15 08:31:31
@anime-edits-77B,most dislikes movie in world,1,2020-08-15 08:31:29
@sidharthanu.s4716,Justice for Sushant,0,2020-08-15 08:31:28
@desicreator3779,Kachra film hai,0,2020-08-15 08:31:26
@Lakhya2102,Alia bhatt side ot,0,2020-08-15 08:31:24
@VivekKumar-oh7oz,Dislike alia bhatt,0,2020-08-15 08:31:21
@sudhirrathore4236,NO,0,2020-08-15 08:31:19
@yashwantraoviolin3017,,0,2020-08-15 08:31:16
@parmindersingh2558,Most hated trailer of decade,1,2020-08-15 08:31:09
@akhyaikadhani869,Alia=star kid=nepotism #Justice for SSR Video disliked & trailer unseen,0,2020-08-15 08:31:07
@umeshpisolkar7029,Not interested,0,2020-08-15 08:31:02
@liyancars143,Sanju baba in kutto k saath kaam krna bnd krdo......Baki koi nhi movie pitegi pkka but aap humesha hero hi rahoge.... sorry Sanju baba....,0,2020-08-15 08:31:00
@payalsaha621,Abb dekh Susant kaun hain na? Abb pata chalega kaun tha..,0,2020-08-15 08:30:54
@bhativikas4067,....,0,2020-08-15 08:30:52
@poonampanwar4985,Aliya,0,2020-08-15 08:30:51
@vinay1308,"Loll,",0,2020-08-15 08:30:50
@Drsunilyadav-sraschool,Nepotism,0,2020-08-15 08:30:42
@ankit.akankit8111,Koe trailor ko like Mt kro,0,2020-08-15 08:30:36
@vinaydsk9674,#NO ALIA BHATT PRAISE FOR SUSHANT,1,2020-08-15 08:30:34
@subhradas9192,Third class tralier.The worst .,0,2020-08-15 08:30:28
@manojyadav7736,,0,2020-08-15 08:30:26
@goodwillgs8577,Must be disliked,0,2020-08-15 08:30:24
@prikshitverma5358,Ahhhh thuuuu,0,2020-08-15 08:30:22
@Entertainment-bo3iz,bad trailer movie,0,2020-08-15 08:30:21
@reyareya6608,I hate alia bhat,0,2020-08-15 08:30:20
@ankit.akankit8111,Inko inki aaukat dikhao,0,2020-08-15 08:30:07
@keshavgoel8387,Only liking this trailer for the great sanjay dutt and adiyta roy kapur,0,2020-08-15 08:30:07
@rajofficial8464,A movie Alia Bhatt aur Mahesh Bhatt ke liye flop hoga,0,2020-08-15 08:30:02
@renumanodi3678,Star kids ki ghatiya performance Super Flop and and you will see the power of a common man Mr. Mahesh Bhatt,0,2020-08-15 08:29:57
@bibhudattarout4513,Binod ki meme to isse acha tha yarr,0,2020-08-15 08:29:53
@surajpatel99938,First of all I disliked video and then watch the trailer...... #nepotism #JforSSR,0,2020-08-15 08:29:44
@ankit.akankit8111,Me dislike krta hu ur sbhi dislike kro,0,2020-08-15 08:29:43
@jpdubey07,Worst trailer I've ever seen...Yash Raf films are felling short of scripts and talented actor/actress. Perhaps Sushant was The Best..,1,2020-08-15 08:29:42
@its__mechanik__007,Disliked,0,2020-08-15 08:29:32
@sandeepghodasara4187,#BoycottBollywoodFilms #boycottsanjaydutt #boycottaliabhatt,0,2020-08-15 08:29:22
@vrs_style1986,"Sab dikhawa, dhogi Bollywood, Katil Bollywood, sushant singh rajput ka katil Bollywood, chor Bollywood, nahi chahiye Bollywood. Gangster Bollywood, khooni Bollywood",0,2020-08-15 08:29:19
@satyadarshansanatan7396,"Hindu virodhi aur movies banao,ab gaand faad denge ham hindu milke,,koi movie hit nahi hogi ab,a ajao youtube ban jao",0,2020-08-15 08:29:12
@keshavaramm1140,#BycottSadak2,0,2020-08-15 08:29:11
@its__mechanik__007,Only 4 Disliked,0,2020-08-15 08:29:09
@sunny6816,Alia,0,2020-08-15 08:29:03
@zoritoogaming4766,Subscribe karo,0,2020-08-15 08:29:01
@bholasingh1760,Gandu movie,0,2020-08-15 08:29:00
@kishorekumar-fy6hf,Dislike because of aliya,0,2020-08-15 08:28:59
@sumitpathak7462,,0,2020-08-15 08:28:58
@sidharthpatidar7437,Like - sanju baba Dislike - Aliya bhatta,0,2020-08-15 08:28:40
@capacityvlogs6288,Justice for Sushant singh Rajput plz dislike this,0,2020-08-15 08:28:38
@shivanigupta-qe7hb,Just came here to dislike it,0,2020-08-15 08:28:37
@kumarprakash8035,"Just all people dislike here, Who against nepotism...",9,2020-08-15 08:28:19
@anjalisinha9848,"Don't watch is a single minute , it's increasing the number of views . Just come and dislike within 30 sec",2,2020-08-15 08:28:19
@hanuchaturvedi,Sadak 2 ko sadak me lana hai,0,2020-08-15 08:28:13
@yashusmith4375,fuddu,0,2020-08-15 08:28:10
@rajofficial8464,Pahle sab log dislike maro,0,2020-08-15 08:28:08
@amitsingh4934,Bull shitt...,0,2020-08-15 08:28:05
@sambhajimengal9003,I am support #SushantSinghRajput Mahesh Bhatt not interested your movie sadak chhap 2,0,2020-08-15 08:28:04
@ariawalling8662,Good or bad m not liking nor watching movies of any Bollywood bullshit,0,2020-08-15 08:28:03
@amardeepyedale3381,Make it most disliked vedio,1,2020-08-15 08:28:02
@amaryadav9410,Ye koun si movie hai .....iski actress ko mai nhi janta hu.....bas mai SSR ko janta hu..,0,2020-08-15 08:27:58
@rajgamer440,#unlike,0,2020-08-15 08:27:58
@carryingboys1792,,0,2020-08-15 08:27:56
@jaypverma3981,Bhatt family lol Dusro ko maar ker khud ko best actor batana Alia Bhatt lol,0,2020-08-15 08:27:52
@Moti.com700,Boycott,0,2020-08-15 08:27:50
@nabinsubedi2993,Saugat,0,2020-08-15 08:27:48
@nabinsubedi2993,Saugat,0,2020-08-15 08:27:42
@themotivationalminute2746,Hume ye film nahi dekhni h,0,2020-08-15 08:27:41
@dipanshusolanki361,I m soory sanju baba aapne galt logo k sath movie bnai i dont like this girl,0,2020-08-15 08:27:39
@muhammedshabas263,Aghar yei theatre me release kiya then we guys gonna bomb it,4,2020-08-15 08:27:38
@manishsawant304,Who came here to dislike this video...,0,2020-08-15 08:27:35
@nabinsubedi2993,Saugat,0,2020-08-15 08:27:35
@sandhyakumari6696,Bakwash movie,0,2020-08-15 08:27:30
@user-bw4vg3ct8y,"Law, visit -https://www.youtube.com/channel/UCHcbIO1TqNPQeLfq2qwyM5Q",1,2020-08-15 08:27:16
@harendrarawat4501,Bayhiyad picture,0,2020-08-15 08:27:15
@Artaajtak,Boycott saale qaatil .... Public ko ullu banaate ho.....,0,2020-08-15 08:27:13
@aryanmishra9994,Sadak 2 asal me in logo ka naya adress hai...ye gali inho ne apne dam pe banayi hai....ye asal me uske bhumipujan ka trailer hai.....,0,2020-08-15 08:27:04
@piyushmadhukermegha6958,Maine apni duty puri ki is trailer ko dislike karke Ap bhi kro,0,2020-08-15 08:27:03
@mohdimranbali7454,i disliked it because of mahesh and alia bhatt...feeling shit for sanju...sorry sanju,0,2020-08-15 08:27:02
@solotraveler3165,SANJAY DUTT ALWAYS FRAVORITE BUT ALIYA BHUTT DISLIKE,0,2020-08-15 08:26:59
@pankajsharma-en3it,Boycott to all those are ..........,0,2020-08-15 08:26:46
@texorgames2217,Alia and Mahesh Bhatt made 2.2 lakhs accounts to make likes.,0,2020-08-15 08:26:44
@poojawanwani8063,Super bakwaas movie,0,2020-08-15 08:26:41
@ajayshripad8374,bakwas movie,0,2020-08-15 08:26:40
@googleaccouny8663,#sushant,0,2020-08-15 08:26:40
@indranisingh5536,What a waste of time .....,0,2020-08-15 08:26:40
@gurupattanashetti9761,"Came here to only dislike this trailer... Bhudde ab tera ulta time shuru, chal hat takle.... Alia tho gayi l**d c***n*",0,2020-08-15 08:26:40
@pseventadda9374,Hotstar should ban this film and shouldn't release.aliya bhutt shows how a man dies without any proof.all should dislike this film and hotstar should ban its request to hotstar channel,0,2020-08-15 08:26:34
@muhammedshabas263,Kutheee,0,2020-08-15 08:26:33
@juhichaudhary7622,Aliya tere to nikl lee,0,2020-08-15 08:26:29
@rameshraj4000,#ssr,0,2020-08-15 08:26:25
@gauravmehta4762,The characters are in this film is worst...but the story is good to see...vaise mahesh bhatt ki mkc,0,2020-08-15 08:26:22
@DHIRAJ_BRANDED,Bahut bakwas hai ye movie,0,2020-08-15 08:26:20
@akashgorsera3763,Deslike karo sabke sab please.,1,2020-08-15 08:26:14
@harimishra9335,Mai bilkul nahi dakho ga ya movie jo hamre sss ko problem kiya,0,2020-08-15 08:26:12
@touchmeboutique2397,"Self respect he , zameer zinda he. Indian hone pe Garv he. Vo hi insaan boycott karna.",0,2020-08-15 08:26:12
@p.r.8664,Dislike this movie because alia here,0,2020-08-15 08:26:11
@akshaygore8471,Pathatic trailers,0,2020-08-15 08:26:06
@Devadventure1431,Boycott,1,2020-08-15 08:25:56
@vijaybhatt6290,,0,2020-08-15 08:25:55
@DHIRAJ_BRANDED,Very very bad movie,0,2020-08-15 08:25:54
@imranyp,Nautanki company,0,2020-08-15 08:25:33
@pratappatel1548,Sanjay sir mai aapki film dekhta par sadak2 nahi dekguga. Kyoki is film ki gadi ko jo chala raha hai wo driver aur sath me jo savari hai wo pasand nahi aai. Baki aap bindas ho mbbs sir.,0,2020-08-15 08:25:30
@ritiksah8309,Shivam,0,2020-08-15 08:25:24
@Jenasatyajit537,Kya chutiapanti trailer hai......No hate for sanju baba,0,2020-08-15 08:25:23
@pritychaturvedi1873,Bkwassss movei,0,2020-08-15 08:25:14
@faisalqureshi7995,Purine wali bat nai dkh rha h,0,2020-08-15 08:25:11
@sanim1984,I will not watch this movie,0,2020-08-15 08:25:09
@maxitripura8862,Thoko Dislike,0,2020-08-15 08:25:08
@ajithiruvathira6577,,0,2020-08-15 08:25:06
@bhawanilic,Faltu.,0,2020-08-15 08:25:01
@PGhostelgirl91,"forget alia, nepotism, Mahesh bhatt and SSR.......i feel sorry for Sanjay dutt being in this train wreck of a movie",0,2020-08-15 08:24:52
@akashkajale2159,Sorry sanju baba,0,2020-08-15 08:24:51
@RajOberoi-o4i,I dislike coz of tharki budha mahesh,0,2020-08-15 08:24:45
@ruchikbhayani6369,Dislike Bindo,0,2020-08-15 08:24:41
@tusharjangle4412,I am the one who dislike this trailer by using multiple accounts,19,2020-08-15 08:24:40
@jappreetsingh6280,Sanjay Dutt ke liye like,0,2020-08-15 08:24:37
@gamingboyajmal3774,Ab Bari Hai Sanam Kapoor aur Salman Khan hijra Karan Johar,0,2020-08-15 08:24:37
@anuragpandey3617,Ohh Yaha bhul gya tha dislike.. Thank to you tube they prompt this video. Finally done.. 1 dislike is promo video ko to banta hai yr..,0,2020-08-15 08:24:37
@instarellsssss1098,Bekar movie,0,2020-08-15 08:24:27
@rz1309,Boycott Bollywood,0,2020-08-15 08:24:26
@kadamd5707,Aur vi picture Sala Mahesh Bhatt ka he,0,2020-08-15 08:24:25
@bikramshah1486,Mira hisab se sadak 2 falp fillm hai Sanjay dutt Ek criminal hai Mahesh bhat susant rajput doshi hai ya nahi me news R. Bharat LA sukar gujar hai,0,2020-08-15 08:24:21
@a.smoviesmovies6287,Bakwas trailer,0,2020-08-15 08:24:20
@almightyalmighty,From kerala... Just to dislike this trailer,0,2020-08-15 08:24:18
@somadebbarma5101,Give Respect and take Respect gundi bhatt,0,2020-08-15 08:24:18
@mahendramahanty7235,Justic for SSR,0,2020-08-15 08:24:13
@vijaybhaskarvlogs8038,Dislike for SSR,0,2020-08-15 08:24:12
@saurabhraikwar536,Alia ke liye dislike,0,2020-08-15 08:24:11
@shalumajumdar6743,I hate alia bhatt,0,2020-08-15 08:24:11
@PranitTembhurne,"Hame pata hai Aaliya Bhatt ka IQ bahot jyada kam hai lekin unhe star SSR b pata nahi tha, ab pata chal gaya aur zindagi bhar yaad rahega.",0,2020-08-15 08:24:04
@PankajKumar-mw7wn,Dislike kro bhaiyo,0,2020-08-15 08:23:58
@parthahaldar1394,Only shusanth,0,2020-08-15 08:23:50
@footballlive2671,Alia MC se acting nhi hoti,0,2020-08-15 08:23:41
@jyotiranjandas9236,Aliya Bhatt ko movie se nikal do..... movie hit hogi,0,2020-08-15 08:23:39
@arshdeepsingh1880,Shitty trailer,0,2020-08-15 08:23:39
@rz1309,Dislike,0,2020-08-15 08:23:30
@akashpk8442,Ha ha ha ..... the dislikes amount is more than double of the subcribers of Disney VIP,0,2020-08-15 08:23:25
@anilmathur6368,", All The Very Best Team--Sadak 2",1,2020-08-15 08:23:16
@shivchandrathakur9071,Sabse phaltu movie hoga flop movi,0,2020-08-15 08:23:12
@kirtiraj9545,I totally dislike it from the deepest of my heart,5,2020-08-15 08:23:09
@shahilkumar3738,,2,2020-08-15 08:23:04
@meenaammu2697,Never gonna watch this movie. Not only this movies all BOYCOTT . Why should i waste my money in theater.,0,2020-08-15 08:23:01
@debasishnm8423,All THIRD CLASS FAILED ACTORS line up with Mahesh Evil Bhatt.,22,2020-08-15 08:22:56
@ashokbirhamane5968,Ye sach me dislike karne wala trelar hai,0,2020-08-15 08:22:54
@ambarishghosh3943,Boycott this Movie,0,2020-08-15 08:22:52
@manjeetdalamwala807,Sanju besT,0,2020-08-15 08:22:46
@lalitpandey9319,Go Aliya Bhatt,0,2020-08-15 08:22:42
@BLIND_SHAYAR,Maro dislike,1,2020-08-15 08:22:33
@raushanrajchandan8833,Galat sirf mahesh bhatt hai unke wjah se sbki kalakari ka mjak ni udda ske !,0,2020-08-15 08:22:30
@surajkamble711,Kem se kam 100 M dislike jane chahiey tub smaj me ayga us kaaliya bhate ko ki sushant sir kon he,0,2020-08-15 08:22:22
@adityaaditya9878,Sadak chaap 2,0,2020-08-15 08:22:20
@dimpylakhwani3231,Chutiya trailer,0,2020-08-15 08:22:17
@praveens1109,Hi guys i see people are disliking the video and breaking the record good to see. But we need to understand one small thing no one in this world is totally good or bad everyone are opportunistic.The biggest crime is supporting that opportunistic person which is @Kangana Ranaut. If u really dont like this trailer we have all rights yo dislike this. But before dislike think about the hardworking of that person becoz acting a film is not that much easy. I am not supporting Alia bhat but kangana idiot is using us all for her popularity still the case of sushant is going on no proven result so far. So lets wait for it then will show our anger towards that but my advice I have worked with kangana in many film she is not that much good what u think she is a opportunistic understand guys.,0,2020-08-15 08:22:15
@kadamd5707,This is faltu heroin Aliya Bhatt nakli,0,2020-08-15 08:22:12
@dhavalpatdiya418,Bakvas bekar,0,2020-08-15 08:22:08
@nbtube7127,Alia bhatt,0,2020-08-15 08:22:07
@adityaaditya9878,Bakwas movie,0,2020-08-15 08:22:06
@RahulSoni-fs9or,,0,2020-08-15 08:22:06
@shahilkumar3738,,0,2020-08-15 08:22:04
@devit6046,Sorry sir,0,2020-08-15 08:22:04
@rintudhali222,Boiyokot,0,2020-08-15 08:21:53
@umeshal7188,I hate bhatt familys,0,2020-08-15 08:21:51
@KAI-ARBIN,Ma ki chut video,0,2020-08-15 08:21:44
@ShivamMishra-ho3el,I hate alia movice,1,2020-08-15 08:21:43
@shivamrohila429,Katham movie,1,2020-08-15 08:21:37
@vishveshvajpayee9233,If anything is above dislike to tell these peole that how much we admire SSR...ready to do that also.....,0,2020-08-15 08:21:06
@KaranSingh-mn8fo,Alia Randi Karan johar chakka,0,2020-08-15 08:21:05
@riroyaltwins3597,Who is here for dislike the video? They should not be doing movies cause we don't wanna watch them....Everyone here for Sushant..Not for You!!,1,2020-08-15 08:21:05
@e-hop-allinoneshop2295,Worst trailer ever ..ye movie Sach m in logo ko sadak pr hi lane wali h,0,2020-08-15 08:21:00
@ajeetkumarchaubey2848,pagal bana rahe hai sab,0,2020-08-15 08:20:57
@optimusprime1167,SAB DISLIKE KARNE HI AA R HO KYA BHAI ???,1,2020-08-15 08:20:42
@AvnishPandeySuraj-t1m,https://youtu.be/pRQcVi69-kQ Hindu Avnish pandey,0,2020-08-15 08:20:42
@steelthurnderankurgaming5975,Sorry sanjay dutt and aditya roy We hate aliaab pata chalega kon h ssr aab dekho tum log kya hoga tumhare sath we hate you ssr hate you,0,2020-08-15 08:20:40
@moviesandshortsonly4061,Hum to raste se ja rahe thhe... App mile gaye aur mere dislike le liye...,0,2020-08-15 08:20:38
@ronyheikham5401,Actress should be adhea choukidar,0,2020-08-15 08:20:31
@arshdeepsingh1880,People are searching this trailer just to dislike it Khush kiya,59,2020-08-15 08:20:06
@manvilal1294,I dont like,0,2020-08-15 08:20:06
@Best_Trader01,Tatti h trailer,0,2020-08-15 08:20:01
@mukulojha9031,Flop,0,2020-08-15 08:19:58
@rachnachoudhary3616,"Tum jaisa hai waise hi film banata hai,faltu film.",0,2020-08-15 08:19:55
@Awdhesh93,Boycott all Bollywood movie until sushant can't get justice,0,2020-08-15 08:19:33
@ridhiphotography3252,,0,2020-08-15 08:19:31
@paansinghtomar.paansinghto9740,So bad movies,0,2020-08-15 08:19:31
@satwantsinghbhatia,Kulle ki film nhi chale ge,0,2020-08-15 08:19:24
@sandeepsingh-uj9wk,Same on u alia. RIP sushant singh Rajput U r always great Sanju baba.,4,2020-08-15 08:19:23
@jroybabu1330,But I love Sanjay Dutt,0,2020-08-15 08:19:06
@darshan-thakur5110,Mahesh bhutt chutia salla Hindustan birodhi Pooja bhutt sai Sadi kar raha thaa ......gand,0,2020-08-15 08:18:59
@pragyagoswami1411,Boycott,0,2020-08-15 08:18:55
@symapo,Kachra,0,2020-08-15 08:18:39
@neerajyadav7778,Very bad movie goes to dislikes,1,2020-08-15 08:18:39
@jroybabu1330,Boycott,0,2020-08-15 08:18:16
@debabratasahu5449,For Alia,0,2020-08-15 08:18:13
@sumanzone2250,Ulti aati hay abhi asay starkid say dub maro Mc,0,2020-08-15 08:18:12
@Riyastar-j7h,I hate alia and Mahesh! Love you sushant,0,2020-08-15 08:18:07
@siddharthtrivedi9417,Sanju sir is good but don't work with this chepe bhatts,1,2020-08-15 08:18:02
@sushantmetil3632,Sorry Sanju Baba,0,2020-08-15 08:17:47
@RamaDevi-od7by,First time video chudakundha dislike kotannu,0,2020-08-15 08:17:44
@rajkhusi4859,Abee Sanjay datt ko Kya ho gya...ye kyu support KR RHA hai...or adiyaa ko v,0,2020-08-15 08:17:35
@bhushanbelsare454,Just come to dislike video,0,2020-08-15 08:17:28
@MonuKumar-ym2fv,Now bollywood will suffer,0,2020-08-15 08:17:28
@dipjyotighosh2973,Madarchodo ka natak,0,2020-08-15 08:17:26
@vishay_92,Dislike ...,1,2020-08-15 08:17:24
@lokeshpokar9183,"Not only dislike, you must boycott watching this movie to understand the power of common man who are with the legend SSR. #JusticeForSSR #CBI4Sushant",0,2020-08-15 08:17:23
@ruthless_mercy9799,Feeling proud and happy actually after disliking the trailer without even watching it cause I really don't want to see their faces,5,2020-08-15 08:17:19
@reshmasatheesh7741,Dislike because Alia batt,0,2020-08-15 08:17:18
@sanjaykakadiya3638,Not good,0,2020-08-15 08:17:17
@shettybrothers470,,1,2020-08-15 08:17:15
@rashmidixit260,,0,2020-08-15 08:17:08
@3abhaysingh,Bastard's film,0,2020-08-15 08:16:56
@akashpanghal1066,Dislike and boycott,0,2020-08-15 08:16:51
@siddharthtrivedi9417,I dislike it because it's a mahesh bhatt directional movie we hardly dislike whole bhatt family,63,2020-08-15 08:16:50
@Factswithwasimakram,bekar,0,2020-08-15 08:16:44
@afzalcode,Yeh kya bawaseer hain behenchod,0,2020-08-15 08:16:36
@saimgahlaut2379,Shushant k sath h hum inki filmo ka bycott krte h only akshay ki movie dekhni h bas,0,2020-08-15 08:16:32
@Saksham8070,Madarchode picture,0,2020-08-15 08:16:21
@blackpanther4921,#sanjatDatt ko koi cancer nhi he ye sirf Ek stunt he movie ko chalane ke liye,0,2020-08-15 08:16:20
@JaagteRaho,Disney hotstar lagta hai tumko bhi unsubscribe karna padega......,0,2020-08-15 08:16:15
@technicalguruji1857,This movie deserve only dislike,0,2020-08-15 08:16:12
@vishay_92,,0,2020-08-15 08:15:49
@jayprakashsaini9327,Kachra kachra hota h,0,2020-08-15 08:15:39
@bindhubhargavigaddam5199,Look at her acting LoL . Sanjana sanghi is better than you in DIL BECHARA . She is looking more beautiful . Don't know why u r so proud of u,0,2020-08-15 08:15:37
@tribhuvanyadav6285,,0,2020-08-15 08:15:35
@hottestbadboi2851,Kuch ldkia randi hoti h ye bolne m agr koi bura khta h to m bura hu achha hone k koi fayda ni exm susant sing v good tha isliye im bad,1,2020-08-15 08:15:23
@rambodine2961,"Barbaad ho jaoge saste, nazar aaoge bheekh maangte raste me.",0,2020-08-15 08:15:18
@kkkomal2158,Ye dislikes 7m the na shayad 1.7m dislikes kaise ho gye,0,2020-08-15 08:15:18
@shubhamrajchauhan1374,Alia ke sath banaya film ko bharat manjuri Nahi degi.,0,2020-08-15 08:15:15
@somasreechakraborty3603,After SSR death am not watching bloody Bollywood movies justice for #Sushant,0,2020-08-15 08:15:11
@dikshachauhan963,Woww nice shit,0,2020-08-15 08:14:59
@ishasingh4702,I hate alia.....plz susant wapas aa jao,0,2020-08-15 08:14:58
@mezarulhoque7255,Flop movie,0,2020-08-15 08:14:52
@SFF_INDIA,"The trailer is not interesting or Good and even not catchy, nothing new or different it seems .. total disappointment.",1,2020-08-15 08:14:39
@vivekparmar9379,Sorry sanju baba...but this film was directed by Mahesh Bhatt............ So dislike on.!!!!!!,63,2020-08-15 08:14:18
@naaz_ayesha2980,Pehli br kisi film k trailer pe itne dislikes dkhe h ..pta nhii film ka kya haal hoga ........ .kis2 ne srf dislike krne k liye vid open ki..,0,2020-08-15 08:14:14
@Iamsafeerhussain,Sanjaydutt is fighting afainst cancer,0,2020-08-15 08:14:08
@jigmeebhutia9949,"Bhatt n gang big dislike ,don't thank for my valuable time. I took this time for SSR",0,2020-08-15 08:14:02
@sahilpradhan7936,,0,2020-08-15 08:14:00
@1190Sam,Not worth liking!!,0,2020-08-15 08:13:59
@jitukumar7183,Movie Ko main dislike kar Diya hai per Sanju Baba ke liye nahin baki Mahesh Bhatt Landos aadami Hai,0,2020-08-15 08:13:34
@SherMondalWorld,Dislike karne aaya tha dislike kar diya ab Chala jaunga,0,2020-08-15 08:13:33
@Prashant_The_Calm,Boycott Alia bakwass movies,0,2020-08-15 08:13:20
@ralphpiedade9606,These ppl from Bollywood hv taken..... We commn man for granted..... Bloody seen kareena statement...... She jus means to say.... For we common ppl she care for fucks for us....... Bloody she dont no if we ppl can bring them up.... Then down also we only can......... Boycott Bollywood...... J4 SSR.... We... Full india demands........ Happy independent day........ May justice win.... Bharat mata ki jai......,0,2020-08-15 08:13:12
@kirtivardhansinghranawat8396,Dislike op,1,2020-08-15 08:13:11
@vignesh.3344,.....,0,2020-08-15 08:13:10
@AjaySharma-jn5lq,In my opinion...dislike k sath-2 jis channel pe is movie ka trailer dekhe usko bhi unsubscribed Kar do....taki aage se in chawni chaap logo se dur rahe...,0,2020-08-15 08:13:08
@omjadhav7957,Tatti traler he . Not for childrens .denger for cytology. Isase aachha horror movie banate,0,2020-08-15 08:12:58
@humanbeing-6,Sorry Sanju for dislike coz u with Alia bhat. Love you sanju Alia n star kids boycott,0,2020-08-15 08:12:45
@SohailKhan-ok2mk,,0,2020-08-15 08:12:29
@Wanderer_pst,RRR ki kuda same repeat avvali ...Ban Alia Bhatt from Telugu movies,0,2020-08-15 08:12:24
@suvasmondal6749,Vai main to dislike karke not interested karke hata diya,0,2020-08-15 08:12:23
@kalamkalam1885,,0,2020-08-15 08:12:22
@RatulReehit,Congratulations everyone..most dislike trailer in the world until now..we did it,70,2020-08-15 08:12:22
@omkargoud4988,Boycott.... Movie......,0,2020-08-15 08:12:11
@bestadvertisingandcorporat1400,Boycott alia bhatt,0,2020-08-15 08:12:01
@KULDEEPSHARMAKUSH31,Sbhi Bhai dislike ker or boycott,0,2020-08-15 08:11:59
@dimplegupta9852,Ek dislike mera b.. we love sushant..,0,2020-08-15 08:11:56
@NRS29391,I hate u alia.. Sushant ke liye bas yek shabd hi bol deti.. to aj ye din na dekhane padta,1,2020-08-15 08:11:52
@guddupandit2402,bakwaas,0,2020-08-15 08:11:51
@abhisekbehera2967,Sadak 2 banane wala kaa maa ka bsda,0,2020-08-15 08:11:44
@subhasree8102,1:45 wtf,0,2020-08-15 08:11:26
@himanityagi3614,I like sanjay Dutt but I dislike it for Sushant Singh Rajput (RIP),0,2020-08-15 08:11:24
@anjalibisht2394,Boycott yaad rakhna,0,2020-08-15 08:11:12
@carajeevkumar,Baap to chutiya tha hi alia ka... Alia v chutiya nikli..,0,2020-08-15 08:11:04
@rampoojannisad4579,Dislike boy cut,0,2020-08-15 08:11:03
@mafia.gamechanger3279,Sanjay dutt. I am you bug fannn but alayia bhut. So disgusting,1,2020-08-15 08:10:54
@vishaldesai8875,Faltu,0,2020-08-15 08:10:54
@KULDEEPSHARMAKUSH31,Boycott,0,2020-08-15 08:10:50
@suneetham242,#justice4SSR,0,2020-08-15 08:10:50
@krishnakantdave1370,Abb tumhari koi ijjat nhi h alia faltu ki movies banana band karo movies banane k liye accha insaan banna padta h Jo ki tum nhi ho,0,2020-08-15 08:10:49
@karanlakhani5314,ye to abhi trailer hai...picture abhi baaki hai...picture to nikalo tum...fir bta chalega...tumko,0,2020-08-15 08:10:43
@AjjuKoli,Fan Sanju Baba Baki sab Bakwas he,0,2020-08-15 08:10:36
@praveenshet8157,This trailer deserves,0,2020-08-15 08:10:35
@sreediptaaa7326,lmao the most pathetic movie of all time,2,2020-08-15 08:10:29
@shatabdimishra4825,Only came here to dislike the trailer,0,2020-08-15 08:10:28
@ankitgulhane1615,"Sorry for baba ,aur aliya sadk2 se sadk pe aajayegi",0,2020-08-15 08:10:24
@ramjiram8727,Waste of tym,0,2020-08-15 08:09:57
@souherdyabagchi4835,Boycott,0,2020-08-15 08:09:56
@beautyoftheearth7680,"Please don't watch this movie , justice for SSR",0,2020-08-15 08:09:55
@artiarya4629,Ghatiya log ghatiya Movie,0,2020-08-15 08:09:50
@ManishaSharma-yf4fj,We make you. We break you.,1,2020-08-15 08:09:45
@pihumehra1870,Boycott this movie,0,2020-08-15 08:09:39
@prabhakaryaduvanshi5273,Bhai who search this video to dislike for sushant sir,0,2020-08-15 08:09:23
@rahulsawant1999,dislike guys,0,2020-08-15 08:09:23
@saurabhpatil54,Sorry sir.....Not interested in your move...,0,2020-08-15 08:09:21
@mayashankertiwari9667,Worst movie,0,2020-08-15 08:09:12
@nikkazaildar5795,unlike,0,2020-08-15 08:09:02
@vishalchaudhary7737,Nepotism k pujariyo dislike to bnta h but sunjay dutt sir h unke liye ni only nepotism wale gurgo k liye dislike,1,2020-08-15 08:08:34
@allahhasblessedmewithkindh1242,"Disliked without spending even 20 SEC's. Don't watch, click dislike and put comment to encourage others. Love to Sushant Singh Rajput",11,2020-08-15 08:08:31
@Dr.Bejoy.Bikram.Banerjee,BINOD BINOD BINOD,0,2020-08-15 08:08:29
@universepreseli2509,#sadak2,0,2020-08-15 08:08:27
@Dr.Bejoy.Bikram.Banerjee,STARKIDS NO MORE,0,2020-08-15 08:08:14
@vickykhan289,Flof and ghatiya,0,2020-08-15 08:08:08
@imsandeepjo,Lovely all good actor in one frame .. waiting for this master piece.. who dislikes this CHUTIYA hai wo .. Sushant Singh died not becoz of them .. there something bigger than your small mind .. it has some political angle.. Himmat hai tho wo jake post karo apne social media pe .. shivshena k against.. cowards .. always looking for easy target to gain attention.. #shameonyou #justiceforsushant #aliarocks #watchsadak2,0,2020-08-15 08:08:05
@VishalKumar-pq8mr,I'll share this to dislike and I'll never watch star kids movie,19,2020-08-15 08:08:00
@BelagaviRailway,I searched to dislike,0,2020-08-15 08:07:55
@jayprakashsalunke5985,Faltoo trailor... achi thu mahesh butt par... tharki kuta buddha,0,2020-08-15 08:07:49
@herhermahadev629,Chutiya sali,0,2020-08-15 08:07:45
@sachinkewat7363,Hate nepotism,0,2020-08-15 08:07:44
@nikitayadav6880,Alia Tere Tharki bap ko Sadak pe lane ka acha platform dia h tune audience ko Tq behn,0,2020-08-15 08:07:37
@umamaheshwarimohankumar5563,Not only alia act this movie .... support other co-workers....,0,2020-08-15 08:07:35
@rajusah1514,Aliya killer susant sinh,0,2020-08-15 08:07:34
@khushi.tanwarr,Badiya hua..esa hi hona chahiye....bhagwan kare ki ye movie bilkul bhi nahi chale.....!!!,0,2020-08-15 08:07:28
@deeptimullur9836,Such old type of story telling. Old pple should better spend time and money on something which gives peace for himself and others.,0,2020-08-15 08:07:27
@hardikpaswan6608,I don't know why..but I liked it,0,2020-08-15 08:07:23
@darshanajagrit4939,I know this movie makes a hateful records all over the world..,27,2020-08-15 08:07:21
@vinodjain335,Boycott hotstar,0,2020-08-15 08:07:18
@sharvansholanki7264,Biond,0,2020-08-15 08:07:12
@NeerajKumar-mq7cw,Trailer sach me hi bakwas h...,0,2020-08-15 08:07:07
@dubey4882saurabh,Miss you susant sir nhi dekege ESO movie,0,2020-08-15 08:07:06
@jamalpurawagarh4688,Ye like kisne kiye us par chappal padni chahiye,0,2020-08-15 08:06:59
@Shireen274,Alia overacting,0,2020-08-15 08:06:49
@abhishekdubey592,I am here to disliked only,0,2020-08-15 08:06:30
@SathishKumar-td2so,I don't,0,2020-08-15 08:06:17
@attitudeviper3279,I am sure that this movie deserve Dislikes,23,2020-08-15 08:06:08
@vantaebyss,the side actors are showing more emotion than alia.,45,2020-08-15 08:05:54
@ravindersheker8753,Yhi chlta rha to... Ye sadak film.... Sadak m aa jayegi.....,0,2020-08-15 08:05:44
@isaeed8125,Views isliye aaye hai taki dislike kare,0,2020-08-15 08:05:37
@ramkumae6238,uninstall hotstar app ready guys,0,2020-08-15 08:05:34
@Vcky_Khatik,Bhutts***,0,2020-08-15 08:05:31
@rohanmalode2306,I came here only for disliking this video.I aren't watch this trailer,0,2020-08-15 08:05:25
@hulkgaming6245,Loda la Mahesh bhatt,0,2020-08-15 08:05:24
@beahuman9754,Justice to ssr,0,2020-08-15 08:05:22
@prempatel2146,Mahesh Bhatt saram karo,0,2020-08-15 08:05:18
@Vcky_Khatik,Sorry Sanju baba for dislike just bcz of Butts Family,0,2020-08-15 08:05:18
@ayushagarwal3463,Waise sadak 2 Sadak par aa gyi hahaha,0,2020-08-15 08:05:12
@akaaction7400,Fuc$ing trial,0,2020-08-15 08:05:06
@poonamchauhan2805,Baap beti fir n all nepotism bas ab bas hmko aur nepotism ne chaiye,0,2020-08-15 08:05:05
@Tanvijohari,,0,2020-08-15 08:04:58
@CrossfireArmybenny,Dislike all,1,2020-08-15 08:04:55
@gkstudygurukul557,Sorry Sanju baba for dislikes this trailer !,0,2020-08-15 08:04:50
@bibhamishra842,Everyone please boycott this film,0,2020-08-15 08:04:45
@ayushagarwal3463,Dislike ka record todti hui movie I wish ye or dislike ka record tode,0,2020-08-15 08:04:41
@uwkunaiff1269,Not relies tha muvie,0,2020-08-15 08:04:30
@rajnidevi3481,Kon kon sirf dislike dene aaya tha hit like below..,1,2020-08-15 08:04:25
@poonamchauhan2805,Band kro ye nepotism.... justice fir sushant,0,2020-08-15 08:04:19
@foxfire4410,dislike kha gya *10M* cross ho gya tha aur ab *1.7M* h *#Youtube* WTF,0,2020-08-15 08:04:14
@raman428,Ye kya tatti bna diye ho ? Sanju baba aap galat line me aaye gye,0,2020-08-15 08:04:08
@ramusendi4615,,0,2020-08-15 08:04:01
@vinodmishra8873,JUSTICE FOR SSR,0,2020-08-15 08:03:50
@ajaygehlod782,Ma ka bhosrda is movie ki,0,2020-08-15 08:03:42
@guchimuchi4663,Legend - Dislike Ultra legend - Dislike +report,4,2020-08-15 08:03:42
@avtarkanwar4486,Bhut hi bkwas movie ha Kripya bina dekhe hi dislike kre,0,2020-08-15 08:03:41
@akashgupta1441,Again searched this trailer just to dislike... Job done... Mahesg bhatt k gaand pe me lat marunga dhung dhung dhung.....,0,2020-08-15 08:03:40
@ntrabala9492,Think Dislike,0,2020-08-15 08:03:37
@Vishal_bedardi08,Dislike record,0,2020-08-15 08:03:37
@alokverma8755,Kya majhak hai?,0,2020-08-15 08:03:36
@Sroy-gk6ip,S.S.R #warriors4SSR,0,2020-08-15 08:03:35
@ajaygehlod782,By Cott nipoo,0,2020-08-15 08:03:30
@dhivyadharshini8553,Thu,0,2020-08-15 08:03:17
@Sroy-gk6ip,Bycott bollywood actress,0,2020-08-15 08:02:48
@mohammadtanveerulhaquerash1299,https://youtu.be/MK0J2HVsTLY,0,2020-08-15 08:02:39
@hedaoorohit7,Mai ni dekhunga ye movie....bhutt k vajah se ....... .dislikes ka to recod tod dia,0,2020-08-15 08:02:39
@gitanjalishelar9115,Acting ke naam pe dhabba,0,2020-08-15 08:02:38
@rockemring,I dislike this for chutiya Alia bhat,0,2020-08-15 08:02:35
@theaskingindia7523,Alia tera time to ab ja lia,0,2020-08-15 08:02:02
@anshitapandey3384,Bad movie,0,2020-08-15 08:02:02
@rohitparmar8549,We all want Justice #J4SSR save Bollywood save India. Boycott Salu Shahrukh aamir others,0,2020-08-15 08:01:57
@ajaydaimary9957,Boycott,0,2020-08-15 08:01:48
@gurudeepanpatnaik1975,Let's show the bollywood fraternity that their time to Rule is over n it's time to ask for Bheek on SADAK...,30,2020-08-15 08:01:46
@anujbajpai7234,Maine sirf dislike karne ke liye video open kiya tha isliye mera views na joda jaye,0,2020-08-15 08:01:32
@AmitSingh-se1nm,Ye sala movie release k time hi sanjay dutt ko lung cancer ho gaya...beta ye sab dramebazi ab bahut ho gaya..we all are with sushant and against these nepotism camps.,0,2020-08-15 08:01:28
@DevilsTime.,RIP,0,2020-08-15 08:01:27
@shadabrahi4141,Bekar h ye,0,2020-08-15 08:01:17
@Rahuketu12,Om bhatt swaha waiting for new movies trailer for one more Entertainment k naam pr kuch parosoge hmare samne I have Respect only for strugglers,0,2020-08-15 08:01:16
@tamannakalra1437,Kay bakwaas trailer hai ek dum nakli,0,2020-08-15 08:01:15
@investmentkiduniya550,World Population - 7.8 Billion Despacito Population - 6.9 Billion Edit : Akash Gupta,0,2020-08-15 08:01:07
@oomkarytb8453,Dad & Mom(Rhea) ke saath dekho Alia aap khudki movie bc,0,2020-08-15 08:00:58
@dhrubrajmishra4702,Stage 4 cancer hope justice for ssr,0,2020-08-15 08:00:56
@Mahabali_Yuvi,1 dislike,0,2020-08-15 08:00:53
@JitendraKumar-no5kt,My like for sanju dada only!!,0,2020-08-15 08:00:51
@sumanthgowda2706,"The dislikes are getting removed, ab YouTube be nepotism support karne laag gaya kya. #ChutyiaYouTube",0,2020-08-15 08:00:42
@pammikumari1492,This is going to be a flop... just watch the power of public....,0,2020-08-15 08:00:38
@nagmabegum6739,Justice for sushant boycott bollywood,0,2020-08-15 08:00:38
@bappamandal4335,Boycott this film,0,2020-08-15 08:00:32
@SarojKumar-bo7dm,Only dislike,0,2020-08-15 08:00:12
@gaganpreet3810,Sanjay Dutt nailed it. A like for sanjay dutt only.,0,2020-08-15 08:00:11
@anshulkuman7143,Kon kon hai Jiske muh se trailer ko dekhkr Gali nikal rahi h........,0,2020-08-15 08:00:04
@siyadhiman4047,I like. Sanjay Dutt so I won't like or dislike,0,2020-08-15 07:59:59
@saniyaaziz411,I love Sanjay Dutt and his acting....but damn man !! Wtf is alia doing in this movie ......,0,2020-08-15 07:59:53
@pammikumari1492,Never going to watch it # BoycottMaheshBhatt,1,2020-08-15 07:59:47
@ranjanbably,In madar.......d ko pata chalna chahiye ki ye public hai. Uthana bhi janti hai or under tak daalna bhi janti hai. Bahan ke laudo saalo. Justice for SSR,0,2020-08-15 07:59:40
@manishgupta1534,Plz... don't watch because of mahesh bhattu,1,2020-08-15 07:59:34
@all-in-one272,Sexual content,0,2020-08-15 07:59:34
@RAHULTHAKUR-sf3ts,I support CBI For Sustant Singh,0,2020-08-15 07:59:20
@pradeepkumarshah7731,Yaisa comments kro ki ye film sadak pe aa jaye,0,2020-08-15 07:59:14
@divakartivari3866,Mukesh bhatt sala gaddar hai aur deshdrohi hai iski movie koi mt dekhana boycott everyone. For sometime I will se only south and hollywood movie,1,2020-08-15 07:59:12
@rohitjaat2689,Lawde ka movie,0,2020-08-15 07:59:12
@manaswighotekar3217,dislike..,0,2020-08-15 07:59:07
@Dharmendrakumar-vq1iq,,0,2020-08-15 07:59:02
@abdullaharhum8295,Bakwas,0,2020-08-15 07:58:37
@iamsandeepchaurasia93,Trailer ko dislike kare,0,2020-08-15 07:58:35
@dharmeshgevariya5924,Boycott.....,0,2020-08-15 07:58:35
@sanjayrajput1759,Salla budha i know bujrog ko tamij deni chiye but ye kutta usky lyak nhi h,0,2020-08-15 07:58:31
@khushboochauhan24,,1,2020-08-15 07:58:29
@neyitabing46,,0,2020-08-15 07:58:22
@lajpatvlog429,,0,2020-08-15 07:58:18
@raghvendrasingh93,Worst actor and director ever .......bakwas trailor,0,2020-08-15 07:58:17
@prasenjeetdey433,Totally disgusting movie,1,2020-08-15 07:58:13
@sarthakpathak8020,This actually deserve my dislike. Gud for u that this movie is not releasing in theaters.....,127,2020-08-15 07:58:06
@bikashbarman1756,Are me bhul gyan tha dislike Karne,0,2020-08-15 07:58:04
@AliAkbar-yg9zr,Sanjay dutt h .iss lie trailer dekha....varna bina dekhe unlike krte..,0,2020-08-15 07:57:46
@architsavaliya,,0,2020-08-15 07:57:40
@debprosadnandi2067,I love Sushant Singh Rajput,0,2020-08-15 07:57:39
@ankitameshram4402,Ewwwwee worst movie and actors sheeee baba kitnah ghadhiya movie he with dialogues,0,2020-08-15 07:57:23
@bitz2329,Dis like krao bhai yao,1,2020-08-15 07:57:19
@user-ry3px9rm2i,Hate Bollywood after SSR demise,0,2020-08-15 07:57:15
@tapankumarganguly3024,no more nepotism.......,0,2020-08-15 07:57:13
@tabrieaz,Super hit movies sanju rocky,0,2020-08-15 07:57:06
@catherinelyngdoh5948,Here only to dislike,1,2020-08-15 07:57:00
@ssocket1987,Haramiyo Ko pata chale Inka gujara aam aadmi yo se hota hai ...,0,2020-08-15 07:56:47
@s.d.mahantagopu4694,Realize mat karna,0,2020-08-15 07:56:41
@lmine7072,Bakvas iski maa ki chut.aaathuuu,0,2020-08-15 07:56:39
@RaviKumar-dm6hp,Koi bhi move mat dehna,0,2020-08-15 07:56:38
@shushisaao718,Alia ke baap ke .......,0,2020-08-15 07:56:32
@ankitajain6342,Sadakthoo,0,2020-08-15 07:56:30
@techstargaming7484,Bakwas,0,2020-08-15 07:56:24
@vikkikachhap1476,Sadak 2 Land 2 I hate you,0,2020-08-15 07:56:23
@verma-kg6gx,Sushant sigh ke liye to stand nai liya or ab movie bna rhe ho we want justice fir ssr,1,2020-08-15 07:56:17
@devenhaldankardevenhaldank3629,sushanth is a real hero.handsome talented hero only one sushanth..,59,2020-08-15 07:56:15
@divakartivari3866,Bhadwon ki movie nhi dekhani hai,1,2020-08-15 07:56:13
@vipul_deshbhratar,Binod,0,2020-08-15 07:56:02
@rohankhatate3450,Disney is real shit I hate Disney I only like to watch DC movies,0,2020-08-15 07:56:00
@divakartivari3866,Bhadwon ki movie nhi dekhani hai,0,2020-08-15 07:55:56
@Deepaksharma-lc9cc,Nepotism sucks,0,2020-08-15 07:55:49
@abhishekranjan2764,I f... K alia bhaatt and this movies I am always sapourt susant,0,2020-08-15 07:55:41
@fuzo2826,BINOD,1,2020-08-15 07:55:40
@murtadulislam7416,#JusticeforSSR,0,2020-08-15 07:55:33
@nitishdubey2445,Tatti,0,2020-08-15 07:55:27
@unbiasednationalist,Who all are here to just dislike this trailer,15,2020-08-15 07:55:26
@yogendramathpal3390,"Nepotism indiA mai tumhari koi , zarurat nhi nA hmko koi movie dekhni hai south dekhlenge hollywood dekhenge par bollywood mai nepotism nhi .... Only for SSR",0,2020-08-15 07:55:25
@raahatmatta5369,Nipotism,1,2020-08-15 07:55:22
@FaizanAli-tq5lp,"Why Sanjay Dutt made a film with it, Alia Bhatt or Mahesh Bhatt's film will not work at all",0,2020-08-15 07:55:16
@chandanpandey236,Kachra actors hai isme nahi chulega,0,2020-08-15 07:54:56
@nishantgupta3833,They all are bogus fraud cheap persons of indutry,0,2020-08-15 07:54:53
@krishnakumaranand2968,Like only for Sanjay Dada,0,2020-08-15 07:54:52
@bhanupratapsinghrathore4359,Wo bhi Mahesh bhatt koini deke movie,0,2020-08-15 07:54:51
@hemantsahu657,Sab thik hai bs es movie se alia ko nikalo,1,2020-08-15 07:54:42
@krishna-th9qy,Mahesh bhat ki jindgi ki sbse bdi Galti ki sjaa do Ab raja Ka beta raja NHI BNI Jai hind,0,2020-08-15 07:54:40
@Sampath-uz8gq,Am from karnataka... I dislike this trailer for SSR.,0,2020-08-15 07:54:39
@krishnakumaranand2968,Dislike for Alia,0,2020-08-15 07:54:38
@miniworld2020,Boycott all of them....justice for ssr,0,2020-08-15 07:54:35
@mahadev3857,Justice for sushant plz don't watch this movie....,0,2020-08-15 07:54:33
@prithvirajpawar2831,"Sanju dada in kgf 2 ,Asli maza waha hai. bollywood wasie hi Chutiyapa hai",0,2020-08-15 07:54:32
@nitajain3552,Dislike,0,2020-08-15 07:54:31
@mamtadevi-cv3ff,Sadak chap movie ko dislike karke batao ki hum susant ko insaf dila kr rhenge Mahesh ki movie koi Mt dekhna,0,2020-08-15 07:54:29
@jyotinirala313,,0,2020-08-15 07:54:25
@manoharshastri7993,Mahesh F----- Bhatt.....Karan----Johar.....Boycott...for SSR.,0,2020-08-15 07:54:22
@ravipandey578,-2 - 2,0,2020-08-15 07:54:20
@shariqrayeen7274,Trailer dekh kr soch raha hu film ka kya haal hone wala hai..,0,2020-08-15 07:54:15
@Tarunmalpotra,Bhar bhar kr dislike kro sushant bhi ke liye,0,2020-08-15 07:54:11
@deepakrawat8357,Boycot,0,2020-08-15 07:54:07
@navingera9293,This movie is an epitome of creepiness & nepotism. The director and the cast deserved to be banished and sterilised . Hope they are despatched to hell. God Bless SSR,0,2020-08-15 07:54:05
@beenavaghani2781,"Why is it just 1.7 M? Come on,guys!!!",0,2020-08-15 07:54:04
@Viralstufff3,I also disliked this trailer but im just feeling bad for sanju baba and aditya roy kapoor,0,2020-08-15 07:53:49
@manvi2186,HAHAHAHA BICHARA LOG KO LIKES NHI MILTI H,0,2020-08-15 07:53:34
@myvlog973,Just boycott this ghatiya movie n ghatiya actress sach mai hai,0,2020-08-15 07:53:28
@bhanupratapsinghrathore4359,Nepotism pr koi movie ni dekege jbtk susant ko insaf ni mile,0,2020-08-15 07:53:24
@nishantadeka1498,Sanjay sir and Aditya sir realy lovee... But Alia not love,0,2020-08-15 07:53:04
@ashishpathak9833,Yah picture bakwas hai is picture ko delete kar dena chahie Kyunki is picture Mein kaam karne wali heroin kothe wali ban gai hai sali ka bf pura India Dekha re babu ab kya chahie tere ko sali randi,0,2020-08-15 07:53:00
@Aditor799,dislike,0,2020-08-15 07:52:49
@ankitchauhan8181,Maine Dislike Kar diya ab aapaki bari,0,2020-08-15 07:52:43
@shubhampyarlewar6265,Cheee cheeeee i dislike these,0,2020-08-15 07:52:38
@choranicharcha,Bakvass,0,2020-08-15 07:52:34
@luckyonu6713,Kya sanajay sir is movie me aane see aapka bhi naam kharab hojayega,0,2020-08-15 07:52:27
@nobonitabora2406,Ab patli gali se nikal,0,2020-08-15 07:52:14
@SR98921,Go an watch sadak1 no films of Bollywood,0,2020-08-15 07:52:10
@pakhorijoniyapanitola6943,,0,2020-08-15 07:52:09
@RATANKUMAR-bc3nm,Like for sushant singh rajput,1,2020-08-15 07:52:04
@shabbeerahmad1405,So many dislikes,0,2020-08-15 07:51:45
@KrishanKumar-lk5qg,#ssr,1,2020-08-15 07:51:30
@shikhadhiman1,Lol wat a joke. I thought I would not follow the crowd to dislike the video but trailer made it clear. So big,0,2020-08-15 07:51:28
@gobindapal7912,"Sadak chaap people, sadak chaap trailer, sadak chaap movie...",0,2020-08-15 07:51:22
@ajaypalsingh9357,Dislike karo,0,2020-08-15 07:51:20
@abhishekshukla903,coffee with karan ke show mei rapid fire round mei sushant ko kill kiya tha na toh ab public ne bhi rapidly tumhari iis bakwas picture ko dislike kar Diya. bye bye aliya. Those who agree please like,0,2020-08-15 07:51:20
@amandhaliwal1210,Dislike,0,2020-08-15 07:51:18
@xestechnology5067,Sai hai Yaar,0,2020-08-15 07:51:14
@shyamjangir3449,Dislike dislike dislike......... we want to see flop this movie,0,2020-08-15 07:51:10
@singhvives,Justice for sushant,0,2020-08-15 07:51:08
@nutanmishra8181,Jab tk sushant ko enshaff nhi mil jata tb tk tumlog nafrat k layk ho. mai dekhna to dur Bollywood naam se hi narfar krne lgi hu....aaj hmare desh ko aajad hue 74year ho gya pr hmesha aaise mudde hmare samne hote hai jo y realise krwate hai ki aajadi to hme dusre desh se mili pr wastav m to hm apne hi desh m kaid hai .or aaj v wahi baat hai ki Bollywood industry m sirf wahi log sushant mamle m bol rhe hai jinhone y dard feel kiya hai.bs kuch log hi.mai puchhti hu en actors ko famous bnaya kisne hai .hm logo n hi n.to hm logo k hath m tum sab ko sadak p v la dene ka kaam hmara hi hoga.chahe jitne sadak bnna lo.aree kutte v apne sathi k liy ek union krhte hai tum log to tb v insan the.jb tum log apne industry k liy aawaj nhi uthha rhe ho to tumhare sath aaise hone p kaun insaaf dilayga.y sirf film industry k chup lga lene se ab tk insaf nhi nil paya sushant ko.tumlog film bna k pita k dard ko byaa to kar skte ho pr wastav m tum log us bap k dard ko smjh hi nhi skte.tum log gande nali k kide se v badtar ho.kya film bnna jaruri tha av.kya y nhi ho skta ki film industry y stand nhi le skti thi ki ja tk sushant ko insaf nhi mil jata tb tk hm koe movie reales nhi krenge.aaj to thakre v tiranga jhndatolan k smy kaha hoga ki mai esk mai es tirange or bhart ma k aan baan san ki rksha krunga.pr aaj to us tirange or bhart ma ko v ptta chal gya ki tu na tu use bcha skta hai na khud ko v.jis din CBI ka investigation complete hoga us din tumhare beta slakho k piche hoga or sahi m wahi sachhi srdhanjali v hogi hmare desh k liy or sushant k liy.dhikaar hai us ma ka jo tum or tumhare bete jaise aulad paida kiya.jiska khun etna gnda ho jo CM ki kurshi milte hi apna adhikar bhul gya ..............,1,2020-08-15 07:51:02
@SR98921,Third class picture sadak 2 First class picture sadak 1,1,2020-08-15 07:50:57
@muskanjindal164,Hotstar should ban the movie too rather tan promoting,0,2020-08-15 07:50:57
@viii1-23prajnakarna6,I hate that's why I disliked it,0,2020-08-15 07:50:56
@ssocket1987,Just boycott this industry....,0,2020-08-15 07:50:53
@aajad_parinda_1008,#Boycott_aliya bhatt movie #Justice_for_sushant_singh_rajput,0,2020-08-15 07:50:50
@nstutorial4021,Sanju baba is great but alia,0,2020-08-15 07:50:48
@vinodjain335,Boycott hotstar,0,2020-08-15 07:50:44
@sameerakhan520,Y 226k also yarr. Sabb dislike kro,0,2020-08-15 07:50:38
@muskanjindal164,Hotstar has really degraded their level by promoting such kind of people,11,2020-08-15 07:50:36
@sumit_0759,Acting gyi iski bhaad me alia bhat ....is movie me b saala hindu dharm ka mazak bnaya gya hai.... totally boycott her movie,0,2020-08-15 07:50:35
@vanditasinghthakur6124,Whatever alia is best for me . Loved it,0,2020-08-15 07:50:33
@Awdhesh93,Due to nepotism in Bollywood I'm going to dislike this trailer... Justice for @SSR,0,2020-08-15 07:50:21
@sanjayudasaraala1166,Aaliya is very bad,0,2020-08-15 07:50:04
@iamom5421,Ye 226k kaun hai ?? like waaale. Bhadwe sale,0,2020-08-15 07:50:02
@shagunsingh3973,O bhai isme tha kya.. Ye to batate jao koi,0,2020-08-15 07:49:59
@muskanjindal164,The perfect title chosen by mahesh bhatt for his career and movie....beta tu ab sadak pe hi aane wale hai...sath mein tere bache...bohot stardom dekh lia tune.....u will be punished for all ur sins,0,2020-08-15 07:49:56
@calmrelaxed7626,They have deleted those dislike..youtube waale bikk gaye,0,2020-08-15 07:49:49
@manjunathpatil4490,Suvarone.. Sherrrr ko mardala.. So i disliked this video.. Also worst ever,0,2020-08-15 07:49:42
@MySanjukta,Alia is a very good actress...but she should never work with her Father...mor else shit like sadak2 comes out.,0,2020-08-15 07:49:38
@tusharyadav9942,Buri trah se flop honi chahiye ye movie,0,2020-08-15 07:49:30
@mjsacademybyvkpsir8614,Aaliya aa ja sote hai,0,2020-08-15 07:49:30
@kkumar4725,"Mahesh bhatt and riya chakravarti believe on black magic , Sushant have seen ghost in his house, Same case pervin babi was also seen this kind of shits Both case is planned murder",0,2020-08-15 07:49:21
@Pam_bee_official,Dislike,0,2020-08-15 07:49:19
@nstutorial4021,"Sushant like Karan joker comment (chu""?****)",3,2020-08-15 07:49:07
@TULSEERAMMEENADAUSA,,0,2020-08-15 07:49:00
@ajaysinghal3076,"I am normal gril ,I se alia bhatt i do like",1,2020-08-15 07:49:00
@hiteshsindhal432,Hey YouTube we need more option like dislike good dislike strong dislike stronger dislike excellent dislike... Tatti dislike,0,2020-08-15 07:48:59
@surendrarajput3821,,0,2020-08-15 07:48:45
@suratsareesvfexportss9273,Proudly disliked,0,2020-08-15 07:48:40
@pankajkumarOfficial20,Nice movie first wali nd that's all song also good. Nd let's see how like this,0,2020-08-15 07:48:33
@Navjotkaur-ms5ui,I like sanjay dutt but bcoz of alia bhatt this will be a biggest flop of 2020,0,2020-08-15 07:48:29
@punjabihindistatusvideos9364,All dislikes are MC,0,2020-08-15 07:48:28
@priyankakrishna7240,Har jagah krega,0,2020-08-15 07:48:24
@masaledaarzabardast9842,Waiting for movie nd songs,0,2020-08-15 07:48:21
@nehabajpai3881,Ab Buddha jel jayga,0,2020-08-15 07:48:13
@amandeepKaur-hs2ey,#globalprayerforssr,0,2020-08-15 07:47:59
@bhajanindiabhakti,Sanju baba,0,2020-08-15 07:47:50
@shrishtibhardwaj9830,Worst acting of Alia. Most horrible illeterate actress of bollywood.,0,2020-08-15 07:47:42
@divyanshraghuwanshi6640,Maka Bhosda ye film ki,0,2020-08-15 07:47:41
@poojakalam8577,I hate alia,0,2020-08-15 07:47:39
@explego408,Dislikes again and again,0,2020-08-15 07:47:38
@bhajanindiabhakti,I am watching shanndar moive,0,2020-08-15 07:47:35
@sameerakhan520,Kon bewaquf h jisna iss trailer ko like kra h main toh ye sch ri hunn,0,2020-08-15 07:47:35
@nirmalthapa7188,Bycot,0,2020-08-15 07:47:28
@panotudu6614,Ye film v kise ko dekhna h Jha ye alia ho,0,2020-08-15 07:47:25
@DeepakSharma-dn3fv,I won't like any type of movie cause of Mahesh bhatt production.I like SSR so much,0,2020-08-15 07:47:23
@sarathkumarvs301,Stop nepotism support new comers,0,2020-08-15 07:47:19
@sushamamahajan831,#openindianstyle,1,2020-08-15 07:47:12
@atoztech6970,Disliked,0,2020-08-15 07:47:10
@tanviarora3815,I am disliking this but not for sanjay dutt,0,2020-08-15 07:47:06
@siddheshgavali1563,,0,2020-08-15 07:47:05
@masaledaarzabardast9842,Loved it,0,2020-08-15 07:47:02
@divyanshraghuwanshi6640,Sushant Singh Rajput lovers like here,23,2020-08-15 07:47:02
@sushilsenapati1741,Kon kon actor's hai ismai ....unlog se koi lena dena nehi par #SANJUBABA (SANJAY DUTT) ...ke liye 10000000000000000000000LIKE . kon kon sanjubaba fan plz like,0,2020-08-15 07:47:01
@aryanjindal4387,Ye sadak 2 nhi sadak pr leker jane wali film don't watch this movie boycott mahesh bhatt...his daughters and bollywood,0,2020-08-15 07:46:58
@vijayvermaverma7430,Boycott maheshBhatt and alia bhatt justic for suahant Singh Rajput sir,1,2020-08-15 07:46:56
@spandanmondal1888,The dislike button us working smoothly,0,2020-08-15 07:46:44
@suntineog1783,Losers,0,2020-08-15 07:46:39
@sakshidahale2209,Saare trailor search karke dislike kar diye,0,2020-08-15 07:46:34
@arrojusravani4902,Me,0,2020-08-15 07:46:31
@raissayyed5408,Very nice movie,0,2020-08-15 07:46:26
@pratikshagaikar1060,We want justice for Sushant singh Rajput,0,2020-08-15 07:46:25
@kkumar4725,"Murderer of sushantsingh rajput , In the past Pervin babi also died in manufactured suicide same as sushant and mahesh bhatt was accused, he plans with riya bcz she have affair with mahesh bhatt",0,2020-08-15 07:46:13
@pratikshagaikar1060,If ppl won't rise their voice against bad then this ppl would do more worst ...,0,2020-08-15 07:46:07
@dhananjay5243,Mahesh bhat nakli Guru hai...alia bhut,0,2020-08-15 07:46:03
@mallikadas4985,Story is not interesting .,0,2020-08-15 07:45:51
@bygbyrd2283,Justice for sushant,0,2020-08-15 07:45:45
@RAHUL-co6zx,#JusticeforSSR,0,2020-08-15 07:45:39
@salonipanchal5405,I personally liked this video only for sanju and alia i like there acting,0,2020-08-15 07:45:38
@aiengineer5426,Kachra. Boycott,0,2020-08-15 07:45:33
@shivanshsingh8218,Kati ganda trailer,0,2020-08-15 07:45:28
@musuroyal9061,mare se like nhi hoga beeee,0,2020-08-15 07:45:25
@vijoyeetapurkayastha9585,Came here to dislike .........no in a mood to waste my 3 precious minutes of life. Thank you,0,2020-08-15 07:45:07
@jacksonshah1,Unlike kro bhaiyo,1,2020-08-15 07:45:03
@aaliyamahra5457,Adiye alia ne nadikira padamlam odama ne kevalama poi picha than De yedupa...,0,2020-08-15 07:45:03
@es6597,Support for shushant singh rajput and dislike for alia bhatt and mahesh bhatt,1,2020-08-15 07:44:47
@jinoabraham368,Dislike,0,2020-08-15 07:44:47
@brosisjourney8435,For sanju we should like,0,2020-08-15 07:44:42
@localunboking,Fucking Alia....,0,2020-08-15 07:44:40
@spreadvideo4935,I don't even watch.. just come here to dislike,0,2020-08-15 07:44:40
@pintuadhana9705,dislike guyz this video.jb tk hme susant sir ko insaf ni milega jb tk kisi bhi movie ho ya trailer ni dekhna h.,0,2020-08-15 07:44:39
@AshokSahu-md1ve,Dislike,0,2020-08-15 07:44:36
@rohit_traveller5806,Proudly Disliked.... Feel good now.,0,2020-08-15 07:44:35
@pratikshagaikar1060,I never gonna watch any nepo kids movies,0,2020-08-15 07:44:32
@itskshyati9002,Dnt comments guys plz do dislike.. boycott mahesh bhat,0,2020-08-15 07:44:24
@Aishorts-h3w8o,Phle kam tha tha kya 1 crore dislike jo dusri baar dal diya trailor..thoko dislike...#CbiForSSR,0,2020-08-15 07:44:07
@Yash_samarth,Yah kutti Alia Bhatt ko q liya movie me mc Movie flop,0,2020-08-15 07:44:07
@sksinghjsr4664,Old drama .I never want to see again. I dislike it.,1,2020-08-15 07:44:00
@pratikshagaikar1060,Lets show public power..they all think we are fool,0,2020-08-15 07:43:53
@krishnapillai6157,I dislike him because mahesh bhatt is hinduphobic will he dare to show maulvi and padri in the same way they have showned guru in badlight.traitors,0,2020-08-15 07:43:50
@aT-cg4ct,Boycott,0,2020-08-15 07:43:42
@ashishakhter188,Dhurr ki trailer kisu bujji na reee,0,2020-08-15 07:43:31
@ghazanfarali7390,Now alia bhatt will know who was Sushant Singh Rajput,0,2020-08-15 07:43:27
@komalvats2957,A biggggggg dislikeeeeeeee,1,2020-08-15 07:43:22
@pratikshagaikar1060,We fight for Sushant singh rajput.. we want cbi investigation... boycott Bollywood...,0,2020-08-15 07:42:53
@ketankarande_5831,Only love for Sanju baba Hate 2 alia ....,0,2020-08-15 07:42:49
@mmahesh6,"kya bevkufi chal rhi h bollywood mai, aesi movies khud bnao or khud hi dekho Jai Hind",0,2020-08-15 07:42:48
@sahadurganjnadriganj2513,"Did,liak",0,2020-08-15 07:42:47
@surajbhardwajsurajbhardwaj7834,Binod,0,2020-08-15 07:42:46
@vikramgupta229,"Boycott that ""Dogle log"".",0,2020-08-15 07:42:44
@lakhangaikwad1917,Mai toh dislike Karne aya tha,0,2020-08-15 07:42:36
@kartikaypatel23,I can't understand what kind of story they want to show in this trailer,4,2020-08-15 07:42:27
@jaipratapjaipratap4209,Kya tha ye,0,2020-08-15 07:42:26
@someshjoshi763,What the hell Google remove my dislike. Is you have any interest in this video? Or just want to keep our opinion didn't value? Same on you,0,2020-08-15 07:42:24
@sagiranawaz322,Kon kon chata hai Alia Bhatt sadak pe aa jaye......like,1,2020-08-15 07:42:16
@chamerdeep7896,Chamerdeep,0,2020-08-15 07:42:16
@rajeebbatham9170,Very good,0,2020-08-15 07:42:15
@yogeshmeena7633,Alia kutiya,0,2020-08-15 07:42:08
@amithsunu,Amith,0,2020-08-15 07:42:03
@satishkumarjaiswal5268,Mahesh Butt ka film uski ladki hi dekhe mad......,0,2020-08-15 07:41:48
@amanmalik1196,"but .. movie song , us movie ki to baat hi kuch aur thi...",0,2020-08-15 07:41:42
@S_Pvlog,Aditya Roy Kapoor I really really like you my fav actor bt for this Mahesh bhatt I have to deslike it,0,2020-08-15 07:41:40
@kabirrout8804,220k likes kiye kisne....kon hain ye log.... Kahan se ate hain ye,0,2020-08-15 07:41:35
@grijeshguru,,0,2020-08-15 07:41:29
@amitmishra2742,Kamina Mahesh bhatt,0,2020-08-15 07:41:27
@dineshkryadav8563,Faltu trailer,0,2020-08-15 07:41:11
@mahimakrishna,Just dislike it. Don't waste precious time in watching this piece of ****,1,2020-08-15 07:41:07
@nileshmodi3798,Agar ranbir alia ke sath sadi karta hai aur to uska movie dekhna bhi bandh karo,0,2020-08-15 07:40:50
@weddinggurumantra738,*LIKE = sanju baba *DISLIKE = aliya bhatta *cmment = mahesh bhatta,23,2020-08-15 07:40:47
@RohitSharma-bp2wp,Gand maarao,0,2020-08-15 07:40:32
@artitoppo5616,Mahesh bhatt ki movies ko ab Dislike hi Milne chahiye,0,2020-08-15 07:40:14
@Rakesh-56-f3u,I watch this trailer only to mark dislike.,0,2020-08-15 07:40:11
@subashbharati1568,Very bad action,0,2020-08-15 07:40:11
@mayankbaura8940,Sanjay Dutt is good But there is a dislike for alia and nepotism,1,2020-08-15 07:40:10
@neerajgidwani3252,Pooja chi chi chi,0,2020-08-15 07:40:00
@veerSingh-fx4rk,Abe eese aacha to. Nontki kar lete salo,0,2020-08-15 07:39:57
@9parasf9,Pura chutiya hai re bc,0,2020-08-15 07:39:52
@singh_yt2539,Boycott,0,2020-08-15 07:39:47
@omgrai,Dam irritated ....,0,2020-08-15 07:39:45
@aakashvlogs6656,Bakwas,0,2020-08-15 07:39:43
@sureshk2733,I watched this trailer to dislike,1,2020-08-15 07:39:34
@kumkumthakur1257,Dislike is needed for alia bhat.bhat ko bhk,0,2020-08-15 07:39:26
@kiranvakkala2332,Dislike...,0,2020-08-15 07:39:24
@manam6527,Realise na kro to thik hai. .,0,2020-08-15 07:39:18
@drgurdeepsingh775,", whatsapp , , 2",0,2020-08-15 07:39:15
@parmartime,Third class director,0,2020-08-15 07:39:14
@grp2380,"Why she is there, oh family banner",0,2020-08-15 07:39:13
@sarvjeetbharti7639,Faltu movie,0,2020-08-15 07:39:09
@Donateshivam_00,Aliya ke liye mene dislike kra h,0,2020-08-15 07:38:51
@bhaskardutta5622,Diskike for alia only,0,2020-08-15 07:38:50
@DeepakGupta-kl2kb,Dislike Dislike Dislike to Murderers,0,2020-08-15 07:38:45
@qwa1100,"Worst team ever, will surely not watch the movie...looks shit.",0,2020-08-15 07:38:37
@karanbansal4954,bycott this movie n all stars who is the part of the movie.bycott alia n Mahesh bhatt.support SSR,1,2020-08-15 07:38:34
@RupeshKumar-fk9dk,Bekar hai,0,2020-08-15 07:38:23
@rakeshsinghyadav6269,Ghatiya,0,2020-08-15 07:38:14
@abhineetgogoi9568,I didn't even came here to see this video just came here to dislike,35,2020-08-15 07:38:14
@Donateshivam_00,Aliya ko mt liya kro movie me es ne ek greeb ko mara h,0,2020-08-15 07:38:12
@landlord9364,Boycott,1,2020-08-15 07:38:06
@prayassharma5254,Listen.i just come dislike this video,0,2020-08-15 07:38:05
@TheSapna007,Cheap,0,2020-08-15 07:38:04
@surabhigangwar1776,Sadak 2 is absolutely GATAR 2. Disgusting Alia Bhatt. Nepotism,19,2020-08-15 07:38:00
@GajendraSingh-pt8ej,"After seeing the trailer can say, it deserves more dislikes",0,2020-08-15 07:37:58
@thetypicalguy706,My shit is better than your video,0,2020-08-15 07:37:56
@eshikahere,Alia ki koi bhi skill aachi nhi h aise tatti picture mein alia hi kaam kr skti h,0,2020-08-15 07:37:54
@manojbehera4714,This actress is product of uncivilized family. She doesn't know about acting,0,2020-08-15 07:37:51
@roshnidas891,I. Hate. Aalia bhatt,0,2020-08-15 07:37:50
@akashchowdhury6873,Without watching this video I just click dislike bottom .,0,2020-08-15 07:37:50
@thetypicalguy706,Isse accha toh mai apni tatti dekh lu..,0,2020-08-15 07:37:45
@manam6527,Boycott forever alia bat. Star kids.,0,2020-08-15 07:37:42
@studyfactory6200,Sirf dislike,0,2020-08-15 07:37:40
@KumarKumar-ct6fw,,0,2020-08-15 07:37:39
@snkchannel9116,Bakwash movie hai,0,2020-08-15 07:37:35
@topfun0281,Land mera,0,2020-08-15 07:37:35
@divyankdhingra7556,Support strugglers n deserving actors.. jo indeed from nothing se Bollywood m aae ha aur kai to aj tk try kar re ha,0,2020-08-15 07:37:34
@rekhasingh5912,Sadak 2 ka ma ka bhosda aur mahesh bhatt ki ma ki chuut launde,0,2020-08-15 07:37:30
@sourabhsoni8250,226k chodu likers,0,2020-08-15 07:37:15
@NarendraSingh-hy5ow,Sadak actress ki movieacting aati nhi salo ko apne maa baap ke studio ke dum par aa jate hai giri Jin logo ne tumko upar uthaya Tum log harami ho havas ke pujari jo Sala rangaliya manata hai Or dum pe jo unko boycoot kar dete Sale,0,2020-08-15 07:37:13
@ramtawonrisom357,Boycott alia bhatt... movie,0,2020-08-15 07:37:11
@user-cu5ee8dx3n,only shushat i dislike you,0,2020-08-15 07:37:08
@harryprince203,Sirf alia bhat ke karan i dislike dis trailer she's nt gud actress nd she dnt knw how to do gud acting,0,2020-08-15 07:37:05
@vigneshiyer3622,"This is Not sadak 2,this is KALANK 2",0,2020-08-15 07:37:00
@kazimmujawar,Plz don't watch th trailer of this movies the more we watch they will get the highest views than,0,2020-08-15 07:36:47
@amanchaudhary2977,Mai bhi dislike kar diya aap log bhi dislike kar do,0,2020-08-15 07:36:44
@alokbharti25,Save your money. Dont watch this film. This film trailer is worst.,13,2020-08-15 07:36:40
@tarun_k_shorts,Justice for SSR,3,2020-08-15 07:36:34
@SantoshMaurya-yt6pm,,0,2020-08-15 07:36:32
@vigneshiyer3622,This deserves dislikes.One of the biggest flopshows.,33,2020-08-15 07:36:29
@soulfully_Australian,All suaars in one movie. Incest porn movie hona chaiyetha,0,2020-08-15 07:36:23
@shaikeliyaz4522,#uninstallhotstar,0,2020-08-15 07:36:21
@amartyasahoo2873,worst movie,0,2020-08-15 07:35:56
@dharmveerbahaduriya5331,Sali Randi .do kodi.ki.ab tera time gya,0,2020-08-15 07:35:50
@Pankajsharma-UP60,Bycott trailer and movie,0,2020-08-15 07:35:49
@abhigamer7392,Still the nepotism think that we don't know anything and they will be successful making us fool But now we know the black bollywood,0,2020-08-15 07:35:48
@sudhanshukumar126,Now realize everyone that who is a good acter or actress... So I don't like..m,12,2020-08-15 07:35:46
@nithinkumar3404,Mahesh Bhatt with more controversy around Jia and Sushant we dont like to see your movies along with your daughter being acted in any here after,0,2020-08-15 07:35:46
@RahulSingh-qd2zs,Sala m.......ch,0,2020-08-15 07:35:23
@g2h318,l htt dlk,0,2020-08-15 07:35:20
@richarao1346,Bakwash movie,0,2020-08-15 07:35:19
@harryprince203,Sbse jayda ghatiya bakwass gandi yaak ......,0,2020-08-15 07:35:19
@rakshitsharma6403,Sorry baba,0,2020-08-15 07:35:12
@simrantamang7766,My dislike is for Alia and Mahesh Bhatt not for Aditya and Sanjay Dutt,0,2020-08-15 07:34:59
@harshitchoudhary6142,Alia Bhatt is,0,2020-08-15 07:34:55
@Telcomeshorts,Haramy sala,0,2020-08-15 07:34:55
@aneshasarkar5188,Cheeeee ghatiya film,0,2020-08-15 07:34:47
@nithinkumar3404,Mahesh Bhatt can only introduce his daughter and make such pathetic movies,0,2020-08-15 07:34:34
@Akagami710,Who else came here to see the dislikes like me,0,2020-08-15 07:34:31
@bindranegi434,Dislike it,0,2020-08-15 07:34:18
@spritualseek,Here only for dislike.. Mahesh bhatt = Bollywood Johnny sins,1,2020-08-15 07:34:11
@chahatkumari776,Dislike,0,2020-08-15 07:34:11
@cricketfastgp8082,Please dislike movie bakbashai,0,2020-08-15 07:34:04
@bhaskarrao8723,acting ka A B C bhi nhi aata hai alia ko... nonsense stuff,1,2020-08-15 07:34:00
@palkigairola702,SB log dislike kro yll plZzzz,1,2020-08-15 07:33:41
@fightclub7395,I hate alia without any reason,0,2020-08-15 07:33:40
@jagmeetkaur4226,Bekar movie no dought,0,2020-08-15 07:33:40
@shivamkharb,Only good thing about this trailer is that Black Car.,0,2020-08-15 07:33:32
@kirtisingh4478,Bekar Alia,0,2020-08-15 07:33:25
@agri.knowledge143,#Sanjaydutt sir aap itne bade legund is movie me Apna image bigadne kyu agaye,0,2020-08-15 07:33:24
@mahendrajadhav9014,Sanjay Dutt Sir sorry for dislike.. you are really good actor and we always pray for you,0,2020-08-15 07:33:23
@sonalivaidya6190,Sushant Ke liye dislike without watching,0,2020-08-15 07:33:17
@jeevaselvaraj6039,Ary bhai muje maro muje maro aise trailer pe mere wajah se ek view bhad gaya rehga the worst trailer theres no logic at all,0,2020-08-15 07:33:11
@shivamkharb,Which car is it?,0,2020-08-15 07:32:57
@besupportive9423,Ye to binod he,0,2020-08-15 07:32:55
@mohinirai3173,Upr wala tere sath bilkul ni h,0,2020-08-15 07:32:55
@neerajrathore4314,Sadak 2 bed movie and bed acting aaliya,0,2020-08-15 07:32:53
@shivagimaurya.9810,Boycotts,0,2020-08-15 07:32:49
@GaganDeep-rg8vc,It will definitely flop,0,2020-08-15 07:32:44
@sagarvasava2961,Bekar,0,2020-08-15 07:32:28
@swaisinghrathore1366,Sushant ke Jane ke bad filmo ko dekhna to door pas me bhi nahi jayenge.,0,2020-08-15 07:32:24
@TECHNOLOGICALHELPHindi,Only view no play video dislike,0,2020-08-15 07:32:22
@GoneChase,Bullshit,0,2020-08-15 07:32:19
@bablysinha7506,Smita,0,2020-08-15 07:32:17
@Mrspotyfy,Mahabhokas,0,2020-08-15 07:32:05
@tamilarasan5863,,0,2020-08-15 07:32:04
@ishanentertainment1404,viewers badh raha hai...guys...don't see,0,2020-08-15 07:32:03
@100subscriberswithnovideoc5,Please don't abuse anyone randomly..... But since its nepotism so it deserves a dislike..... Please read my name,1,2020-08-15 07:31:57
@AmitKumar-vq5fg,Dislike,0,2020-08-15 07:31:57
@sudhirmani8482,Sala pahli baar dekha hai like se jyada dislike,0,2020-08-15 07:31:56
@yashigamer3488,I disliked from another id for alia bhat and liked this video from this account for sanjay dutt and aditya,1,2020-08-15 07:31:55
@Rahulvedwal250-Haryanvi_BoY,Hate list,0,2020-08-15 07:31:42
@removepovertyinindia6377,Bakawas....,0,2020-08-15 07:31:26
@amankalra2744,Justice for sushant....... No to nepotism..... Bye bye alia..... Also i forgot to mention prithvi raj chauhan is not our prime minister..... See the person on tv doing ram janam bhumi pujan..... He is the prime minister.....,0,2020-08-15 07:31:21
@ajaybhadoriya6544,Hatao nhi dekhna,0,2020-08-15 07:31:05
@akashbhati195,Sushant was a gem star. No one can't replace him.,42,2020-08-15 07:31:01
@satyamraj8068,I saw Alia bhatt nd dislike this movie..,2,2020-08-15 07:31:01
@bishnu461,"Waahh mere Hindu yarron,,,1 crore dislike hone ko mangta..JAI HIND.",0,2020-08-15 07:31:01
@kartiktodwal4702,Dislike... only dislike for this trailer,0,2020-08-15 07:30:47
@Akshaygadhe,Disliked before watching,2,2020-08-15 07:30:47
@AmanAnsari-bd4od,Laure ka sadak,0,2020-08-15 07:30:46
@crimediv.6497,"Banned this movie they all are movie mafiya, don't see all Inko unki okat bata vo",2,2020-08-15 07:30:42
@heavenofmovies5073,like karne ka h kya isme....like ka option hi hata dena chahiye...trailor hi bakwas h... movie ki zamanat zabt hona pakka h,1,2020-08-15 07:30:33
@abinavkotta9515,Bhatt family movie worst movie guys,0,2020-08-15 07:30:32
@SushBhagat,Sorry Sanju baba,0,2020-08-15 07:30:28
@krishnasaini2874,Bc roj bdi kushi se dislike cheack krne aata hu,0,2020-08-15 07:30:26
@hlimpuiikhiangte9325,Came here to dislike,0,2020-08-15 07:30:24
@Bubaimandal6611,WewantJustice4SSR,0,2020-08-15 07:30:13
@SushBhagat,Third class trailer Boycott ...aaa thuu,0,2020-08-15 07:30:11
@shyamolidebnath4705,Ab shusant koun he... Ab tak to pata chal hi gaya hoga #Alia ko,0,2020-08-15 07:30:08
@KeshavKumar-mi1gl,Abee nikal lavde,0,2020-08-15 07:30:08
@abinavkotta9515,Worst movie............... Time waste.. ... ........ Bathar movie,0,2020-08-15 07:29:47
@payalpatel6880,Mahesh bhatt ko koi samsan me bhej do vo bhuto ke bich hi rahene layak he sala harami kahi ka,0,2020-08-15 07:29:40
@sabitalifestyle6964,Pooja,0,2020-08-15 07:29:32
@pragyalakhera3006,A dislike for this video just for sushant. I boycott this movie,21,2020-08-15 07:29:31
@avishnaraj2341,.,0,2020-08-15 07:29:28
@diarrakanekanekane5405,Nice,0,2020-08-15 07:29:24
@subratabiswas4762,This dislike only for bhaat family,0,2020-08-15 07:29:17
@khatiyanijoharjohar9359,I heat aliya,0,2020-08-15 07:29:14
@ffg821,Dislike dislike fack guru,0,2020-08-15 07:29:10
@jaikishen100,Making their own Classic Movies Dust,0,2020-08-15 07:29:05
@ravigupta6526,Boycott kro krta Hun m ish movie ko kyu ki esh m AlliabhAt hai & Dislike,0,2020-08-15 07:29:05
@Amandeepsingh-vd8ks,"Alia mam,,, I don't like you",0,2020-08-15 07:29:02
@adityadeshwal5552,alia bhatt ke liye ek or dislike,0,2020-08-15 07:29:00
@RAHULKUMAR-zg3zb,Faltu,0,2020-08-15 07:28:50
@adityanakti8700,Worst trailer I ever seen,0,2020-08-15 07:28:38
@amollad6207,Boycott star kids movies,0,2020-08-15 07:28:33
@akramkhan0765,,1,2020-08-15 07:28:31
@anshsingh8740,Shushant ko insaf,0,2020-08-15 07:28:28
@vinodkumar-nr3mk,Flop,0,2020-08-15 07:28:26
@gipsyjugall,dislike .,0,2020-08-15 07:28:20
@kalpnakishansinghrawat9519,The worst trailer ekdum bekar,0,2020-08-15 07:28:17
@mantukumar-wk3df,Aalia dislikes,0,2020-08-15 07:28:13
@gunjkarsproduction2598,Nepotism hai ye,0,2020-08-15 07:28:12
@prashantdey2978,Disliked the trailer as it is not at all convincing.. No body is star in today's era.. The one who delivers the right content will receive the appreciations from audience.,0,2020-08-15 07:28:11
@indianmotivation3920,Dislikess first time,0,2020-08-15 07:27:55
@amankalra2744,"Use brain, emotions and some real actors to make a movie... Don't just make a movie for the sake of making..... U people have totally lost it...... Ur future is finished after sushant murder......... Bye bye nepotism......... Bollywood will see the result of making senseless movies....",0,2020-08-15 07:27:50
@anshul_exist,Love u sushant bhai miss you,0,2020-08-15 07:27:47
@Cutekids_video,Ye itne dislikes sirf Alia k liye hi nhi but un sab acter actress k liye h jo Nepotism ko apna sab kch mante h... Sale sab apne Maa Baap k paise k duk se ate h phir bhai btayenge Struggle kra h... Guy's sirf is trailor ko ya sirf is movie ko hi mt dislike kro aur b is Alia ya isk baap Mahesh jaiso ki Movie aye unhe b dislike kro... Finally ab Sushant sir ka drd syd ye sb matlabi log smjhe...,0,2020-08-15 07:27:44
@rohanziddiraj,Bollywood ki MKB,1,2020-08-15 07:27:27
@BunnyLivesports,I hate this film,0,2020-08-15 07:27:21
@riteshdewangan7910,Justice for SSR...,1,2020-08-15 07:27:21
@Prithviblox,Trailer hi itna disaster hai to movie kitni disaster hogi,0,2020-08-15 07:27:03
@kinjalrakani6231,aaaaaa...thhuuuuuuu,0,2020-08-15 07:27:02
@brajrajsinghrajput4731,Dislike just because of Mahesh bhatt... Sanjay bhauuu... Superb,0,2020-08-15 07:26:48
@SSCshort07,Dislike,0,2020-08-15 07:26:47
@mehulighosh4825,Why all are giving like225k plz give,0,2020-08-15 07:26:46
@ashutosh1208,Boycotted all future movies of Bollywood gangsters.,0,2020-08-15 07:26:42
@anshul_exist,Trailer hi bakwas hai to movie bhi bakwas hi hogi I heat this movie,0,2020-08-15 07:26:38
@ramtajogi5608,Maine dislike kr diya ab apki bari,0,2020-08-15 07:26:34
@AartiSharma-df4nu,,0,2020-08-15 07:26:27
@abhiseksingh3887,Bycoot sadak 2,0,2020-08-15 07:26:24
@8amstudy,I will never watch.....,0,2020-08-15 07:26:22
@nihalofficial7871,Aliya Bhatt is no deserve for this movie... Bullshit,0,2020-08-15 07:26:10
@rania2674,I only came to dislike,0,2020-08-15 07:26:10
@narayanchavan6696,Bekkar hai,0,2020-08-15 07:26:09
@allSports-g2w,If you want to watch this movie only because of sanju baba then hit like here...,0,2020-08-15 07:26:04
@narinderrajput4298,Krooo dislike Bhan k loodo ko my dislike for Mahesh bhat aur alya bhat,0,2020-08-15 07:26:04
@himudeka9203,I watch this trailer for dislike,0,2020-08-15 07:25:52
@whiskyfiedgaming,i dont know why everyone dislikes this video .seems like kind of fun .i also disliked it ...,8,2020-08-15 07:25:52
@officialsky234,Bakvaas movie he,0,2020-08-15 07:25:49
@kprasad5516,Just see the no of Dislikes Mahesh batt ki wat laga de rahe hain Log,0,2020-08-15 07:25:37
@nischaybalani9,Worthless trailer give a dislike to this trailer.,0,2020-08-15 07:25:33
@annexationist.a1,Worst trailer ever.....,0,2020-08-15 07:25:29
@dr.arnabpalodhy8382,Stop this trailor otherwise we will stop YouTube,0,2020-08-15 07:25:20
@thanyabalaji1324,This movie is gonna be a big flop... And will make a record that in future no other movie can be this much flop,26,2020-08-15 07:25:17
@vipinsinghchauhan174,,0,2020-08-15 07:25:13
@TheShyampetloz,Bakhwaas...,1,2020-08-15 07:25:06
@varunverma900,Thoko dba ke dislike,0,2020-08-15 07:24:46
@tanumewara6761,End nepotism Mahesh Bhatt.,1,2020-08-15 07:24:41
@Mastan231,It's not bad.. it's okay,0,2020-08-15 07:24:37
@twinklekumari1384,Bhkkk....kon dekhega inki movies...,1,2020-08-15 07:24:35
@Geetakumari-yj1qm,,0,2020-08-15 07:24:32
@nikumonichetry4086,Dislike Karne k liye ayi thi,0,2020-08-15 07:24:23
@edutainment1270,Dosto SRK ki pathan ko bhi same sabak sikhana.lets teach them a lesson that they are becoz of us.They can't serve us shit like this.Post SSR death my views have changed completely for Bollywood.Its a bad industry,0,2020-08-15 07:24:12
@chevansahu19,Mai dislike krne aaya hoon.,0,2020-08-15 07:24:02
@chetanchauhan9339,Boycott,0,2020-08-15 07:24:00
@dhruvdhruv847,World's worst movie ever,1,2020-08-15 07:23:57
@sunilshinde2113,Disliked,0,2020-08-15 07:23:54
@srishtipatel4273,Haaa.. I know that this would be very bad so I didn't saw it,0,2020-08-15 07:23:53
@vivekbisht1852,In,0,2020-08-15 07:23:52
@karnarajkamila31,Boycott Movie,0,2020-08-15 07:23:42
@Divahar18,Bhatt s sucks ! Pls don't film any movie .,0,2020-08-15 07:23:36
@aparnamukherjee855,Dislike from my side we love you sushant never going to watch any bollywood movies ever,0,2020-08-15 07:23:30
@ashishjain3437,Bakwaas,0,2020-08-15 07:23:29
@vilaspatil8030,Ye moovi dekhne se beheter he Sushant sing Rajput ke ghar Jake photo pe full chadake ajao,0,2020-08-15 07:23:13
@namaste_9,"One thing i just realised that if u watch #SADAK2TRAILER with mind influenced by Nepotism Debate, Sushant Singh's death, Mahesh Bhatt etc. You'll find it bad. but trust me if u keep all this aside n watch the trailer as cinema lover with a fresh mind, You'll find it even worse.",0,2020-08-15 07:23:11
@raviranjanraviranjan3553,Sorry sanjay dutt sir,0,2020-08-15 07:23:06
@tikendranaktode4093,First time i am dislike any movie .....,0,2020-08-15 07:23:05
@ashokbagdamehta6130,Dislike,0,2020-08-15 07:23:00
@indianvillagelife9,,0,2020-08-15 07:22:49
@VipinKumar-og4jt,Bkwas .....,0,2020-08-15 07:22:49
@majiburrahaman9187,First time i dislike without watching,0,2020-08-15 07:22:47
@saahilmagray2791,Becoz of Aalia i dislike ..otherwise i will also dislike,0,2020-08-15 07:22:46
@rajwantkaur4584,Disliked,0,2020-08-15 07:22:45
@pankajkaushik3849,Y kya goo dekh lia,0,2020-08-15 07:22:42
@wy-zl2yg,this trailer deserve more dislike,0,2020-08-15 07:22:41
@ShivamKumar-by9qd,Boycott this movie,0,2020-08-15 07:22:38
@nishtunishaa,It's better to watch Hollywood movies....,5,2020-08-15 07:22:38
@vocalmelodyjunction,Is film ko pyaar se kachra na bnaya to bolna....you all stupid kachra.....,0,2020-08-15 07:22:35
@akashyadav-hx7ki,Tatti kr di,0,2020-08-15 07:22:34
@adityapratap7436,BINOD,0,2020-08-15 07:22:19
@anikchatterjee5352,"The end of bollywood is near .....that's all I can say ...#boycott bollywood....let's bring this Buddha mahesh bhat and this fasad of bollywood to "" sadak "" just like the name of title is",0,2020-08-15 07:22:15
@jayashrikhyadgi3915,i would like to dislike uncountable times...somehow hating alia now coz she din know who SSR was,0,2020-08-15 07:22:12
@Jyotiprakash122,Alia go back,0,2020-08-15 07:22:10
@Rajrprlmp,2 kaudi ka director 4 kaudi ki movie,0,2020-08-15 07:22:06
@iamdeepakarya,"..maine toh ""sadak"" 1.. bhi nhi dekhi thi..",0,2020-08-15 07:22:06
@mrmrstalwar8476,Hate Alia (anpad alia),0,2020-08-15 07:21:56
@niteshkumar-ll8mv,I Just Come To Dislike This Video,0,2020-08-15 07:21:55
@politylive3428,Ghttiyaa movie,0,2020-08-15 07:21:53
@PESPUBG-w4h,I like it bcoz of Sanjay Dutt he is suffering cancer n he is still acting for us that's the reason we should support this movie,0,2020-08-15 07:21:52
@Lovelyrington,nepotism not accepted sorry Sanju sir,0,2020-08-15 07:21:49
@adityapratap7436,Alia kutiyaa h,0,2020-08-15 07:21:49
@thefactspoint3431,Mahesh bhatt note watch any film,1,2020-08-15 07:21:47
@OGjattHere,This Is Very Good Trailer I lOVED IT... my reason Downside . . . . . . Because it is worlds Most disliked ....THATS Y,1,2020-08-15 07:21:44
@yashvyas5661,Bhaisahab yeh bollywood wale movies me hagna kab band karenge Kuch logo ki hi movies me kuch acha concept hota hai baki sab hagte rahte hai Worst trailer I have watched till date,1,2020-08-15 07:21:34
@scortal4526,Like 4 sanjay dutt but not 4 mc alia,0,2020-08-15 07:21:23
@chinmayagrawal4657,"Iss film se acchi to doosri language ki film hoti hai. Nepotism ka kamal to dekhiye jo kabil actor actress nhi hai unko itni aasani se film me lead role mil jaata hai lekin jo sushant jaise outsiders hai unko ek film ko paane ke liye bhi kadi mehnat karni padti. Mene iss film ko isliye dislike kar rha hoon, kyonki iss film ko sabse worst aur besharam aur wahiyaat director aur producer mahest bhat ne banaya, aur sushant ko tribute dilana hai.",0,2020-08-15 07:21:18
@manipurkaransingh8641,Need to delete from u tube .....17l dislikes shame on you,0,2020-08-15 07:21:15
@Sandeepgupta-07,I think Alia ke wajah se mila hai..,0,2020-08-15 07:21:09
@si_deepa_delhipolice,Dislike karne wale pyare log... I'm close to my first 1000 subscribers...mera channel bhi subscribe kro pls and help me,1,2020-08-15 07:21:02
@rushbj,Dislike to banta hai yaaro,0,2020-08-15 07:20:44
@nitishkumary908,,0,2020-08-15 07:20:40
@nareshop441,,0,2020-08-15 07:20:39
@soumili9380,Ma edhar ayi hu dislike dane ka liye,0,2020-08-15 07:20:33
@HaMaSe_Bc_official,2 Kodi ki actress h alia.....,0,2020-08-15 07:20:24
@shourya3235,Fan of Sanjay dutt,1,2020-08-15 07:20:12
@allindiatraveller57256,Htt,0,2020-08-15 07:20:10
@surajpawar1107,Sorry sanju baba,0,2020-08-15 07:20:08
@sonam7339,Hahaha likes krne wale Pakistani jallad Hain .... Aur unlike krne wale asli bhartiye,0,2020-08-15 07:20:07
@HarshVerma-ho9wx,Bht chutiya h,0,2020-08-15 07:19:42
@darsheel3609,ab tera kya hoga alia,0,2020-08-15 07:19:41
@Priyanka_Yadav12,Chutiya Bhatt or chutiya acting backchodo band kar,1,2020-08-15 07:19:41
@indrajeetsingh958,LOL,0,2020-08-15 07:19:37
@panditsureshkaushik6184,Bkwas hai .. kitni boring lag rahi hai ...,0,2020-08-15 07:19:36
@NOOBgamer-ns3zs,Keep disliking binod army,1,2020-08-15 07:19:32
@skyfive5editz280,For baba,0,2020-08-15 07:19:20
@darsheel3609,I make 15 account to dislike this trailer,0,2020-08-15 07:19:20
@sumitchauhan2209,,0,2020-08-15 07:19:17
@sagarrupwate8906,Ab Sushant sir ye log ki jhand karenge unke liye Jo humare Dil mein pyaar tha na wo dikhane ka waqt aagaya hai,0,2020-08-15 07:18:54
@shanti56789,First i thought I'll see the trailer before disliking... Lol... Couldn't stop myself disliking it... No hard feelings for cast but story to bakwas lagti hai...,0,2020-08-15 07:18:47
@karanghadge2424,I just come in here online for Dislike.. Aliya ab bajao taliya,0,2020-08-15 07:18:39
@kaushalacharya06,Bakwas movie ... meri taraf se 10000 dislike,0,2020-08-15 07:18:30
@subratachatterjee4629,Madar chode alia vat movi,0,2020-08-15 07:18:10
@gaurabkumar5475,Madarchod you tube,0,2020-08-15 07:17:47
@anantyadav999,In bollywood vaalon ke roti pani band na ho jaaye air bheek ka katora leke na road mai aajaye tab tak inmai se kisi bhi kutte ya kutti ki movie nai dekhni,0,2020-08-15 07:17:44
@himanshusakhuja4845,Zn,0,2020-08-15 07:17:39
@monikakumari5628,Main to dislike karne aya hoon,0,2020-08-15 07:17:33
@Angadyadav-wz2km,I was searching for this trailer to dislike it..... after disliking it.. Ohhh God what a awesome feeling,0,2020-08-15 07:17:27
@prafulmakode5009,Nepotism,0,2020-08-15 07:17:27
@pranabparui2830,Should require narco test for mahesh bhatt.,0,2020-08-15 07:17:14
@murtazakhanbaba2944,Baba ki movie ana mangta hai bhaye,0,2020-08-15 07:17:07
@vikashkumarsingh7291,I just watched this trailor to dislike it,0,2020-08-15 07:17:02
@anantjoshi4u,,0,2020-08-15 07:16:55
@GovindGupta-tr3fq,Bkwas,0,2020-08-15 07:16:48
@dadasahebkondubhairy3630,Murderer ki movie,0,2020-08-15 07:16:32
@anantyadav999,Ye sadak ko jisne bhi dekha vo sadak pe,0,2020-08-15 07:16:31
@rachanashukla694,A Thu bad,0,2020-08-15 07:16:23
@manikrelan60,Justice for SSR! Please boycott Bollywood gang I am against Nepotism,0,2020-08-15 07:16:14
@chandrashekhargupta9291,Saale harami log Gaddar Desh drohi,0,2020-08-15 07:16:10
@a.ingtappasingha7166,Justice for SSR,7,2020-08-15 07:16:07
@yashpradhan3471,Bakwash hai Bhatttt,1,2020-08-15 07:16:04
@oneplus8980,Tatti,0,2020-08-15 07:16:03
@bharvadhari9310,Benchod muviko itna flop karege ki kharcha bi nahi nikle ga sale bhat ka,0,2020-08-15 07:15:46
@Danish-ez4wb,I hope these Dislikes may reach to 10 millions. We should take a pledge to never watch movies of all those StarKids/ Producers /Directors who were responsible for SSR #End Nepotism #Justice for SSR,0,2020-08-15 07:15:42
@ishrathbegum8054,Alia looking,0,2020-08-15 07:15:34
@rahulgujar2267,Is film pr banned krva do,0,2020-08-15 07:15:25
@owlenterprisesshoppingstor2737,One like only for Sujay dutt,0,2020-08-15 07:15:17
@dangalmusicofficial6383,Ban karo is movie ko,0,2020-08-15 07:15:10
@deepikaverma4444,Sorry may be good but acting is not Dumdarr,0,2020-08-15 07:15:07
@prakashbijour8341,Another hinduphobic...another baba...nothing new...find new topic..,0,2020-08-15 07:14:53
@tanmay48499,I am humbled request to all Indians please continue this dislike trend for bollywood nepotism people & banned this type of people,0,2020-08-15 07:14:51
@bhattrutvik1632,What is this? Trailer ...,0,2020-08-15 07:14:49
@skblerningpoint9435,Bakwas hai,0,2020-08-15 07:14:45
@priyankasahoo6074,Pooja bhatt said the very right 'sadak 2' trailer is trending in Youtube... Bt as like as 'BINOD' so sadak2 and binod r both same...,0,2020-08-15 07:14:39
@anishyt5737,Dislike Jada hai,0,2020-08-15 07:14:15
@rahulbhatt38,Wrong likes and dislikes are there.... yesterday there were 94 lakhs dislikes.... fake....film ...fake channel...,0,2020-08-15 07:14:12
@kurukshetrakheladda,Mahesh bhat dislike,0,2020-08-15 07:14:12
@u.ankitsharma3633,I complete my duty by dislike this movie trailer ####jai shree ram,0,2020-08-15 07:14:08
@RajputJay,Jo isko like kr raha hai wo PR agency hai just bots,0,2020-08-15 07:14:05
@sonamjha863,Yesterday i told my brother i dislike trailer of sadak 2 without watching it .then my brother said u should watch it after watching the trailer of sadak 2 u will definitely report it .now i can say he was correct.,6,2020-08-15 07:13:56
@PraveenSingh-zf4ix,Binod,0,2020-08-15 07:13:55
@kartiknain4200,Sanjay dutt like Aali bhat comment,1,2020-08-15 07:13:51
@monirulguru5107,Bakbas ha movie,0,2020-08-15 07:13:44
@Akansha0317,,0,2020-08-15 07:13:39
@shikhasingh4430,I hate alia,0,2020-08-15 07:13:22
@yogeshwarsingh9641,,0,2020-08-15 07:13:20
@RajputJay,Didn't watch but Hate you already,0,2020-08-15 07:13:19
@AbdulHamid-oc6go,Here is also people dislikes....,0,2020-08-15 07:13:12
@j.srajput1281,be ready kneel down them.....,0,2020-08-15 07:13:07
@prospacelink,Sadak Chhap performance by Sadak chhap team,0,2020-08-15 07:13:06
@shashankgupta8866,.,0,2020-08-15 07:13:02
@shubhamrai5101,Ye to...tatti hai,0,2020-08-15 07:12:57
@jantacarwash,Totally shit,0,2020-08-15 07:12:56
@dailyobservation5829,like krne wale yha ke to nhi hai ye kisi or planet ke hai haaaaaaa justice for susant sing rajput jai hind,0,2020-08-15 07:12:50
@harshitsiwal,Alia bhatt ka carrier to gya,1,2020-08-15 07:12:49
@ramkulkarni7503,Disliked,0,2020-08-15 07:12:37
@jantacarwash,Chutiye,0,2020-08-15 07:12:36
@nikhilsharma2921,Bogus,0,2020-08-15 07:12:36
@bharatsachdeva4991,Boycott them,0,2020-08-15 07:12:34
@sachinkolhe7298,movie,0,2020-08-15 07:12:30
@anjulrai9762,SADAK Chap movie lel,0,2020-08-15 07:12:29
@anilsethling8005,Fuck trailer boycott pls mat dekhna ya movie....,0,2020-08-15 07:12:26
@heavenhitter74,Trailer se hi movie flop,0,2020-08-15 07:12:20
@adithyakl7429,DISLIKE!!,0,2020-08-15 07:12:12
@shefalikalsi4637,This trailer doesn't make sense actually 1 like for SSR,41,2020-08-15 07:11:59
@shristyg190,Chiiii,0,2020-08-15 07:11:57
@ChandanKumar-cv8of,Wahiyat ghatiya,0,2020-08-15 07:11:51
@abhishek___kushwaha___,hate this movie and trailer,1,2020-08-15 07:11:45
@mrabhinavstar5696,Alia bhatt madarchodo ka movie koi nhi dekhna,0,2020-08-15 07:11:42
@status_star6450,Ao pause dislike aur nikallo,0,2020-08-15 07:11:38
@Kanpuriyaallcricketstar6165,Baba sorry Aditya sorry m is movie ko nahi dekhunga ab Bhad me jao,0,2020-08-15 07:11:14
@ISOP_27,Who else is searching this trailer to dislike Hit a like,1,2020-08-15 07:11:00
@KidsFunWorld_India,Bycut mahesh bhatt movies,0,2020-08-15 07:10:55
@armansingh2459,#music#lover# Sidhu song,0,2020-08-15 07:10:52
@akfun7963,Dislikes meter reduced krdiye youtube ne Let's,1,2020-08-15 07:10:47
@pawansoni-sg6he,Most liked trailer of the year is dil bechara... Most disliked trailer of the year are rest...still counting...tell me who is the next,0,2020-08-15 07:10:39
@iluminatitipsandtricks472,the all peepal coming this video and dislike this treler RIP SSR,32,2020-08-15 07:10:36
@vaibhavvasudeva838,Yeh likes zaroor fake account's se aaye hai.,0,2020-08-15 07:10:32
@amankumarpaswan4123,"Beta itna marenge ki naan dada bhi nhi bacha payga, agar koi bich me aaya to.. Harami ke pilin, pile... Ka khair nhi ###I'm from Bihar #### A",0,2020-08-15 07:10:29
@lovejitsingh552,Anbe yeh log bi dislike leke manege,0,2020-08-15 07:10:29
@minaleshalinwonderlandfami3997,Disliked,0,2020-08-15 07:10:28
@DeepakSingh-ct5hz,Dislike hate this movie,0,2020-08-15 07:10:21
@Livestream_local_Gameing,Fast time dislike,0,2020-08-15 07:10:21
@thunderbirdrider8740,Thoo BC. Sadak chaap bhatt,0,2020-08-15 07:10:19
@aakashrk6394,How ever sanjay dutt and the hero it's my heroes but I hate the chuthiya too much . And ti give justice to sushant i have disliked it,0,2020-08-15 07:10:19
@arvindshing8175,Dishlike,0,2020-08-15 07:10:14
@KrishnaKrishna-im5dx,225k like con hai ye log,0,2020-08-15 07:10:12
@sahukanhaiya8982,Dislike,0,2020-08-15 07:10:08
@steptolearn3532,Watch kiye Bina dislike KR diye bcod,0,2020-08-15 07:10:02
@priyaprasad7883,I dont like this,1,2020-08-15 07:09:59
@chhayasen4588,Bakwasssss trailer,0,2020-08-15 07:09:58
@sayyedtanzimali5482,This dislike becoz of Sushant Singh Rajput,0,2020-08-15 07:09:57
@tijaykumar1124,Lanka laga do sadak thoo ki ek aur aatho,0,2020-08-15 07:09:50
@syednawaz1720,Truly this trailer deserves DISLIKESSS,0,2020-08-15 07:09:50
@oscarsierra.5443,Only Sanju baba sir...,0,2020-08-15 07:09:45
@RajanKumar-ux6iv,Ghatiyaaaaaaaaa maahaaaaaaa ghatiyaaaaaaaa ekdammmmm waahiyaaatttttt trailorrr pure duniyaaa kaa kachraaaaaa isss trailor mee cheeeeeee..............maaroo saalo ko......dislike maro sb k sbb,0,2020-08-15 07:09:32
@KrishnaSharma-ci5wd,10th fail hai....,0,2020-08-15 07:09:19
@j.srajput1281,2,0,2020-08-15 07:09:13
@the_real_BRAVO,Ye to tatti hai,0,2020-08-15 07:09:08
@abhirajdeshmukh77,,0,2020-08-15 07:09:03
@vamshidharreddy2823,Justice for sushanth singh,0,2020-08-15 07:09:01
@anuragsharma8221,"Nepotism , Dislike flop show",0,2020-08-15 07:09:00
@sheejasimpson1342,Crap,0,2020-08-15 07:09:00
@amansinghamansingh982,this movie is little bit good because of sanju baba,0,2020-08-15 07:08:57
@abhirajdeshmukh77,,0,2020-08-15 07:08:54
@shanayasfunworld5917,"Can anyone tell me, ? What is meaning of movie storyline ? wese wo aaliya itna chilla kyu rahi hai is trailer me",0,2020-08-15 07:08:52
@Srija2910,Wakkkk thuu,0,2020-08-15 07:08:49
@shobhabisht7834,This is my first video to whom I am giving dislike,1,2020-08-15 07:08:46
@mathiies0795,Just came to see my sanju baba.. and dislike this trailer just becoz of alia aunty,8,2020-08-15 07:08:46
@krishmainali8360,It was 9 million dislike. suddenly changed into 1.7 million.,1,2020-08-15 07:08:41
@Cartoonlovers4636,Rip sushant,0,2020-08-15 07:08:39
@bhaskarkumar5561,Am from Visakhapatnam. South India. Iam searching for dis video only for disliking. .. susanth Singh Rajput. Miss you bro,0,2020-08-15 07:08:36
@himanshujaiswal5730,Is movie me madrchod kya hai,0,2020-08-15 07:08:34
@abhirajdeshmukh77,,0,2020-08-15 07:08:34
@ritnagpal,I love Sanjay dutt only Baki bhad me jae,0,2020-08-15 07:08:32
@rajeshchoudhary7473,",",1,2020-08-15 07:08:21
@mallusportstalk7258,Alia Haters come on,0,2020-08-15 07:08:15
@Atik__king8,Binod Kon he yar ?,0,2020-08-15 07:08:06
@RahulKumar-lf1zk,,0,2020-08-15 07:08:00
@KrishnaSharma-ci5wd,Sahi chal raha hai aur aukat pata chal rahi hai Sabko apne..... Koe be trailer ho dislike he milega,0,2020-08-15 07:07:59
@gopalrenwa1428,So ladies and gentlemen Alia ke liye Gaaliya..... Dislike sadakthoo,0,2020-08-15 07:07:58
@sumantadey1577,"Family Business, Nepotism",0,2020-08-15 07:07:55
@comedy-bc4jf,Dislike thoko meri tarah,0,2020-08-15 07:07:47
@xymexgaming469,Yeha bhi aa gaye muh kala karwane besharm kar do dislike,1,2020-08-15 07:07:46
@satyam2894,These guys r mudrers of SSR,0,2020-08-15 07:07:35
@nehagurjar5872,Aliya ab maja aliya,1,2020-08-15 07:07:31
@sajalkumar8299,Shitttt on this movie...... Boring and bakwas....chhhiiii,0,2020-08-15 07:07:28
@sanskritisingh2002,All are searching this trailer for disliking it,0,2020-08-15 07:07:15
@axomrahul4638,Hahahhahah..,0,2020-08-15 07:07:11
@satyam2894,Saley Star Kid,0,2020-08-15 07:07:05
@sujatasaha9993,Boycott,0,2020-08-15 07:06:59
@shaileshsingh3877,Show them tat we are not gng to see this movie.. #justice for SSR.,0,2020-08-15 07:06:55
@amankumarpaswan4123,Mi madharjat ka film nhi dekhta,0,2020-08-15 07:06:50
@deshantrao9156,Inki koi bhi film mttt chlne do bhaiyo,1,2020-08-15 07:06:46
@toliyaanand8606,No,0,2020-08-15 07:06:31
@manishhindustani8382,Es film ko hum sab sadk par kaa de dosto ko,0,2020-08-15 07:06:31
@sheetal45678,RIP SSR,0,2020-08-15 07:06:27
@deshantrao9156,Ye saree ek h,1,2020-08-15 07:06:19
@srinecena7007,Now i uninstall hotstar,0,2020-08-15 07:06:19
@snehasaini2646,Sadak Thu .Thu.thu.....thu h aaliya pr..Thu h iske buddhe takle bap pr...tum log to ab finished...,0,2020-08-15 07:06:17
@vbvlogger8564,Very bad I didn't like it,0,2020-08-15 07:06:01
@nikhilrajgorrajgor2351,Esalo ma ka. Kamine,0,2020-08-15 07:05:46
@moromduarah4712,I just came to dislike,1,2020-08-15 07:05:38
@rubabali1488,Ghatiya movie as ghatiya actors,0,2020-08-15 07:05:35
@poojasaini-in7hf,I'm here only to dislike this,0,2020-08-15 07:05:26
@gouravsheel8291,BINOD Trailer Hai,1,2020-08-15 07:05:22
@priyankamalik5623,Just for dislike,0,2020-08-15 07:05:22
@SukhdevSingh-gl6xe,Dislike this muck,0,2020-08-15 07:05:07
@yashchoubey6221,Apun ko nai matlb aliya randi se apna to sanju baba h movie mein isliye like,0,2020-08-15 07:04:59
@ArjunSingh-lv4rs,Yeh tatti kisne ki hai youtube pe,0,2020-08-15 07:04:54
@theuniquething3191,I am here just to dislike it,0,2020-08-15 07:04:44
@Crazyyy_bartender,Chutiya movie bhenchod,0,2020-08-15 07:04:38
@abhishekagrawal2883,Is movie pr kutta mute,0,2020-08-15 07:04:32
@karanvyas9931,"After watching the trailer ,public be like -"" are kehna kya chahte ho bhai ...??""",0,2020-08-15 07:04:31
@SenthilnathanTales,How many of you are coming here to Dislike?,0,2020-08-15 07:04:28
@vedanttt_k,Chiiii be,0,2020-08-15 07:04:12
@KKVillageKitchenandVlog,Ali bhatt #Lol Or ek bin tallent wali...,0,2020-08-15 07:04:07
@satyendrasahu9893,Congratulation for the most disliked video in you tube,0,2020-08-15 07:04:07
@shubhangishree96,Justice for SSR.. ..,0,2020-08-15 07:04:05
@dinamitegamerx3913,Binod,0,2020-08-15 07:04:04
@vivekkantkumar1406,"Bukwas trailer, nothing inside movie..",0,2020-08-15 07:03:54
@narhari3599,,0,2020-08-15 07:03:53
@yashadthakker,worst movie ever,0,2020-08-15 07:03:52
@sweetymavi298,,0,2020-08-15 07:03:51
@ItsSantoshTiwari,Just came to dislike,0,2020-08-15 07:03:45
@abhishekchoubey1753,Thirt class actress third class trailer third class Bollywood,0,2020-08-15 07:03:31
@satyamthakur8633,I really like that humanuty is still alive for humans. Love SSR THNKS TO PUBLIC FOR DISLIKE AND NOT WATCHING IT,5,2020-08-15 07:03:31
@akashgaur_7,Boycott bollywood,0,2020-08-15 07:03:30
@Gomata-135,,0,2020-08-15 07:03:23
@nareshshah9456,Bakwaas directr...bakwaas actress,0,2020-08-15 07:03:21
@aryan90972,dislike,7,2020-08-15 07:03:14
@thevermastudio5029,Hit dislike only,0,2020-08-15 07:03:07
@mishra227,,1,2020-08-15 07:03:04
@KrishanKumar-hg1xx,Who is fake guru,0,2020-08-15 07:02:49
@soumyojitmukherjee7424,Now the fake Celebrities will understand The power of common people,120,2020-08-15 07:02:30
@PANKAJKUMAR-po9jv,super flop movie of millanium. and alia is terrible actress,0,2020-08-15 07:02:28
@prabhusinghrathore4278,Dislike,1,2020-08-15 07:02:28
@arpandas6863,"Pure ghatiya,dakke mera deta balance barbad",0,2020-08-15 07:02:18
@ilaafansari7604,There are 2.2lakh madarchods,0,2020-08-15 07:02:14
@ayni4196,Worst trailer with nepotism product...should ban such kind of movies..worst,0,2020-08-15 07:02:13
@sunilbairwa4411,Nice,0,2020-08-15 07:02:11
@Gomata-135,,0,2020-08-15 07:02:10
@vishalrajputactor2218,Jo log is movie ko boycott krta h wo like idhar like kro cmnt kro mere msg pr dekhte h kon kon is movie ke khilaf hai q ki me is movie ka hi nahi Mahesh Bhat or Karan methhe jese logo ki har movie ko boycott krta hu or Alia Bhatt jesi ghatia actors mene aj tak nhi dekhi,0,2020-08-15 07:02:10
@rajeshkomaravalli1756,Dislike kottandi elanti valla movies asalu release kuda cheyinikudadu..,0,2020-08-15 07:02:07
@thakurrohitsingh5845,m just see dis trailer nd coming for dislike....bye.,53,2020-08-15 07:02:07
@ajittiwari4603,No,0,2020-08-15 07:02:03
@TARUNKUMAR-qn6zb,Faltu movies . Kaisi garib ko kahana kihla dange per en sub ka movies nhai dekhna h puri life....,0,2020-08-15 07:02:02
@sahilsambyalacting5945,Worst movie,0,2020-08-15 07:01:42
@historyvsmystery6838,Ha ha ha thoko dislike,0,2020-08-15 07:01:40
@sachinshrivastav517,Dislike only bhaat family,0,2020-08-15 07:01:39
@narayanrout1445,Kal dekha 4 million dislike aaj kaise Kam Ho geya,0,2020-08-15 07:01:34
@Ratz-x-6655,I have been working in a corporate for the last 16 years. I never did such wonderful/ satisfying job than disliking this trailer. till today.,0,2020-08-15 07:01:30
@ketalshah7687,This is amazing trailer,0,2020-08-15 07:01:29
@v_vidsz,I don't know why I dislike,0,2020-08-15 07:01:27
@AzadKumar-wh7xq,Dirty bhatt camp and dirty nepotism.......i hate this movie,0,2020-08-15 07:01:14
@Sukhi.singh30,Character less bhatt family.,0,2020-08-15 07:01:04
@mr.kirtanmeda1795,,0,2020-08-15 07:00:47
@INFERNOcodmyt,Bakwaas,0,2020-08-15 07:00:29
@shivduttsharma5304,Bakwaas,0,2020-08-15 07:00:29
@souravadhikari7462,"We everyone should make this movie super flop, They didn't deserved anymore in bollywood industry. A big shame for Mr.Bhaat",0,2020-08-15 07:00:18
@TAMIL361DEGREE,"I don't know y everyone dislike this, it's okay I also dislike this",0,2020-08-15 07:00:17
@reddysgame6153,Hey kya kachra banadiya,0,2020-08-15 07:00:17
@shivduttsharma5304,This is bakwaas,0,2020-08-15 07:00:16
@ranjanadhikari7993,Neem ka paat kadwa hai mahesh bhatt bhadwa hai...,0,2020-08-15 07:00:11
@Intraday_option_trader,Kya bakwas hai yaar,0,2020-08-15 07:00:09
@FlutewithDivy,Mene thoh sirf iskeliye dekha ki m ise dislike kr sko,0,2020-08-15 06:59:55
@comedyshorts2268,Dislike,0,2020-08-15 06:59:54
@DailyEntertainment4091,Disliked just oll bhai aur bhano,1,2020-08-15 06:59:53
@subarnaroychowdhuroy137,"A ""like"" is for sanjay dutt.....lots of ""hate"" for mahesh bhatt .....",0,2020-08-15 06:59:47
@nandinisharma4539,I miss shushant sing rajput,0,2020-08-15 06:59:42
@kingraj6194,Sadak chaap logon ki sadak 2,0,2020-08-15 06:59:22
@Gaurav29dec,Is video per bhi dislikes krne vala lage rho g**d dard honi chiye iski gusaa dooo...,0,2020-08-15 06:59:22
@risingstarmanish5708,Ghatiya movie,0,2020-08-15 06:59:16
@Rahulsingh-ed6xu,Aliya...Randi aliya...,0,2020-08-15 06:59:14
@ashoksaini6858,Boycott,0,2020-08-15 06:59:09
@mihirkotadiya9860,Only Dislike,0,2020-08-15 06:59:04
@Rahulsingh-ed6xu,Aliya randi aliya,0,2020-08-15 06:59:02
@tusharmohammad6694,First tym i hit dislike and comnt on any video in my life without watching,0,2020-08-15 06:58:57
@nibhadive1745,Sala agar ye system rahata ki jitna marji utna dislike kare to 100000.........,0,2020-08-15 06:58:52
@rahulsain3251,Who dislike without watch like here,1,2020-08-15 06:58:51
@keerthanaradhyakeerthan0079,Binod,0,2020-08-15 06:58:50
@nandinisharma4539,"Mai inki film kabhi na dekhu. Kisi ko dikkat ho to bhid sakta hai mujsey, am free.",0,2020-08-15 06:58:49
@rohitnagar5049,Jis jis ne dislike Kya vo yaha like kro,0,2020-08-15 06:58:48
@rehanvqureshi2077,Mai bs dislike krne aaya tha..,0,2020-08-15 06:58:42
@RajKumar-tf4ix,Sorry sanjaya sir,1,2020-08-15 06:58:41
@surupasengupta8047,Horrible...... Mahesh Bhatt has become crazy,0,2020-08-15 06:58:29
@mangeshpandit,Neem ka patta kadwa hai... baki log samazdar hai!!!,0,2020-08-15 06:58:28
@Shubham.kumar.191,"Boycott bollywood Alia , dhawan, salman , Arbaj , kapoors , yeh sb ekhi thali k chatte batte hai .",0,2020-08-15 06:58:23
@rashmitomar7243,Justice for ssr,0,2020-08-15 06:58:22
@Stylish-Man-D.S,Don't like this movie,1,2020-08-15 06:58:15
@rajkumaryadav3837,Chutiya hai sab bahiskar karo,0,2020-08-15 06:58:14
@Laptopwalaah_41,Sanjay Dutt ki vajah se dekhna chahte ho to local sites se download karke dekh lena but theatre me dekhne jane se pahle ye mat bhul jana ki ye Sushant ke katilo ki film h,0,2020-08-15 06:58:13
@ipsitasumontahappyhearts2945,"Hate nepotism, hate star kids",0,2020-08-15 06:58:12
@umakantvishwakarma4828,Very bad bhosdhi k aliya,0,2020-08-15 06:58:09
@sachinkuntal9288,Vaha foxstar valo ke video pe 10mn dislike aur yaha sirf 1.7mn dislikes ??!! Ye nainsafi nahi chalegi bheedu log......aane do yaha bhi 10mn dislikes,0,2020-08-15 06:58:08
@Sharique_music,#boycottsadak2#boycottALIABHAT,1,2020-08-15 06:58:04
@kumarshaahh2341,Tatay movie,0,2020-08-15 06:58:02
@shiviShivhare,Dislike,0,2020-08-15 06:57:37
@nitinraghavadvocate6887,Sb dislike kro yr isko,0,2020-08-15 06:57:26
@soulsucker5564,Record - video gets 1.8m dislikes in 3 days only . Nepotism products,0,2020-08-15 06:57:09
@TARUNSHARMA-xh1kr,I came here only for dislike.. u bastards Alia Bhatt and Mahesh Bhatt.. U people are garbage and we will shit on you...tum kamino hamesha Hindu dharma ko badnaam karte ho... Suar ki aulaad...,0,2020-08-15 06:57:07
@ASIFSHAIKH-eq4hb,Alia dislike,0,2020-08-15 06:56:53
@akkimenswear4608,Sushant bhai,0,2020-08-15 06:56:51
@sambitkumarswain1379,,0,2020-08-15 06:56:51
@priyanshut,Ek to Mahesh Bhatt upr se Aaliya to matalb faaltu ka chutiyapaa hi hoga.,0,2020-08-15 06:56:40
@vikrampatil3380,New India Just not hate Alia all Nepo kids We want justice SSR,1,2020-08-15 06:56:31
@ssfashionpoint5961,Dislike reasons Alia,0,2020-08-15 06:56:31
@sujayjoshi4401,Don't watch this movie.,0,2020-08-15 06:56:22
@mddk9514,Bekar movie h..aisa lg rha h,0,2020-08-15 06:56:20
@arpitasingh9095,So shameful people they are,0,2020-08-15 06:56:12
@Jangali1998,Kitna bakwas trailer he,0,2020-08-15 06:56:10
@VikashKumar-kp8we,bhai koi movie na dekhe ye inhe hum hi banate hain or inhe inki okad dikani jaruri h,0,2020-08-15 06:56:10
@mystery17,I gave this a dislike But sad because i like Aditya,0,2020-08-15 06:56:06
@patelshrey336,Bhai o dislike karo video ko yarr plzz,0,2020-08-15 06:56:03
@nibhadive1745,Baycot,0,2020-08-15 06:55:58
@narendranath3311,I apeal to indians pls do not watch this movie.....for humanity and also for our ssr,0,2020-08-15 06:55:54
@prashantjha9563,Report also,0,2020-08-15 06:55:50
@pratimameshram7324,"Nepotism actually can't go all time...as many star kids are struggling to get a gud role.. some star kids have talent(not all ) and are famous because of their talent.. this is so wrong to blame others for nepotism... As a audience I loved the trailer....the work of sanjay sir, Aaditya sir and alia mam was awesome",0,2020-08-15 06:55:36
@samundarsingh7549,In kutto ki movie kabi nhi dakhuga,0,2020-08-15 06:55:34
@dhryasharma7231,Good move I see only for sanju,0,2020-08-15 06:55:30
@abhijeetlal2,Bakwas don't waste money,0,2020-08-15 06:55:28
@rijumandal1068,Sorry sanju dada,0,2020-08-15 06:55:28
@FUNNYMAGICTUTORIAL6768,Maro salo ko koi like nhi krega,0,2020-08-15 06:55:19
@SanjaySingh-xn1ys,Raddii h trailer,0,2020-08-15 06:55:12
@swatipathak3582,We want justice,0,2020-08-15 06:55:05
@kundansingh-xt3du,Miss you shusant Singh rajput,0,2020-08-15 06:55:02
@hitmanHindu,I see alia a bloody chutiya..So dislike due to nepotism in bollywood chutiya hub,0,2020-08-15 06:54:55
@iamshaik-o2o,Who all are came to dislike this video,0,2020-08-15 06:54:47
@mohitchhina6634,Sale lode Bollywood walk,0,2020-08-15 06:54:47
@passion8348,I also dislike,0,2020-08-15 06:54:43
@silunayak6482,Dislike only because of Alia,0,2020-08-15 06:54:35
@ganeshbhandari893,Disliked just now,0,2020-08-15 06:54:24
@mohitchhina6634,Aji lund trailer hai ye sala,0,2020-08-15 06:54:22
@mamsaha4080,Ab Savi Khan Gangster ki chaddi fari jayegi ... Dosto taiyer ho jow ...,0,2020-08-15 06:54:21
@ErSuryaBhagat,I didn't liked the Trailer,0,2020-08-15 06:54:20
@Theromancham,Hahahaha woh kya boli upaar vala hamare sath hai hasii ayi vo sab like Maro idhar....,0,2020-08-15 06:54:13
@mihirbharwad6287,Binod,0,2020-08-15 06:53:30
@vimalsingh5256,,0,2020-08-15 06:53:28
@mrrocky001,I love this,0,2020-08-15 06:53:25
@jitendrachouhan1873,Boycott,0,2020-08-15 06:53:16
@siddharthbansode4537,Nepotism aaliya I won't watch this movie .... Sorry sanju baba,0,2020-08-15 06:53:12
@saddiqueiqbal8723,Choochi movie,0,2020-08-15 06:53:04
@msdhari55,I clicked special to do dislike. Now relaxing...... Mr bhatt you served always shame less film..... Tune logo k bacho ko bigada h... Ab log tere khaandaan ko bigaadege..... I hate budha saala,0,2020-08-15 06:52:54
@emperorgaming8037,Aliya salman karan johar inki pictures nhi dekhengey bahut badhiya hua,0,2020-08-15 06:52:47
@srikanthp87,Seriously ? 1.7 million dislikes and some 200 k likes ? People are teaching a lesson to star kids who think luxury and pride are the only things in a human life ! Good job people,0,2020-08-15 06:52:47
@adityabhatnagar8163,After watching this My brain: ye to tatti hai,0,2020-08-15 06:52:44
@pravinkumar5228,Nepotism,0,2020-08-15 06:52:43
@ASHISHRATHOD2421,We need justice for Sushant,1,2020-08-15 06:52:29
@saharshnayak2383,I just came here to dislike the video,0,2020-08-15 06:52:18
@vijayghanghas8616,I want justice Sushant and blame neopitism .. Mahesh and johar director sooo bitch man,0,2020-08-15 06:52:11
@amitbhatnagar9123,Maine to trailer bhi nahi dekha bas dislike kiya aur bhai logon ke comments padhne laga.,0,2020-08-15 06:52:09
@atmapurswani9411,Pehle dislikes around 5 million the ab 1.7 million kaise ho gye,0,2020-08-15 06:52:07
@Theromancham,JISNE BHI DISLIKE KIYA WO IDHAAR COMMENTS MARO KHULKE...,0,2020-08-15 06:52:07
@RJ23DESIBOY,boycott,0,2020-08-15 06:51:59
@khatu_shyam_official_statu2257,Dislike pro,1,2020-08-15 06:51:43
@Shailesh_Srn,Kon kon es video ko dislike kiya Yaaha like kare,0,2020-08-15 06:51:40
@mahipatd007,Bakwas,0,2020-08-15 06:51:36
@Meshreykumar,Pls don't watch this video To give justice to SSR,60,2020-08-15 06:51:34
@mathsbypankajmehra7308,- -,5,2020-08-15 06:51:34
@tusharkalol,dislike,117,2020-08-15 06:51:34
@reeturrrr8859,,0,2020-08-15 06:51:31
@chandrasekharchand6050,"I thought that omg the dislikes are more than 8 m ,then how it is 1.7 m dislikes. Then i realized its another video",0,2020-08-15 06:51:19
@aninditasvlogs2143,Mahesh bhatt wife shocking reaction... https://youtu.be/vW694dL_Yis,0,2020-08-15 06:51:17
@amarhait2145,Boycott,0,2020-08-15 06:51:05
@JyotiKumari-wq9bh,But some should give likes as for Sanju sir,0,2020-08-15 06:50:57
@poojagaganjaiswaljaiswal1652,"I hate alia very much.. And after sushant death I hate all the movie of mahesh bhatt, and nepotism of bollywood.",0,2020-08-15 06:50:46
@sureshbehera9211,Dislike kon kon kiya,0,2020-08-15 06:50:44
@surajkumar-te4kc,Koi like mt karo ab alia bhatt ko sanjay dutt hi mil hi sakta h,0,2020-08-15 06:50:36
@jahaberfazil,Why removing dislikes,0,2020-08-15 06:50:31
@vishalshah1453,Chutiya BC aliya,0,2020-08-15 06:50:24
@adityarataboli1050,https://youtu.be/3K1B7Huiue0,0,2020-08-15 06:50:21
@afzalindia24,"1.7m dislike, very good, alia abi sadak pe anewali hai katura leke",0,2020-08-15 06:50:19
@rishabhranarishu1218,Bakwass ekdum mukesh Bhatt jaisy tatti movie...,0,2020-08-15 06:50:15
@santoshdubey1294,Tatti film,0,2020-08-15 06:50:11
@sanjibpaul3629,Wish this would be super flop,0,2020-08-15 06:50:05
@mrsahani6098,I see alia (dislike) #jstsss......,0,2020-08-15 06:50:04
@AK-rg9rm,0:27 Is this what you call acting? Her facial expressions isn't even matching with scenes. 0:40 looks like a cheap stand up comedian. Again her expression isn't even matching and looks like she's trying so hard to match the scene but failed it anyway. This type of acting usually exist in 1950's to 1970's now actors are on another level. Wtf how tf they hired such nepotism actors.,20,2020-08-15 06:50:02
@chandansahani5624,Madhar chod mahesh bhatt bhosdi vale ka koi movi mat dekho,0,2020-08-15 06:50:01
@ambalikapawar5005,Dam hai toh dusre dharm ko leke aise movie banao ...Bar bar hindu dharm ke bare me hi kyun sochte ho,0,2020-08-15 06:49:53
@jampatmg722,Disnep Hotatar wale bhai hum nai dekh ne wala hun agar iss movie ko hotstar me laya tho delete karunga,0,2020-08-15 06:49:44
@jagannathdewangan3820,Bakwas,0,2020-08-15 06:49:42
@Insightful_observer,I will never ever watch Bolly movies of Actors Kids,3,2020-08-15 06:49:39
@anoopgupta7479,aliya rip,0,2020-08-15 06:49:37
@VikashKumar-kp8we,aliya nahi hoti to ye movie hit hoti aliya ki wajeh se ye movie pitegi,0,2020-08-15 06:49:33
@deepgupta6883,Alia randee ke liye like plezzz,1,2020-08-15 06:49:27
@SVM.team1,Bakwas movie faltu movie this flop movie bahut flop movie hogi,0,2020-08-15 06:49:19
@ambalikapawar5005,Bhikari .... Jyada se jyada dislike thoko,0,2020-08-15 06:48:54
@Deepanshu1236,I dislike after full trailer,0,2020-08-15 06:48:51
@afzalindia24,"Dislike for Alia batt, real Talent ku mara hai in lugune",0,2020-08-15 06:48:50
@yashoj3809,Open Indian Style Salil Jamdar & Co.,0,2020-08-15 06:48:48
@mksvlogsindia9448,Zbrdst h movie to... but pvr m nhi lagne ki ... hotstar pr kaha dekhi jaygi,0,2020-08-15 06:48:41
@rishabkapoor107,Thanks for showing me youtube ad to dislike it,0,2020-08-15 06:48:40
@tawratali818,dislikeddisliked comming soon 10 million,0,2020-08-15 06:48:37
@FaizanKhan-eb6gw,Hit a like If you don't like trailer but Love Sanju,0,2020-08-15 06:48:32
@rohitsingha6110,Who else searching this trailer to dislike,363,2020-08-15 06:48:29
@ManishYadav3655,Shyd sanju bhai bcha le iss movie ko,0,2020-08-15 06:48:07
@anandkumarsingh5370,Bakwas movie,0,2020-08-15 06:48:02
@JOKER-sm7mv,I realise for sanjay dutt jo bhat ke pass ata hai kuch ho jata hai. Laikin apana baba bus bolta hai. Sanju ayega thik hoke.,0,2020-08-15 06:47:58
@pathankotiapb3525,Bkwas,0,2020-08-15 06:47:49
@r.s1937,Gthatiya movie,0,2020-08-15 06:47:32
@Arpitammondal2929,Bekar,0,2020-08-15 06:47:30
@ishanchejara3885,Aji inki Chut me Lund mera,0,2020-08-15 06:46:53
@r.s1937,boycot aliya,0,2020-08-15 06:46:48
@tawratali818,just disliked funny osm funny,0,2020-08-15 06:46:39
@shivarowdy3042,To Justice for sushanth plz dis like the video ...,0,2020-08-15 06:46:39
@vivek-....v.k.m....,Binod,1,2020-08-15 06:46:33
@gunjanchauhan4310,Jisne like bi kia or dislike bi kia tab isse dislike krke bi tum log upper utha re ho fyda isi mei no dislike and no likes dinchack pooja wala haal hoga iska dekho hi mat koi bi bas solution ye hey plz Dekho nhi no like and no dislikes,0,2020-08-15 06:46:30
@kailashsahu2381,Gatiya move,0,2020-08-15 06:46:30
@mahendrakumarchoudhary1627,I love baba but nepotism l hate. So l am do you movie dislike sorry baba,0,2020-08-15 06:46:23
@JyotiKumari-ln1sz,Only dislike for sushant...Justice for Ssr,0,2020-08-15 06:46:20
@pritpalsingh-il6yc,Nepotism star in the bollywood,0,2020-08-15 06:46:14
@anandadebnath4299,"Boycott #Bollywood mafia, rarely place for Pure Talent. Justice for SSR",1,2020-08-15 06:46:06
@angelpriya60,This trailor deserves above 50M dislike...,0,2020-08-15 06:46:01
@januirsad8530,jisne jisne dis Like mara ha wo idhr Like kren,0,2020-08-15 06:45:56
@randomforyou532,Alia Bhatt proves the point of nepotism with her bad acting skills.,11,2020-08-15 06:45:47
@sakthivel-db3ou,Now alia is going to realise late sushant till end of her life,56,2020-08-15 06:45:41
@dinesh____gangwar,"Nice... Click on #DhruvKayasth he makes funny vines.. Must watch his video ""Incredible India || Independence Day"" its full comedy and emotional video",0,2020-08-15 06:45:40
@funandlearnwithkaustubh7474,Badest,1,2020-08-15 06:45:33
@Bulletandguns,"Mahesh bhat ka Kat gya. Tharki Buddha , dumb beti , chutiya biwi. SADAK Ke baad Bhatt family SADAK Pe aa gyi",0,2020-08-15 06:45:24
@phachulomagh2250,I'm here to dislike the trailer from Pakistan,21,2020-08-15 06:45:16
@varunaditya2433,Trailer ah pakkamala dislike panuvomla athamla vargeesu.....,0,2020-08-15 06:45:14
@kishantamang4479,make flopp,0,2020-08-15 06:44:59
@rahulbanerjee7877,Kon kon yee move nhi dekhna chahta hai like thokoo,0,2020-08-15 06:44:59
@ranjitkumarraaz5241,"I am big fan Sanjay Dutt but dislike Alia Bhatt and Mahesh Bhatt,",0,2020-08-15 06:44:58
@deepakbagga2338,Boring..movie,0,2020-08-15 06:44:42
@krishnaspeaks5275,Who wants 10 million dislikes? It's Indepence Day let's start a freedom movement for Bollywood.,60,2020-08-15 06:44:33
@pradyumnadey4923,"Or ye film release nehi hona chahiye ,agar ye film release hui,jinke through ye release hogi like hotstar, Netflix to inko bhi hum acha sa gift denge.... #justiceforSSR",0,2020-08-15 06:44:32
@mohar3741,Super trailer h,0,2020-08-15 06:44:26
@jjhospitalworsthospital9886,Guys next step is to report this video as harmful dangerous,0,2020-08-15 06:44:25
@assamarunacha6863,Vanchod tandra ki move,0,2020-08-15 06:44:23
@ngsuraj3037,Boycott this movie,0,2020-08-15 06:44:12
@ayeshakoushar2224,Sorry,0,2020-08-15 06:44:01
@shubhamsaini5647,Plz dislike. Kro......,0,2020-08-15 06:43:54
@realsuccess1793,Film to aane do thok denge sale ko,0,2020-08-15 06:43:53
@punamsingh1422,"Ghatiya ,bakwas,faltu",0,2020-08-15 06:43:51
@rallanrobinson8672,Transporter ki copy wo bhi Hindi drama Mai waaaah,0,2020-08-15 06:43:47
@gaganchauhan884,Alia Chutiya sali,0,2020-08-15 06:43:45
@RB17057,Boycott,0,2020-08-15 06:43:43
@vikashbhadouriya7775,I hate such idiot nepotism followers,0,2020-08-15 06:43:43
@ranisubudhi164,Alia Bhatt,1,2020-08-15 06:43:43
@rajiraji9390,I only came to dislike it,0,2020-08-15 06:43:29
@HambaAllah00-u1m,,0,2020-08-15 06:43:28
@14sahana,1 million times dislike from my side.... just bcoz they killed sushanth.....,0,2020-08-15 06:43:18
@leomohan1546,Nanga dislike ponnuvam ley... Yenna adamala Vargeesu,0,2020-08-15 06:43:18
@deepnag9546,Baap k naam pe jina chodo Aaliya ji. Sorry but hume kisi v najariye se aap hiroyin nhi lagti.. noptisum chod aani aaukaat bana k dikhao. Sorry Mahesh ji to baap nhi paap he jo beti ko hi gandi najar rakhte he,0,2020-08-15 06:43:15
@geetanjalibisht1105,Sushant singh Rajpoot lovers plzz dislike the video,0,2020-08-15 06:43:08
@SakshiSingh-vs8my,Behanchod mroge sb....dramebaaj krma will fuck u all,0,2020-08-15 06:43:07
@Madan7922,Kon search krke dislike krne aaya bssh like here,1,2020-08-15 06:43:07
@sheetalsunilhadala1969,I have liked this video only for Sanjay Dutt,0,2020-08-15 06:42:50
@adrijaghosh8780,Pehle dekho phir biswas karo pad dekhke pura yakin Ho Gaya ki dislike k Bina kuch dene k liye hai hi nahi hamare pas itna ghatiya film,0,2020-08-15 06:42:42
@jjhospitalworsthospital9886,Let them know...that we are here ( Sushant Singh fans),0,2020-08-15 06:42:24
@praveenmall,No 1 farzi movie for sure,0,2020-08-15 06:42:20
@nirajkuar44,Justice to be Sushant Dislike this trailer,0,2020-08-15 06:42:19
@MonuSingh-ps2iv,Mahesh bhatt mc h bc bycut movi,0,2020-08-15 06:42:08
@alenkhongsai2323,Just came here to dislike,0,2020-08-15 06:42:03
@FoodBook1,Shame on you alia waste jobless useless shameless girl. ..you asked WHO SHUSHANT? PUBLIC have given you the Answer in Large. We never liked you and will won't watch your any videos,0,2020-08-15 06:42:02
@shadaananwar7989,SsR k liye disliked kro,0,2020-08-15 06:41:53
@pankajkannojia4407,Mahesh bhat and Ali bhat ko dekhna band karo,1,2020-08-15 06:41:49
@veereshjaishankar,"Aam jantha Aam nahi hai, film industry tera Baap ka nahi hai.",0,2020-08-15 06:41:49
@venusgraph7938,Alia tu to gyi,0,2020-08-15 06:41:39
@poojatiwari2252,Bakwas,0,2020-08-15 06:41:33
@alliswellcmajhi7276,kachra hai,0,2020-08-15 06:41:33
@kulvinderkaur541,Justice for sushant,0,2020-08-15 06:41:32
@shubhambhargava4035,ye sadak bnane m lge hai shushant ne inke raste lga diye shushantfanforever,1,2020-08-15 06:41:32
@goramehta843,Sadak 2 will be the no.1 flop film of all time,0,2020-08-15 06:41:27
@fighterron2195,I am waiting for this movie,0,2020-08-15 06:41:12
@salmaansari8210,"RIP Alia bhatt, uska kutta baap aur sanjay dutt toh marne wala hi h itne saare dislike dekh ke toh mujhe bohot khusi ho rahi h",0,2020-08-15 06:41:02
@kanchanverma8108,Bakwas script hai,0,2020-08-15 06:40:55
@sagarsahu1172,Bhatt family is a murder family,0,2020-08-15 06:40:53
@sd-pl3op,Here also i have come to dislike,0,2020-08-15 06:40:49
@priyaagarwal1231,Verrrrrrrrrrrryyyyyyyyyyyyyy faaaaaaaaaaaaaltuuuuuuuuuuuuuuuuuuuuu,0,2020-08-15 06:40:41
@manojkumarrathi7102,Nepotism effects,0,2020-08-15 06:40:34
@nehadixit3617,I miss u susant sir,0,2020-08-15 06:40:32
@sindhusitarambabar8993,I just came here to dislike,0,2020-08-15 06:40:09
@nehadixit3617,Thuk do sadak pe,0,2020-08-15 06:40:09
@arunimasharma8040,Chutiyon ki barat,0,2020-08-15 06:40:09
@jsarya1852,India hate nepotism and increasing Islamisation of movies in Bollywood,0,2020-08-15 06:40:08
@vasanthraj5845,Who is from tamilnadu and come here to dislike without see this trailer...,7,2020-08-15 06:40:04
@tripathiujwal6827,Bakwas,0,2020-08-15 06:39:52
@MalkitSingh-vt3yq,,0,2020-08-15 06:39:35
@sumitkumar-ri8sw,Very bed movie,0,2020-08-15 06:39:18
@elixerx2912,Faltuu,0,2020-08-15 06:39:14
@skmishra614,Dislike,0,2020-08-15 06:39:10
@pratik6302,I don't like this film,1,2020-08-15 06:39:04
@memorisestatus5632,Sb log dislike karo bina koi ye boksudi ke,0,2020-08-15 06:39:01
@raghunandhan1580,I had searched this trailer to dislike guys and say how many of them had searched this trailer to dislike,43,2020-08-15 06:38:59
@ashokashokkumar650,,1,2020-08-15 06:38:54
@pradyumnadey4923,"Request to all my indian don't see any bollywood movies, Because of Sushant Singh Rajput....jab tak unko insaf nehi milega hum log unke sath rahenge ,or in sare gadaroko yee samjhna bhi jaruri hai ki hum logoke bager inlog 000 hain so ... #justiceforSSR",0,2020-08-15 06:38:49
@vishaljivishwakarma263,Binosdiwalo,0,2020-08-15 06:38:38
@railfanindia2003,Dislike done,0,2020-08-15 06:38:25
@deepakvishnoi308,Waat lag gai inki,0,2020-08-15 06:38:20
@BeingNeila,This movie will be damm hit when daddy Mahesh would have not been use of his own two daughters Alia and Pooja just because of these two ladies the movie is flope.,0,2020-08-15 06:38:14
@prernaprerna5918,Dast lag gaye,0,2020-08-15 06:38:10
@vipindobriyal8541,Mahesh bhatt suckss...,0,2020-08-15 06:38:07
@artisrivastava9658,Worst director mahesh bhatt's worst daughter alia..so boring tailor..justice for SSR,0,2020-08-15 06:38:06
@debarghyamaitra,who disliked both the trailers...the one by foxstar hindi and this one??,7,2020-08-15 06:38:01
@amitr0736,,0,2020-08-15 06:38:00
@ankitaupadhyay1975,"This movies deserves to being floped, Kitni wahiyat Story hai They have nothing to picturise, without story-line , Kuch bhi utha k bna dete hai",0,2020-08-15 06:37:59
@prinssingh1561,Bakwas,0,2020-08-15 06:37:58
@vishalpriyadarshi4522,Boycott movie,0,2020-08-15 06:37:57
@ganeshagurugram2779,Dislikes,0,2020-08-15 06:37:48
@chetnatanwar8082,I love Sushanth Singh Rajput but that's not mean that I hate Alia..I love her..specially her acting,1,2020-08-15 06:37:34
@ABDULRAHAMAN-ov1cu,Alia,0,2020-08-15 06:37:22
@rahulbaitha914,Jise bhi agar ye trailer pasand nahi aaya yaha like karo.,0,2020-08-15 06:37:19
@swatishrivastava4418,Kya tatttti trailer he,0,2020-08-15 06:37:06
@himanshsharma2449,Jis n unlike kiya h like karo comment ko,1,2020-08-15 06:37:01
@gargisingh8775,Bhatt camp k kutte bhonk rahe hain isme,0,2020-08-15 06:36:51
@gargisingh8775,Kachdaaaa.... Bakwaaaas....,0,2020-08-15 06:36:36
@surajkanojia2067,super duper flop hogie you are,0,2020-08-15 06:36:15
@nishakhan4364,Just ignore all dis blady Bollywood Trailers n movies den only dey will realise,0,2020-08-15 06:36:13
@debadiptanayak3676,Make it most dislike video of YouTube,0,2020-08-15 06:36:05
@nileshkohisa8630,Third class products,0,2020-08-15 06:35:53
@Kushwahariyansh,,0,2020-08-15 06:35:46
@JyotiSharma-dk8uw,Niyc,0,2020-08-15 06:35:29
@pradeepvnspandey,"25M view, kuch bhi fekata hai Bhai.....",0,2020-08-15 06:35:19
@ManishKumar-uf7gd,Tati h re,0,2020-08-15 06:35:06
@Nileshjogal19,Sory sanju bhai aapke liye dislike nahi he,0,2020-08-15 06:34:59
@thetiger4102,who is come here to dislike and done jov,1,2020-08-15 06:34:55
@tejus481,SSR,1,2020-08-15 06:34:54
@Ashokkumar75402,Plzz Everyone don't like this trailer,15,2020-08-15 06:34:54
@legendpandit1420,Ye to hai,0,2020-08-15 06:34:53
@lordkrishna5573,The more dislike koi like mt kro,0,2020-08-15 06:34:48
@PankajThakur-lm7mc,Alia ko nhi dekhna h,0,2020-08-15 06:34:48
@aryayadu1c,esi sadak pe kutte hag k jate hai..,0,2020-08-15 06:34:47
@vinaypeshattiwar3121,Dislike only for alliya bhatt Sanju baba always best,0,2020-08-15 06:34:43
@kunaldeshpande6487,Worst worst worst trailer,0,2020-08-15 06:34:35
@knowledgeiseverything718,It is future flop movie if agree then like it,0,2020-08-15 06:34:28
@PriyanshuRaj-nn8rr,Jo like karega uski maa ki chut.,0,2020-08-15 06:34:27
@meenumalik3936,Dislike with out watch,1,2020-08-15 06:34:25
@rishabhatwal8927,Unlike marro sare isko bhi,0,2020-08-15 06:34:23
@ShubhamSingh-wd7vf,Mt kro release loss hoga,0,2020-08-15 06:34:21
@pushpindersingh5892,Why to sanjay dutt,0,2020-08-15 06:34:19
@gaganrajput4009,Bycot ..bakwas,0,2020-08-15 06:34:08
@pabitrajali1113,Ban karo movie ko....mc,0,2020-08-15 06:34:01
@medicine6383,I am big fan of sanju baba... I wanted to like the video But just because seeing alia bhat I dislike,0,2020-08-15 06:33:59
@praveenmehra7735,",, , ,, ?? ,,, bc,,,, bhosdike",1,2020-08-15 06:33:50
@siddharthshaw7382,WAIST TRAILER of 2020,0,2020-08-15 06:33:32
@shravansharma7741,Ganda trailer ye nepotism walo se bolo abb ghar par bhete,0,2020-08-15 06:33:31
@lalitwatts,Disliked,0,2020-08-15 06:33:31
@pradeeppagare2083,thodi bahut jo like aye hai sanjay dutt ki vajah se baki pure,0,2020-08-15 06:33:20
@i_m_sanu_sourabh_5181,I love you sanjay dutt sir but ye movie nhi dekhunga,0,2020-08-15 06:33:13
@kabitabanerjee4379,,0,2020-08-15 06:33:03
@mayarawal9393,Bollywood stars n star kids ur time up so packup,0,2020-08-15 06:32:59
@DharmeshPatel-fs2cn,Nayak geng movie ka nam rakhana chahiye tha vo achha rehta kamsekam movie ka nam dekh ke thoda dekh te ki kon kon nalayak He usme,0,2020-08-15 06:32:56
@0299ranjeet,"We are the people who serve power to these proudy , rude , cruel industry people .Guys please dont ever watch these nepotist star kids movies never ever. Sarkar humare Sushant sir ko insaaf degi ke nahi Mumbai police is corrupt gumne Kho diya hai Sushant Singh Rajput ji ko forever Alia tujhe pata hai Who is SSR ??? Is Alia , Kareena , karan johar , Mahesh Bhatt tharkkiiiiiii Budha inka career khatm karod guys. Mahesh Bhatt Rhea kesi hai .... aur teri patni kaha hai..... jisne bhi humare SSR ko mara hai in subko hang till death..... Rhea ka narco test karwaao. Aur just suspend all those corrupt police officers aur ye Salman Khan who had always destroyed many many careers please ban him bahut ghamandi hai....rude always . Justice will our SSR really get justice . He was the next KING OF RAJPUT legend ........",0,2020-08-15 06:32:55
@sandeepkumarshah7317,Aalia k chakkar me sanju baba v chle gye yha to...,0,2020-08-15 06:32:54
@aliakhan5419,Dumb alia bhatt to... father mahesh bhatt Papa main bhi dislike kar Du kya,0,2020-08-15 06:32:46
@artcraft5749,Bakwas,0,2020-08-15 06:32:43
@navibrar7421,Upper wala tumhe sadak pe lane ke lea hamare sath hai we want justice for ##sushantsinghrajpot,0,2020-08-15 06:32:31
@shivarudrayyyasalimath14,Came to see. . . . . . . . . . Dislikes,0,2020-08-15 06:32:17
@dharamhareshdharam5464,Rip susant,0,2020-08-15 06:32:13
@shrup1428,,0,2020-08-15 06:32:12
@Sonu.1era,Bakwaas,0,2020-08-15 06:32:09
@ssrishtishukla3760,This is all due to the death of Sushant Singh Rajput because they are all such people who are very bad,0,2020-08-15 06:32:08
@er.shubham5511,Alaia ke toh Lag gaye......ji......dik chika,0,2020-08-15 06:32:07
@rashmivarma8840,Mene socha ki kyu sab log dislike kar rahe fir mene puri trailer dekhi tab samnjha. Aap agar Sushant sir ki fan ho toh isko most disliked trailer in india even the world karke dikao,1,2020-08-15 06:31:59
@Crzy_Talent,Love you ssr alia bhatt baap ko bol ek randi kha na khole Bollywood chorde... Maki chu. T,0,2020-08-15 06:31:59
@yogeshmehra6402,maine dislike karne ke liye hi ye trailor dekha,0,2020-08-15 06:31:55
@Ciph3R90,My gf liked this video now she is my x,0,2020-08-15 06:31:47
@pruthviechandan670,At first I dislike without watching trailer,0,2020-08-15 06:31:44
@foodhind,Support mere India bhai bahen s rajanpur subscribe,1,2020-08-15 06:31:42
@amankumarchouhan1809,Maro inko,0,2020-08-15 06:31:39
@pardeeppaul,Jyaada se jyaada dislike maro saale budhe ki movie ko,0,2020-08-15 06:31:34
@navibrar7421,tatti acting,0,2020-08-15 06:31:27
@shrup1428,,0,2020-08-15 06:31:21
@vaibhavsadakal1557,Such mai aap pe ane vale ho,0,2020-08-15 06:31:21
@amankumarchouhan1809,Sb deslike karo,0,2020-08-15 06:31:17
@arpandas7290,Dislike for Bhatt family,0,2020-08-15 06:31:16
@Tanishaavlogger,Sanjay dutt sir I'am sorry ham Ye trailer like nhi Kar ree GE,0,2020-08-15 06:31:04
@aquibfaiz07,Isko kam se kam 3M dislike hona chahiye,1,2020-08-15 06:31:00
@diptiranisahu7088,Wow kya dislike he,0,2020-08-15 06:30:54
@somirajput684,I actually like the trailer.,0,2020-08-15 06:30:52
@beastunlished8362,",",0,2020-08-15 06:30:51
@antunes686,Likes are given by cheap alia Bhatt fans,1,2020-08-15 06:30:50
@navibrar7421,Criminal ke bete vi criminal,0,2020-08-15 06:30:48
@ExploringbeautifulIndia,"Yes it's my money, I earned and I will not waste money on watching Useless story line.. Movies... We make them rich... Popular and star... So earn for self and enjoy life..",0,2020-08-15 06:30:47
@shubhamtak4107,Chhod do tum acting. Sorry sanju baba,0,2020-08-15 06:30:43
@priyanshusharma7353,Acha hua add ma agya...ni toh search karke dislike marna padhta,1,2020-08-15 06:30:39
@inert1564,"Yar itna hi step desh k.aur muddo pe b lo, q shant ho.jate ho, Awaz sambit patra and ajtak anchor rohit sangvaan pe b uthal jinhone rajeev tyagi ko tv show pe bethe bethe mar dala, coz of their hate comments. We are youth, look around the world, there are more serious muddas like this.",0,2020-08-15 06:30:33
@DharmendarKumar-bf6po,Sadak 2 movie Koi nahin dekhega boycott karo Mahesh Bhatt ki movie ka,0,2020-08-15 06:30:30
@navibrar7421,Boycott #bollywood #budha #khans #whole industry,0,2020-08-15 06:30:29
@bakchodivelog0073,I hate this film,0,2020-08-15 06:30:22
@biswajitkalita2078,Kisne like kiya ise madarchod,0,2020-08-15 06:30:11
@anshitchaurasiya8236,Bhut bakwas,0,2020-08-15 06:30:04
@William777-z9l,They invite to dislike Sarukh khan invite me,0,2020-08-15 06:29:59
@RAHULSINGH-sq4rv,again u will receive dislike records but love u sanjay dutt sir,1,2020-08-15 06:29:56
@myblogging6219,By caat aliya bhuutt,0,2020-08-15 06:29:50
@vaibhavchougale5490,,0,2020-08-15 06:29:43
@navibrar7421,We want justice for #sushantsinghrajpot,0,2020-08-15 06:29:41
@foodhind,Jo Indian ho wo subscribe lik shere karo bhai suresh kumar,1,2020-08-15 06:29:30
@navibrar7421,Bakvass movie,0,2020-08-15 06:29:20
@unO-Gang,I dislike accordingly to alia's acting skills.,54,2020-08-15 06:29:15
@AuraPrince.,Just close ur eyes and dislike it and believe me ...U wont regret later,5,2020-08-15 06:29:11
@Mugundhan_94,Nepotism at its best...,0,2020-08-15 06:29:07
@manabhattacherje5573,Ghatiya trailer justice in #Ssr,0,2020-08-15 06:29:06
@vishalpaspuleti4847,Upload in any channel dislike button will be blast,0,2020-08-15 06:28:48
@alkeshgajjar1638,Dislike ka record,0,2020-08-15 06:28:46
@yashkumar7c45,Alia ke wajah se nhi dhekhenge,0,2020-08-15 06:28:43
@foodhind,Indian cake recipe channel,1,2020-08-15 06:28:37
@prithvirajchauhanofficial2883,Lauda trailer laudi aliya Rip sushant bro,1,2020-08-15 06:28:34
@ranjeetranjan5504,",",0,2020-08-15 06:28:33
@nirupamchowdhury2775,Boycott Bollywood,0,2020-08-15 06:28:31
@ritiktripathi1750,Boycott it for @SSR,0,2020-08-15 06:28:30
@sushiltripathi-lg4cw,I m not gonna watch this movie. Even my friend circle also,1,2020-08-15 06:28:27
@foodhind,S Rajanpur subscribe,1,2020-08-15 06:28:21
@thee-learningshow5483,DISLIKE Only nepotism,0,2020-08-15 06:28:21
@SunilYadav-kr2bc,,0,2020-08-15 06:28:21
@yashkumar7c45,Abey sale nhi dhekhenge,0,2020-08-15 06:28:14
@myblogging6219,Please koi is fillmo ko name dekhea agar aap sushant Singh rajput atma multi dena chate ho to,0,2020-08-15 06:28:09
@badtameez1726,Sanju baba ke wahe se movie sayad flop hone se bach jaye yaar sanju baba jaan hai yaar bhot o ki alia ke liye toh sayad hi koi yeh movie dekhe but agar mai dekhunga toh sirf sanju baba ke rehne ke wahe se dekhunga R.I.P SUSHANT SINGH RAJPUT tabse fav hai jab pavitra rishta pe ata tha,0,2020-08-15 06:28:07
@deepanshuverma2192,Deepanshu,0,2020-08-15 06:27:53
@sajal6743,Boycott,0,2020-08-15 06:27:52
@arifaktar4384,I have come here to disliked this,0,2020-08-15 06:27:40
@tsewang23,,0,2020-08-15 06:27:36
@pradyumangangwar5776,I hate sushant sir killers...,0,2020-08-15 06:27:28
@Suvomita15,"Mahanat barbaad alia chod ..... Lag raha alia gayi thi teams Youthap k ghar ,,,, free thap dene ke liya",0,2020-08-15 06:27:23
@thementalgamers5250,Sadak 2nahi Sadak thuuuu,0,2020-08-15 06:27:11
@dattarajmashelkar8250,Content Hai tatti aur Directors bhi ! #Divine59,1,2020-08-15 06:27:04
@RAJIVKUMAR-sx7vu,Just boycott the murder mahesh Bhatt,0,2020-08-15 06:26:56
@diptojyoti,Kachra hain e sab log,0,2020-08-15 06:26:56
@rupatrustworthy168,Just came here to dislike,1,2020-08-15 06:26:53
@ansarlaskar9911,#sanju baba like,0,2020-08-15 06:26:48
@zjennifer6028,Chi chi movie,0,2020-08-15 06:26:40
@chinmayasetha8002,Flooopppp,0,2020-08-15 06:26:40
@SanjayKumar-yb4tk,Sorry Sanju Baba not acceptable mahesh bhatt movie,0,2020-08-15 06:26:32
@RohitSingh-wk7ku,Worst movie,0,2020-08-15 06:26:29
@njshivani5903,I hate Alia and her family. I really miss you SSR bhai.Happy Independence day jai hind,0,2020-08-15 06:26:29
@zjennifer6028,Tatti aliya,0,2020-08-15 06:26:26
@nishabaliyan6139,,0,2020-08-15 06:26:24
@user-sachin1990,mahesh bhatt ki maa ka ghosla,0,2020-08-15 06:26:22
@narendarmahra9351,Lode me gya ajay bhatt,0,2020-08-15 06:26:22
@Jaaskaurpreet,Ssr a fine tribute.... Dislike the sadak 2...... And be alia and other bhatts on sadak,0,2020-08-15 06:26:21
@daulatramnirmalkar2023,,0,2020-08-15 06:26:18
@arnabjalali6410,Don't watch this movie ever,0,2020-08-15 06:26:06
@ashwindoke,Binod,0,2020-08-15 06:25:52
@ansarlaskar9911,Jo baba ka fann hoga bo hi like karega,1,2020-08-15 06:25:44
@pardeepsandhu7033,Karan johar ki film ko dislyk kro Gunjan ko,0,2020-08-15 06:25:42
@umarkhan-tv6kx,My cousin liked this now he is in the bathroom for more than 17 hours,40,2020-08-15 06:25:39
@shardakamble998,Guys just dislike and close video views bhi nhi mileage,0,2020-08-15 06:25:34
@abhayshrivastava6872,"""B"" ah ""I"" ""N"" ch ""O"" ""D""",1,2020-08-15 06:25:17
@pappukumar-ge3gu,Ye movie koi mat dekhna bhaiyo,0,2020-08-15 06:25:08
@nitishchoudhary7453,i hate Bollywood,0,2020-08-15 06:25:03
@biplabsarkar3178,Boycott,0,2020-08-15 06:24:58
@Vikrantdkrdkr,PMCares Fund Ka Hisaab Bhi Maango na 1.7 Million Deshbhakton ! Nahi maangoge tum. Kaayar Ho Kaayar Tum Log ! Selective Outrage karte Ho,0,2020-08-15 06:24:51
@kakashihatake-mo5jr,I came to dislike this trailer for you guys . Plzz give me likes below!! Thank you,1,2020-08-15 06:24:47
@brutalxgaming2311,Alia Ko galiya do.,0,2020-08-15 06:24:42
@rohit.7576,mahesh bhat,0,2020-08-15 06:24:31
@nehasahu5224,#ssr lovers only,0,2020-08-15 06:24:29
@Suvomita15,"Fat gayi chutiya logo ko ,,,, dislikes hata diya ,,, teams youthap sala sab se bada nepotism #boycott_hotstar",0,2020-08-15 06:24:18
@pankajvarma8272,Nepotism ki lag gyi vatt,0,2020-08-15 06:24:08
@KundanKumar-wi8rz,Aliya tujhe to jaroor milegi kaliya,0,2020-08-15 06:23:47
@mahigamingpoint1950,I am here for only sanjay dutt alia is bullshit,0,2020-08-15 06:23:47
@Vikrantdkrdkr,PM Jhoot Bola jab China Transgression pe tab yahi 1.7 millions Chup they ! These cowards can't even dare to ask Questions to teh government,0,2020-08-15 06:23:44
@kapilchauhankapilchauhan5555,Bakwas,1,2020-08-15 06:23:32
@preeti5331,Blood sucker worm of industry blood sucker ppl,0,2020-08-15 06:23:29
@sandybora7566,Ek movie nhi chalne dange madarchod salo,1,2020-08-15 06:23:25
@dineshpurbhe9152,Nnn 2,0,2020-08-15 06:23:24
@Narendrane,Job done,0,2020-08-15 06:23:23
@elitekiller692,Sanju is good But for alia. I dislike,0,2020-08-15 06:23:10
@chandankanhar4430,Bak bas film,0,2020-08-15 06:23:10
@cholamaganrajput4003,Bhai sub se diss movie banane wale ko such main aaj dislike mil rha hai :Jai ho ram ji ki,1,2020-08-15 06:23:09
@villagevlogerodia,Disney hostar ko sala unsubscribe karo.... Nepotism promote karta hai,0,2020-08-15 06:23:05
@Vikrantdkrdkr,Nathuram Godse Ko Deshbhakt Bolne waali Member of Parliament saadhvi pragya k khilaaf ye 1.7 million log aawaz tak Nahi uthaa sake.,0,2020-08-15 06:22:48
@whodovey,"Im a normal person... I see Alia, I click, then dislike.",169,2020-08-15 06:22:42
@darakshaaafreen7128,Aur deslike do saloon ko,0,2020-08-15 06:22:18
@lucknownwientertainment3807,Can't to,0,2020-08-15 06:22:13
@Funtonsworld,Ye dislike 1.7m kese ho haye mene to 8 m tak dekhe the.,0,2020-08-15 06:21:37
@cookinbachelorstylespadmas4849,"In se bhi achhe actors to likee or other short videos app pr mil jayenge, or specialy Aliya Batt ki to shakal he bhikariyo jesi hai. Chhoti aakhe chapti naak dabbe huye lips ,o yaak isse beautiful kahoge to beautiful ko kya kahoge .i don't understand",0,2020-08-15 06:21:36
@sumanadas6982,Wtf,0,2020-08-15 06:21:35
@Vikrantdkrdkr,1.7 Million Cowards yahi hai Jo Gauri Lankesh k liye aawaz tak Nahi uthaa sake,0,2020-08-15 06:21:35
@Rava396,Dislike karne aya tha kam ho gaya,0,2020-08-15 06:21:35
@babytolk3843,Who is search this trailer just to dislikes?,43,2020-08-15 06:21:30
@t-seriessongs8712,A dislike nepotism ka liya. So sweet......,0,2020-08-15 06:21:24
@arshitasinghofficial,Alia ki wajh se m ise dislike kr rahi hu...ghatiya insaan,0,2020-08-15 06:21:16
@Vikrantdkrdkr,"Arunachal, Goa , Manipur , Karnataka main Jab Government topple karte hai tab yahi 1.7 million taaliya bajate hai.",0,2020-08-15 06:20:56
@himalayatattooartsstudio6260,Tum logo ki okat yaad dilani hai tumhara baycott kr diya hai aab .. tumhe aab ptha chalega kanjaro tumlogo ne bhot gandh fela rakha the..,0,2020-08-15 06:20:51
@neerajsoni6899,Bakbass moviee,0,2020-08-15 06:20:47
@manasichakraborty1887,Sanjay dutt sir worked hard for this movie and acted really well but just because of someone's fault his his hardwork didn't pay him,0,2020-08-15 06:20:46
@tg_ayusshx5,Boycott this movie please if you like and love SSR Sushant Singh Rajput sir Alia and Mahesh Bhatt Ko please dislike karo agar aapko lag Raha hai ki Mai sahi bol Rahi hu niche comments and like kar k bataaye ki kitne log SSR Ko like karte hai please,0,2020-08-15 06:20:45
@awiliukaurintah5850,They can't stand for the truth why should we stand for them. They use us only for their benefit letting us watch their movies. We don't want those people who are heartless not helping to stand for the JUSTICE of our hero SSR. Even though those people kill our Shushant. We will ruin their life being alive.,0,2020-08-15 06:20:41
@divyaxir9998,"This is the worst, they are showing us crap like black magic",50,2020-08-15 06:20:36
@SintuKumar-nw3jv,Ye movie me mahesh bhatt aur aaliya bhatt hai isliye ham sab nani dekhege kaun kaun nani dekhoge like karo hamare Susant bhai ke liye,0,2020-08-15 06:20:35
@honestreviews4498,Ye toh release hone se phele hi flop ho gayi,0,2020-08-15 06:20:29
@kamaljeetkaur4053,Pagal movie tatti Alia bhatt,0,2020-08-15 06:20:24
@ins_ani,Downgrading on comments as well.. In case Google decides to discard my down vote.,0,2020-08-15 06:20:21
@Vikrantdkrdkr,Tadipar Desh Ka Home Minister banaya Gaya tab yahi 1.7 million log taali Baja rahe they.,0,2020-08-15 06:20:15
@janakrajupadhyay99,#JusticeforSSR If you just paused this video to dislike and comment how pathetic these people are. You are awesome.,0,2020-08-15 06:19:58
@l.k.b7805,Koi hame batayega aliya bhatt kon hai or kya karti hai . Dear bro.,0,2020-08-15 06:19:54
@rahuldevaktte3810,Sanju bhai love u but but from the Alia Bhatt I hate trailer,0,2020-08-15 06:19:52
@kunalnagwekar5640,Bakwasssss,0,2020-08-15 06:19:50
@biswajitchakraborty2000,R.I.P. Sushant,0,2020-08-15 06:19:49
@kundankotwal7741,Alia bhat ko cast kiya na to a Puri movie hi gandi ho gayi chiii dekhne ka man hi nhi Kara hai kitni gandi lagti hai wo movie ka pura Maja ganda kardeti hai a saale ghamandi non talent starkids ko kyu cast karte hai saale Alia ko acting to jam hi nhi raha hai thuuu hai Bollywood pe,0,2020-08-15 06:19:43
@datteshnaik1480,I m sorry I had given dislike without watching the trailer. But today I had some free time to waste so I saw this trailer. But I must say I would have disliked it even after watching. Waste of 3 minutes 2 seconds,0,2020-08-15 06:19:33
@vedarya6323,,0,2020-08-15 06:19:30
@isyung07,,0,2020-08-15 06:19:27
@Vikrantdkrdkr,Jab Government Topple karte hai BJP waale tab yahi 1.7 Millions are clapping and singing. Cowards !,0,2020-08-15 06:19:23
@gundaramyateja1070,We shall give tribute to sushant singh by making this film a flop,19,2020-08-15 06:19:17
@sauravsarkar5734,Worst trailer,0,2020-08-15 06:19:13
@vedarya6323,chutiya trailer hai to film sabse B-Da chutiya,0,2020-08-15 06:19:13
@ReenaYadav-bm4ew,"Bcz of all of them Shushant is no more ,plzzz I request to my frnds dnt watch ths movie,kabhi unki movie mt dekho ,then they will knw the power of commen man",0,2020-08-15 06:19:12
@sonusaini786,"lets goo, 1.7 mil dislikes lets take it 10 mil.",0,2020-08-15 06:19:12
@correctanswer3845,Dislike dene aya khali ho gaya,0,2020-08-15 06:19:11
@satorigojo3034,Uninstall hotstar,0,2020-08-15 06:19:11
@rjkitchen5248,DIS LIKE MARO,0,2020-08-15 06:18:59
@rupsabhattacharya5911,I guess even the total unit engaged with this film didn't even liked the trailer ... Neways being n SSR fan disliked it....,0,2020-08-15 06:18:58
@kamalrathod229,Free m dekne wale hit LIKE here,0,2020-08-15 06:18:51
@princegharu7958,Alia bhatt to Tatti hai,0,2020-08-15 06:18:49
@deepakpandey9350,Bad trailer dis like kro,0,2020-08-15 06:18:44
@saileshgoel7015,Chutiye logo ki chutiya film,0,2020-08-15 06:18:37
@BhimSingh-wv6rf,I will unscribe hotstar too,0,2020-08-15 06:18:31
@Dheeraj_Singh_BR29,,0,2020-08-15 06:18:19
@kamalrathod229,Sunjay u r Rock but Sorry to unlike,0,2020-08-15 06:18:19
@adityad1959,#chiforssr,0,2020-08-15 06:18:17
@adityad1959,Plz give justice for SSR #justice 4SSR,0,2020-08-15 06:17:45
@Akhileshkumar-tu1ir,Bd kr isllko,0,2020-08-15 06:17:42
@neetaprasad4595,Biggest flop movie Can't wait for it to flop Lol,0,2020-08-15 06:17:32
@kgconnithya.k4350,,0,2020-08-15 06:17:20
@sandym365,Horrible,0,2020-08-15 06:17:18
@ashishshah4340,This trailer sure has made a new record for most dislikes..aptly served #JusticeForSSR,0,2020-08-15 06:17:14
@yogesh_phuke,Dislike for film meker,0,2020-08-15 06:17:07
@gaurabgaming319,"Make this the most dislike trailer in india, those who are with me give like",0,2020-08-15 06:17:06
@n.ksharma7090,TOTALLY FLOP MOVIE DISGUSTING,0,2020-08-15 06:16:55
@Dheeraj_Singh_BR29,Sorry Sanju baba,1,2020-08-15 06:16:52
@ssvjthegreat2872,1.2million dislikes????baaap re,0,2020-08-15 06:16:47
@shynikp1203,Anyone who came here to dislike this trailer??,47,2020-08-15 06:16:45
@ahtishamrayeen9352,Dislike this because of mahesh bhatt,0,2020-08-15 06:16:36
@HP-xc8wp,,0,2020-08-15 06:16:35
@sonyyadav6221,Bycot,0,2020-08-15 06:16:28
@mayankpurushottam6598,Please dont release on hot star.,0,2020-08-15 06:16:23
@dakaittherealest,MAA chod do in sab Ki thaa thaa ke fuck Bollywood,0,2020-08-15 06:16:01
@lovebajwa702,Justice for sushant,1,2020-08-15 06:15:50
@vivekpathak4172,Backwash,0,2020-08-15 06:15:49
@vibhugaur4684,Dislikes dislikes dislikes dislikes,0,2020-08-15 06:15:49
@shravanpoojary8057,RIP star kids,0,2020-08-15 06:15:48
@amirhossain3949,Aliya ke liye dislike sorry,0,2020-08-15 06:15:45
@theshubhamahuja,"Hey dislike army, Stay strong.",0,2020-08-15 06:15:38
@chitrasensingh5193,Flop,0,2020-08-15 06:15:34
@divakarsingh9584,Plz stop nepotism...other wise you ready to it...!!,0,2020-08-15 06:15:33
@mohitahuja4530,Mahesh Bhatt tum ek tharki aadmi ho,0,2020-08-15 06:15:29
@_silver_shades3118,"Paid views can make views not likes ,,,, you nepotie Bollywood",0,2020-08-15 06:15:28
@namangaming8823,Binod,0,2020-08-15 06:15:11
@utsavdobariya8663,RIP SADAK 2,0,2020-08-15 06:15:10
@001ShreeRadhikaDasi,Every single dislike counts. Give dislikes and then report the video,0,2020-08-15 06:15:08
@md.tausifakram6663,Gangs of wasseypur crew after watching this- #RIPsushant.,0,2020-08-15 06:15:06
@sarabindudas9156,Movie by God,0,2020-08-15 06:15:02
@sagarrishandogra9913,Bhadu ki bhaadwaa movie koi naa dekhe,0,2020-08-15 06:14:44
@subhlalsah4716,Randi hai aaliya,0,2020-08-15 06:14:38
@futuredreamwithprashantsir,Fully bkwas...aliyaa,0,2020-08-15 06:14:37
@naveejarmb,Boycott movies of bollywood murderor gangs,0,2020-08-15 06:14:34
@naiduabhishekkumar6812,Bhaii kon kon dislike karega Karo Karan johar ke madar Chod,0,2020-08-15 06:14:26
@amannair2070,Jao Jake Naye Hollywood aur South ki movie trailers deklo . Ye Chutiyagiri mat deko,1,2020-08-15 06:14:26
@sumitmarshal9014,Hum bihari eska bahiskar karte hai. Sushant bhaiya k liye.,0,2020-08-15 06:14:11
@custom39,Wrost movie trailler please don't watch and waste your time,0,2020-08-15 06:13:52
@Mayashasharma,Sadak 2 flop hogi.... Kon kon agree karta h,1,2020-08-15 06:13:51
@dhawnimusic556,dislike main.,0,2020-08-15 06:13:48
@Vanipurushotham,Mahesh has made sadak2 to come on sadak....,0,2020-08-15 06:13:40
@monghosh3218,"Bakeas movie ,, Love you #_Sushant",0,2020-08-15 06:13:40
@bitookumar7209,"Bhai log dekhne se pahle hi dislike kar Diya hu,Maza aaya",0,2020-08-15 06:13:40
@gauravkumar_4549,Phle dislike kro fir yha like thoko comment p Yh film ko dubaynge,0,2020-08-15 06:13:38
@Danger420k,,0,2020-08-15 06:13:35
@aashishsinha8265,Har jagah dislike hoga,0,2020-08-15 06:13:23
@niteshsid,LIKE JYADA DISLIKE Q HAI????,0,2020-08-15 06:13:22
@hariomkanwa344,Its a crap Disney hotstar dont loose your customer base by uploading this crap peoples so called movies,0,2020-08-15 06:13:20
@Masterpieces608,Get lost,0,2020-08-15 06:13:16
@santoshkumarkatiriya5323,Rhea Mahesh Bhatt ne tumhe es movie me nahi leya tum toh close friend ho unki Alia ke badle,0,2020-08-15 06:13:05
@mayankahari1941,Dislike because of alia bhatt n mahesh bhatt,0,2020-08-15 06:13:05
@vgsh4m,Who is that lady,0,2020-08-15 06:13:00
@shivanichaudhary8268,Like vidio only for Sanju sir,1,2020-08-15 06:12:57
@harshsaraf5739,Floop trailer,0,2020-08-15 06:12:51
@Motivational_Dose777,Rip shushant Kis kisne dislike kia h. Like krke btao,63,2020-08-15 06:12:43
@surendrajena5024,"Trailer mast hai,baki nepotism wale nhi chahiye",0,2020-08-15 06:12:41
@biharwalababua9067,"I will not take vip subscription of that ""Ott"" who will release sadak 2 movie",0,2020-08-15 06:12:33
@itsKëñvêy,"Yaar alia ke chakkar mai sanjubaba, aditya gulshan Saaab badnaam hogayeee",0,2020-08-15 06:12:33
@AdarshSingh-xk9wi,Bakwas Aliya Bhatt,0,2020-08-15 06:12:32
@dharmeshwaghela4298,ye nepotism gang ki movie ko boycott karo isko super flop kar do #JUSTICE FOR SUSHANT #CBI FOR SUSHANT,0,2020-08-15 06:12:31
@sumanmaiti3075,Bekar movie,0,2020-08-15 06:12:24
@sharandacchusharan9282,Miss you Sushanth bahi,0,2020-08-15 06:12:19
@riteshraj280,mai to yaha disliked karne aaya hu,0,2020-08-15 06:12:18
@YashasviSrn-,Boycott,1,2020-08-15 06:12:12
@kartikdabhi8259,alia bhatt thodi achi acting to karo,0,2020-08-15 06:12:09
@cutebaby4573,Iske film flop honi chahiye tbhi nepotism flop hoga tbhi sushant sir ke sath justice hoga are you agree,0,2020-08-15 06:11:58
@abhishekvaid833,Hahahaa dislike dekh k chkar ajayega,0,2020-08-15 06:11:54
@manishaexportsurplusclothi2987,Do not watch this crap. Keep disliking,0,2020-08-15 06:11:49
@ammysharma7548,Nepotism ka product,0,2020-08-15 06:11:40
@I.am.aditya.choudhary,Boycott this fim,0,2020-08-15 06:11:39
@karam2977,No any more tolerance on religious strike .,0,2020-08-15 06:11:38
@biswajitsaha2737,Dislike all people,0,2020-08-15 06:11:35
@iamrakib1,Dislike dene aya tha... Trailor dakhne nahi...dislike de diya ab ja raha hoon...,0,2020-08-15 06:11:35
@AshishTiwari-qc5vi,Bakwas,0,2020-08-15 06:11:27
@mrpawankumardubey2520,Ek number ki ghatiya movies,0,2020-08-15 06:11:22
@mayuridevi6908,I disliked it for Alia but can't resist myself to view it for Aditya (Aaaaaadiiii),0,2020-08-15 06:11:19
@ManojYadav-iq1zd,#Skmkb,0,2020-08-15 06:11:17
@ankushyadav-zj9vi,Ak dam bakbas,0,2020-08-15 06:11:16
@bharatkadam9104,Faltu kuch bhi,0,2020-08-15 06:11:10
@pankajmouryaa3754,Comment padhne se pahle dislike kiya kya,0,2020-08-15 06:11:03
@dhawnimusic556,dislike.,0,2020-08-15 06:11:00
@vishalgoyal8739,Alia ki shakal kutiya jaisi hai,0,2020-08-15 06:10:56
@hemantlingam798,,0,2020-08-15 06:10:54
@Adityakumar-fz1io,bad,0,2020-08-15 06:10:53
@pinkytiwari9784,"I'm disliking this video for alia bhat mahesh bhat and pooja bhat, not for Sunjay dutt",0,2020-08-15 06:10:46
@ravipande1656,Don't watch this movie Bhat campese Pakistani supporter,0,2020-08-15 06:10:30
@harshikannoujiya9918,Alia on the sadaknot sadak movie...,0,2020-08-15 06:10:29
@AmitYadav-ed6gj,Bad movie,0,2020-08-15 06:10:25
@pankajmahajan162,More dislike,0,2020-08-15 06:10:17
@jitendrakumar-nk1mq,Sorry sanji baba,0,2020-08-15 06:10:16
@sanjeevanikitchen,Kya bakwas hai,0,2020-08-15 06:10:15
@pkmedical2685,#bhad me jao bhattu sale,0,2020-08-15 06:10:13
@Danger420k,,0,2020-08-15 06:10:13
@ashoksingh-lk6pm,Isse wahiyat trailer nahi dekha alia bhatt ne to pura trailer barbaad kar diya behnchod,0,2020-08-15 06:10:10
@abhipratap8543,dislike krne ka,0,2020-08-15 06:10:07
@pankajkumarsingh6114,"Sab Sadak pe ayenge, Nepotism insabko sadak pe layegi. Interview of Kareena kapoor by Barkha of non other than NDTV ye bhi insabko sadak pe layegi.",0,2020-08-15 06:09:57
@AdityaRaj-ck3hv,Sushant Singh Rajput lover,0,2020-08-15 06:09:54
@dileepsingh2620,Ban this films.. SSR,0,2020-08-15 06:09:42
@pakpikhumancha5867,Alia,0,2020-08-15 06:09:37
@sunildaund979,Kon kon Phir se aaya he dislikes dene,0,2020-08-15 06:09:35
@hariomkanwa344,#justicedorssr,0,2020-08-15 06:09:35
@tapasbasak,Boikot,0,2020-08-15 06:09:33
@JITENDRASINGH-yh8qz,Miss you susant sir $#bycutsadk2,0,2020-08-15 06:09:15
@Lets_Start_With_Myself,Boycott,0,2020-08-15 06:09:15
@shusmakumari2814,Bakwas movie,0,2020-08-15 06:09:14
@loveii3764,Mere samjh nii aaaya movie ka trailer matlb iska naam sadak hai btt ye to horrar movi hai ..,0,2020-08-15 06:09:14
@ramanpadha,Mera dislike bhi le lo,0,2020-08-15 06:09:04
@rajibbiswas331,"Boycott this movie friends..........real hero ""SSR""..... dislike please friend this movie",0,2020-08-15 06:09:04
@Pankajkumar-el7ed,Nepotism finished krrna hai abb,0,2020-08-15 06:09:00
@rohitseth7608,UPR WALA SATH H IS SDK PR,0,2020-08-15 06:08:52
@hasanbinrazaq1228,Nepotism product,0,2020-08-15 06:08:49
@thesharma2278,Dislikes he kam ho gaye,0,2020-08-15 06:08:49
@SunilKumar-xf9ov,Worst trailer ....,0,2020-08-15 06:08:44
@abdulHakim-np1gs,he,0,2020-08-15 06:08:43
@beccaneon6429,"Concept isn't clear, sanjay dutt's acting is good but alia's? I mean there are no emotions and it looks like she is a kid who is doing this for fun! no offense but it's true. and ook at those romance scenes!! pathetic to say",0,2020-08-15 06:08:37
@NishantKumar-dy7vu,madharchod like Karan I miss you Sushant sir,0,2020-08-15 06:08:35
@madhuja5860,Sanjay dutt :agar tumhe kharoch aayi to mai upar jake kya muh dikhaunga Alia:(ha varna mera najayas baap teri Lelega budhau) MEANWHILE ME:FUCK THIS MOVI,0,2020-08-15 06:08:31
@comedykillerkannada7987,Chutiya hai sadak 2,0,2020-08-15 06:08:02
@Sonukumar-hn6nd,O,0,2020-08-15 06:07:58
@sumeetkalyansen5172,Bad very bad,0,2020-08-15 06:07:55
@sv6495,Sabhi actors bike hue hai... Sabhi ek jihad chala rahe hai hamare dharm ko nicha dikhane or hinduo ko badnam karne ka...sabhi hindu sangatjit hokar inko barbaad kar do.. Jo film sachhi ghatna par adharit hai..jisme sab sahi dikhaya gaya hai usko hi support kare... Jai hind,0,2020-08-15 06:07:48
@9226876216,It's gonna be a big desaster,0,2020-08-15 06:07:42
@nadimshanediwan936,Best trailer,1,2020-08-15 06:07:38
@Sports_Advik,,0,2020-08-15 06:07:33
@learnwithanilroyal1527,Not interested,0,2020-08-15 06:07:30
@pankajjangid3391,Boycott it,0,2020-08-15 06:07:30
@nishanlimbu5978,,0,2020-08-15 06:07:29
@rakeshkalamkar8855,Boycott these film.....,0,2020-08-15 06:07:25
@Karate_academy_india,Dislike,0,2020-08-15 06:07:23
@davindersingh666,Besharam buddha bhenn ka lodaa bhatt saala,0,2020-08-15 06:07:21
@ravindergupta22official,I hate Ali ya bhatt,0,2020-08-15 06:07:18
@bhartikumari4176,,0,2020-08-15 06:07:17
@savitasingh3975,Sorry Sanjay dutt ji that your come back got so much dislikes because of alia bhatt,3,2020-08-15 06:07:13
@satyavratchaudhary7592,It would be interesting to know who are those people giving it a thumbs up vote 222k times ))),1,2020-08-15 06:07:12
@preetibehera5942,Buycott,0,2020-08-15 06:07:11
@amanprakash3393,"Sade punjabiyan vlo v es movie te agge aaun aale sari movies da bahiskar kitta javega, Sushant Singh Rajput di atma nu rabb shanti bakshe. Waheguru ji ka khalsa waheguru ji ki Fateh. Jo bole sonihal ........................... Sat shri akal.",0,2020-08-15 06:07:08
@sonammukherjee380,Boycott,0,2020-08-15 06:07:00
@shashankkumar2600,One dislikes from me,0,2020-08-15 06:06:49
@divyathakur6397,Boycott bhatt gang Aalia Bhatt Give more dislikes frnds plzz,0,2020-08-15 06:06:49
@gurbindersingh5968,Dislike,0,2020-08-15 06:06:44
@harvanshbharti5345,Not interest this movie because Alia in this,0,2020-08-15 06:06:39
@ParthBhandariYoutubeCreator,sanju baba alwys rock but alia acting is like a child,0,2020-08-15 06:06:30
@minakshikothe2821,Just because alia in this,1,2020-08-15 06:06:25
@bholakumarsahu8940,Boycott,0,2020-08-15 06:06:25
@priyanshujaiswal4482,Alyabhaat murdabaad....,0,2020-08-15 06:06:17
@itskaran9985,Only for sunju love,0,2020-08-15 06:06:13
@Sports_Advik,I dont like this See your thambs down,0,2020-08-15 06:06:13
@ChAjmalHussain,It's so amusing to see there are 1.7m people noticed that sadak 2 is releasing. This is an instant hit. Hate takes away your sanity..!,1,2020-08-15 06:06:08
@nikhilkamble9787,Worst worst worst worst worst worst worst ghataya trailer n movie bakwas jst a waste of time to watch this trailer also #bycott,0,2020-08-15 06:06:00
@savitasingh3975,I hate alia bhatt,1,2020-08-15 06:05:59
@Guddukumar-xy8pl,We miss you Sushant sir,1,2020-08-15 06:05:43
@navneetpatel2731,Up me bahiskar kro es movie ka,0,2020-08-15 06:05:42
@msgthashan884,Boycott sadak 2,0,2020-08-15 06:05:41
@abhushanu,Sanjay dutt in full action mode.zabardast,0,2020-08-15 06:05:40
@savinarani1428,sushant rajput n movie ko like nahi karne diya,0,2020-08-15 06:05:33
@garbaspecial24,Dislike karne wale 1. 7 Million,0,2020-08-15 06:05:33
@mr.gopalchavhan4697,Bycottt,0,2020-08-15 06:05:27
@snehaprakash5317,Koi nhi dekhega,0,2020-08-15 06:05:26
@Bhairajeevji,Boycott,0,2020-08-15 06:05:25
@sv6495,"Sunle mahesh bhatt, or yash raj, or sabhi banner jo underworld ke liye kaam karte ho...ab aapki koi movie hit nahi hogi...ab desh jag chuka hai...i hate nepotism ...i hate bollywood.. Prey for sushant sing rajpoot..jai shri ra.",0,2020-08-15 06:05:06
@Deepmouryavlogs1,Chutiya trailer,0,2020-08-15 06:04:48
@truptijounjat8663,Like for only sanjay dutt,0,2020-08-15 06:04:46
@SurajKumar-zt9wd,Dislike karne k baad what a busy day,0,2020-08-15 06:04:38
@vishalshakya2043,Kachra,0,2020-08-15 06:04:36
@shrutikumari3152,The worst trailer,0,2020-08-15 06:04:33
@technical-agriculturestudy5899,Flop flop flop flop,0,2020-08-15 06:04:23
@thegourmetfood2881,Sandas 2,0,2020-08-15 06:04:20
@sejalmakwana5445,Worst trailer,0,2020-08-15 06:04:16
@arnabdas5300,Just came to dislike it,0,2020-08-15 06:04:15
@kashishalwani6382,Bc alia bhatt,0,2020-08-15 06:03:50
@devrastogi9577,"most of the people are disliking the trailer without watching it, I request you guys to please watch it once then you will surely file a case against it",0,2020-08-15 06:03:44
@ChetanSahu-CS,Not interested karan movie,0,2020-08-15 06:03:34
@navneetsingh8809,Boycutt the film,0,2020-08-15 06:03:31
@CASANJEEVSTHAKUR,Don't watch this movie.,0,2020-08-15 06:03:30
@unlimitedjoy42,#BoycottBollywoodMovies,0,2020-08-15 06:03:30
@rishikeshghasari9469,Actually muze ye movie dekhni thi but Esme jo L*VDI hai uski vajse nai dhekhunga,0,2020-08-15 06:03:21
@shorttripnk,I think most of the people dislike because of Alia Bhatt......,0,2020-08-15 06:03:15
@ragnisah7922,Wow bhai 2.2 likes and 17 lakh dislikers Salute to 17 lakh people,0,2020-08-15 06:03:12
@joelrodingliana999,Actress Alia bhatt dislike this trailer too...,5,2020-08-15 06:02:51
@samdani7126,Rajamoli RRR movie sure gonna big flop soon because of alia,0,2020-08-15 06:02:47
@VikramSingh-vm9ck,"This side again a ""Rajput"" - Vikram Singh Rajput""",24,2020-08-15 06:02:43
@gautamjuyal,Ha bhai.. dislike krne se nepotism khtm ho jaye toh toh bula lena. Ps. Jo dislike krke dikhawa kr rhe hai.. woh wahi log hai jo iski movies dekhne sabse pehle jaate the lol,0,2020-08-15 06:02:41
@vijaysinghshekhawat7168,baddddddddddd,0,2020-08-15 06:02:35
@ErAshutosh,Mahesh bhat aur inke kutiya ko sadak par la do bhai log.. Boycott for hole life.,1,2020-08-15 06:02:30
@nishuplays5447,Liked for Sanjay Duff's acting Alia to faltu hai,0,2020-08-15 06:02:12
@yatri20-25,,0,2020-08-15 06:02:10
@nusubaby1494,Koi bhi mat dekhna Aliya Ka movie SSR ko insaf sab milke dilayenge,1,2020-08-15 06:02:06
@bijayakumarnayak8491,Magia tmr start hela sadak aeba lagi,0,2020-08-15 06:02:04
@khushisharma8416,I think most of the people came here just to dislike the trailer ..... Who agrees,4,2020-08-15 06:02:01
@rajeshjagiya1995,,1,2020-08-15 06:01:19
@Sandeepvishalji,b-,0,2020-08-15 06:01:06
@ShaliniSingh-dc5bo,3rd class,0,2020-08-15 06:00:53
@keyursuthar_1811,Boycotting this movie and mahesh..,0,2020-08-15 06:00:41
@gopadeymazumder610,Boycott Hotstar and Sadak 2,0,2020-08-15 06:00:40
@arpitawasthi435,bkwaaas,0,2020-08-15 06:00:27
@storystream174,I will never watch their movies,0,2020-08-15 06:00:24
@nikegamer2177,excellent work aise hi Bollywood se kachra nikalenge,1,2020-08-15 06:00:18
@vaibhavnirmal.6609,Mujhe jab pata chala ki iss movie me ALIA Bhatt hai main instantly DISLIKE dene aa gaya,0,2020-08-15 05:59:58
@pitbullgaming4220,Boycottttt,0,2020-08-15 05:59:55
@demonravangaming1871,sorry Sanjay sir,0,2020-08-15 05:59:53
@vinodverma5220,bicote..... chutiye bhudhe mahesh.. bhat.. or ye teri gandi uulad,0,2020-08-15 05:59:40
@niveditadas1359,Don't watch this movie too. #Justiceforsushant #deletehotstar #boycottnepotism.,0,2020-08-15 05:59:20
@kapil_kumawat,I just came here to dislike,0,2020-08-15 05:59:19
@kunwarpratapsingh8492,,0,2020-08-15 05:59:09
@ARYYUSH,Isko itna dislike do ki india ka most dislike vedio bna do,0,2020-08-15 05:59:07
@janvithapa5379,very bakwas yrr issea aachi to meri frnd ki reels hi hoti hai,0,2020-08-15 05:59:05
@dnssaitan7557,,0,2020-08-15 05:59:05
@princesengar3002,kya taati trailer hai bc,0,2020-08-15 05:59:04
@kirtikapila1509,Chiiiiiiii,0,2020-08-15 05:58:55
@rohantayade4089,Kya bhangar hai ye,0,2020-08-15 05:58:48
@purushottamsingh5584,,0,2020-08-15 05:58:45
@pallavisingh6570,Bina trailer dekhe dislike like me jyada khushi ho rhi hai,0,2020-08-15 05:58:44
@technicaltuchinfo1351,Bollywood walo ki maa ki chut Madarchod tumhari aukad hum batay ge,1,2020-08-15 05:58:41
@kumarkashibhartiya5326,Jitne v logo ne dishlike kiya hai sare log ye movies dekhnge in know well nepotism just like a competition isne galat kya hai jisme hai dum wahi jamke or chalega koi nepotism jesi riwaz nhi rok skte unko jinme hai dum,0,2020-08-15 05:58:37
@amritasingharoy5140,Bsdk hata ishhi movie ko,0,2020-08-15 05:58:35
@RITESHSINGH-ox9sv,Deslike rukna nhi chahiye,0,2020-08-15 05:58:28
@manzilmilegiekdin26,"Ess main sirf en starkids aur unki family ki glti niii hoti Actually hum jaisi public aur y so called Media bhi responsible hoti hai jo enn logon k etne deewane ho jate hain ki kisi without god father and hardworking actor ko andekha krte hain Kahin na kahin hum log bhi responsible hote hain ""Sushant Singh Rajput"" ki death waqai bht dukhad hai .Change ki shuruat hamein khud se krni hai.Hamein talent aur hardwork ko pehchanne ki zaroorat hai.Taki aage kisi bhi actor ka anjam Sushant sir jaisa na ho I am sorry main kisi ki feelings ko hurt niii krna chahti public majn Main khud bhi shamil hun Gies it's time to wake up Maine ess change ki shuruat khud se kii hai",1,2020-08-15 05:58:24
@amityadav518,Only Sanju Baba like,0,2020-08-15 05:58:21
@mousumiroy8773,the movie is totally crap,1,2020-08-15 05:58:20
@anilranaranaanil3669,Sanjay ka fan hu pr Mahesh bat taru maa ki,0,2020-08-15 05:58:17
@sushmapandey9146,Dislike,0,2020-08-15 05:58:17
@dipsamanta2629,"Sirf,, dislike karne ke liye hii aya thaa,, ho geya,, by... Duaa karu kii ye movie super flop ho...",0,2020-08-15 05:58:15
@palashmeshram4500,"Bhok mee jao lvdo... Chutiya movie with fucking over actors. Dumbass randi alia porn movies kr lvde, acting to aati ni lvde ko nangi ho ja pgl lvdi",0,2020-08-15 05:58:05
@satyavratchaudhary7592,Boycott Bollywood,0,2020-08-15 05:58:01
@praveenghosarwade9083,deslaka,0,2020-08-15 05:57:50
@thegreat9628,,1,2020-08-15 05:57:46
@kranthi917,Only sanju i liked this movie.,0,2020-08-15 05:57:44
@satyavratchaudhary7592,Boycott Bollywood,0,2020-08-15 05:57:36
@TPMmusicLive,Bakwas,0,2020-08-15 05:57:35
@rajinderkaur8024,After watching this trailer I felt it's not bad,1,2020-08-15 05:57:21
@ariyanrout.10,#boycot bollywood,0,2020-08-15 05:57:18
@mohanrabari2602,,0,2020-08-15 05:57:10
@pallabmandal6869,Video tu salu kabol dislike dibor r karone ...,0,2020-08-15 05:56:59
@nirmalsarkar2556,Boycott,0,2020-08-15 05:56:54
@balajipanchal6422,Boycott all khan and bhatt movie,0,2020-08-15 05:56:35
@BharatSingh-rg2vz,mahesh butt ki koi movie nii dekhni mujhe,0,2020-08-15 05:56:27
@jessicadeori9246,I just tap on this video and then I directly dislike it,0,2020-08-15 05:56:25
@spsharma3018,Always boycott your business,0,2020-08-15 05:56:19
@sahilrathee1101,ghatiya bandee ki ghatiya movie,0,2020-08-15 05:56:18
@ichikashiraki3356,Koinahi dekhaga ya movie,0,2020-08-15 05:56:11
@sunithagehlot1095,No,0,2020-08-15 05:55:50
@CountingNumbers-ms5yv,,0,2020-08-15 05:55:10
@rajinderkaur8024,BINOD,0,2020-08-15 05:55:07
@rajinderkaur8024,BINOD,0,2020-08-15 05:55:06
@vikaschauhan3716,Bad movie justice for ssr ssr is a real hero,0,2020-08-15 05:54:54
@gaganmathur7552,Gahitya trailour Ghatiya movie,0,2020-08-15 05:54:52
@BharatSingh-rg2vz,ye movie mujhe ni dekhni,1,2020-08-15 05:54:50
@jyotichobdar4715,Dekhne se pehle hi dislike karna chahiye,1,2020-08-15 05:54:48
@tarunsharma5064,Mai to bas dislike karne aaya hu bhai,0,2020-08-15 05:54:47
@chinmoydutta4152,For Susanth....,0,2020-08-15 05:54:37
@indiangermanshepherd8754,I am waiting for Salmaan Khan Movie to get same response. Pls jaldi release kro Salmaan ki movie,0,2020-08-15 05:54:36
@vijaychandra5375,Dikha do sab public ki #Takat.. Kya bolti public,0,2020-08-15 05:54:31
@ThakurOmkarSinghTomar,,0,2020-08-15 05:54:27
@SoulRegaltos-go7qu,Chal nikal,0,2020-08-15 05:54:27
@goldenclips7744,Ab bollywood ki film ko flop karo koi na jana dekhne bollywood murdabaad,0,2020-08-15 05:54:16
@surajvloggingandinfo5503,This trailer doesn't deserve any meaning in the world of cinema. Now the only one Legend is SUSHANT SINGH RAJPUT,95,2020-08-15 05:54:07
@sahilchopra3873,,0,2020-08-15 05:53:48
@dm947,Stop nepotism in bollywood,0,2020-08-15 05:53:42
@m3ntal_mind,Flop movie alia kaalia,0,2020-08-15 05:53:38
@Nuna-kc9ch,It would hve been 7million dislikes till now,0,2020-08-15 05:53:31
@deepakrajpaul,"I tried to figure out why theres so much hatred around. Then I watched complete trailer. Phir socha let me dislike it, they deserve it. I mean what r u trying to prove. An owl, black magic, is this all u got to show...?? Entertain us, dont fool us...",56,2020-08-15 05:53:13
@misthi6141,Boycott,0,2020-08-15 05:52:55
@sumitprajapati-te8ij,Jay Shree ram,1,2020-08-15 05:52:49
@asrarazad8911,bagh sala tera ma ki chod aliya #justice for ssr,0,2020-08-15 05:52:47
@manzilmilegiekdin26,"Star kid hona koi glti niii hai ,lkn sab kuch easily milne k baad kuch log y samjhne lagte hain ki unse zyada superior koii ho hiii niii sakta aur etna gir jate hain ki koi bhi apni mehnat k dum par aye to usko giraane main koii kasar niii chodte",1,2020-08-15 05:52:43
@kxler3296,Alia Bhatt tati he,0,2020-08-15 05:52:40
@Spancination20,WTF ITS UNIQE,0,2020-08-15 05:52:35
@rajrao5479,I dislike trailer,0,2020-08-15 05:52:34
@pittu-j5j,I done my job,0,2020-08-15 05:52:01
@deveshbisht2428,Let's show these Bollywood mafia like Mahesh bhutt that bollywood is not their father's property. They are what they are because of janta.,0,2020-08-15 05:51:55
@tokarbasar9001,Sorry Sanju..we are not going to watch the movie...becoz BUDDHA BATT..,0,2020-08-15 05:51:46
@rakhinagar5445,dislike and flop this picture,0,2020-08-15 05:51:41
@FWS.fws3,only dislike for sushant flop,0,2020-08-15 05:51:35
@saurabhtripathiviewexplori4771,Bhatt Tu sadak pr jaldi aayega,0,2020-08-15 05:51:30
@rituritu9650,Binod,0,2020-08-15 05:51:28
@vikashchauhan7931,Dislike,0,2020-08-15 05:51:27
@bedhnasubba4175,I like sanjay dutts movie but i really hate alia bhatt so i dislike this movie because of so called alia bhatt.. ...,0,2020-08-15 05:51:27
@paras594,My girlfriend likes this and now she is my EX,46,2020-08-15 05:51:26
@omegatoawomi176,Forget about dislike I even reported these trailer,0,2020-08-15 05:51:15
@sugarnspice7598,Along with dislikes lets make the movie flop as well,0,2020-08-15 05:51:15
@rakeshrana5918,Aj se pehle kabhi like ya unlike nahi kia PR first time unlike karunga is thurki Pakistani ko.....MC saala only for sushant...,1,2020-08-15 05:51:07
@adityapratapsingh833,3.2M se 1.7M kaise ho gye dislikes!!!!!?,0,2020-08-15 05:51:05
@sudeepsaxena1474,Bakwaas,0,2020-08-15 05:51:05
@rekharayat2801,Record break hone wala h bhai log. Dislike karte raho,0,2020-08-15 05:51:02
@MrGupta-di3xj,I don't know how baba is working with them,0,2020-08-15 05:51:01
@aman.b7329,"Bhaio ye sb kya h aap log aalia bhatt ko psnd nhi krte thik h lekin iske chalte aap log sunjay dutt sir ,aditya sir or gulshan grover jaise ache kalaakaro ko kaise bhul gye kaise andekha kr gye. Iss film me sirf aalia hi nhi h blki lead roll me or bhi h sunjay sir vi h. To fir aap only aalia ka gussa orro pe ku nikal rhe ho.mere hisaab se ye thik nhi h yrr kisi hdd tk. And I'm sincerely sorry if u hurt with this.",0,2020-08-15 05:51:00
@kripashankar1450,Abe dislike kyon kiya,0,2020-08-15 05:50:59
@priyalmodi6015,Boycott bollywood,0,2020-08-15 05:50:23
@rishirai1566,Sorry sanju baba,0,2020-08-15 05:50:17
@tigerankiyareprawas7016,,1,2020-08-15 05:50:06
@radhagami9818,Who searched trailer only for giving dislike ???,5,2020-08-15 05:50:04
@Digs248,Boycott,0,2020-08-15 05:50:02
@Shunalichauhan,Dekhne se pehle hi dislike,0,2020-08-15 05:49:58
@nabinsharma2505,I don't know about alia.....But i respect our legends sanjay,0,2020-08-15 05:49:57
@d.u.j.5195,Dislike from Delhi You killed an innocent person !,0,2020-08-15 05:49:53
@bebokhan8204,My bf is like this trailers..... Now he is my ex...,1,2020-08-15 05:49:49
@sumansingh383,dislikes,0,2020-08-15 05:49:46
@rajanikumari3156,No nepotism actors movie like guys..,0,2020-08-15 05:49:38
@manojyadav58,Ae bollywood teri lag gai........ab audience ka insaaf dekh.....tum bole na ki kya hum bulaye kya tumko film dekhne ko......,0,2020-08-15 05:49:26
@criminalalokbhaiyt,I disliked trailer before watching it not because of sanju baba but those nepo kids. After watching this trailer i thought my decision is very right.,0,2020-08-15 05:49:25
@raazvaishnav5164,Flop,0,2020-08-15 05:49:17
@daalwada,Another flop movie from Flop director is director is here.. let's welcome them here,1,2020-08-15 05:49:10
@akashrajput6932,,0,2020-08-15 05:48:55
@niranlaskar1564,I boykott,0,2020-08-15 05:48:32
@TheVijayShow1992,Bycott,0,2020-08-15 05:48:30
@funnycreations1454,R.I.P. MUKESH BHATT,1,2020-08-15 05:48:12
@mukeshkumarj88,Ye bhi Mahesh butt ko sadak pe le aayega. Alia butt ko boycott karo ab bollywood me bhi dadagiri nai chalega.,0,2020-08-15 05:48:06
@manojsah9145,Bekar trailer,0,2020-08-15 05:48:04
@manzilmilegiekdin26,"Maine google pe dekha to headline thi ki sadak2 ko dislike krne wale ""uski kamai jaan lein to sadme main aa jayein "" I mean seriously kamai janna to door hum log ess film ka trailer hi sirf esko dislike krne k liye dekh rhe hain to kamai crores kre ya million hamein kya farq padta hai",1,2020-08-15 05:48:04
@srikanthbd,Anyone else here who came to see the dislikes ?,0,2020-08-15 05:48:00
@jcblover2943,Bakwass,0,2020-08-15 05:47:45
@DeepakSharma-mr8um,Hate this movie,0,2020-08-15 05:47:44
@mr.anujsingh7133,Boycott Bollywood #mukesh bhatt #unpadh alia bhatt #karan #salman nepotism gang,0,2020-08-15 05:47:28
@padinidebbarma7810,Mahesh bath Teri maki cud,0,2020-08-15 05:47:21
@amitkumarsharma9585,Ise to bilkul no dekhna,0,2020-08-15 05:47:19
@akshaygaonkar2010,Ye movie sanju baba n makarand sir ke liye dekhna hai.... Magar.... us nepotism ki.... Aisi ki taisi....,0,2020-08-15 05:47:15
@raghuvanshtiwari9832,Bekar movie,0,2020-08-15 05:47:10
@kavithaprashanth8840,One dislike form kerala....... sadak thuuu,0,2020-08-15 05:46:56
@manishthemastermind1782,Dono bhatt kaa bahiskar karo,0,2020-08-15 05:46:48
@sigmamenstylesfashion7172,Aditya roy alia sanju baba ki ky galti h yr,0,2020-08-15 05:46:43
@amargautam9070,Very bad,0,2020-08-15 05:46:34
@prasadgadkar1557,ban..movie,0,2020-08-15 05:46:33
@Amarkumar0211,Faltu hai,0,2020-08-15 05:46:22
@badsoldier2914,Bollywood ki le lo sab ne mil kar ssr ko mara hai,0,2020-08-15 05:46:19
@thediarysquare,Bal ka movie hoga,0,2020-08-15 05:46:15
@TeluguTopics,Sushanth Singh Rajputh Sir Fans.. Please Give One Like,0,2020-08-15 05:45:44
@thegreatpawan2341,v pelbane aaya hai kya,0,2020-08-15 05:45:36
@rajeevsinghania8008,unlike report,0,2020-08-15 05:45:25
@kunkrisp,Boycott,1,2020-08-15 05:45:22
@budgethouseforsaleinbangal6241,"1 dislike = 1 slipper shot ,",0,2020-08-15 05:45:22
@skrbodopro5295,"Without watching,,,dislike",0,2020-08-15 05:45:11
@govindkumar-xi9iv,Jab tak todenge nhi tab tak chodenge nhi,0,2020-08-15 05:45:08
@nikhilmehta7589,DISGUSTING... PATHETIC..... COMPLETE WASTE OF TIME ..... Muth Bhatt n BHATT Pari... Vaar..... go to h...e..ll.....,0,2020-08-15 05:44:52
@sanjuktaghosh9954,Mere jaisa kaun kaun ye trailer sref dislike karne k liye chalu Kiya,0,2020-08-15 05:44:40
@anshika3129,And here comes the most disliked trailer ever!,0,2020-08-15 05:44:35
@Deepakkumar-sw9po,Even binod dislike sadak 2 trailer ....!,0,2020-08-15 05:44:20
@poojasamal5936,U b** alia and ur team. Get ready for dislike ur trailer just wt and watch what can we do??,0,2020-08-15 05:44:17
@ANIKET-tx6kf,Sorry sanjay dutt for dislike,0,2020-08-15 05:44:14
@lovethischennal,Release hona nahi chaiye,0,2020-08-15 05:43:53
@Riyasharma0844,Boycatt for aliya bhatt,0,2020-08-15 05:43:47
@murarisingh9120,tmc,0,2020-08-15 05:43:41
@MDAZAD-uu8uo,Sorry Sanjay Sir Par ish takla Mahesh Randa aur,0,2020-08-15 05:43:39
@ankeshyadav2935,"I can never support you,,, you have taken my hero,, nothing you can achieve,, sorry sir",0,2020-08-15 05:43:38
@Shibhu13,Only for Dislike..,0,2020-08-15 05:43:31
@ravindrabisht9421,RIP Sadak 2,0,2020-08-15 05:43:26
@Funnyreactionvideocreator01,"Sorry, Sanju Dada didn't want to lose you with these pieces",0,2020-08-15 05:43:20
@santoshchoure2918,Sanju Baba love you but Sushant bhi to apn hi bacccha. Tha n mahesh bhaattt same on you ....bul shitt,0,2020-08-15 05:43:14
@ShreetiFromJupiter,Full kachra,0,2020-08-15 05:43:13
@rajeevkumarsoni2412,Bad Move,0,2020-08-15 05:43:13
@guddukumar-wd2ch,Madharchod ka Film dislaek karo yaar,0,2020-08-15 05:43:10
@Trishanu.in4k,Who is karan johar! i know charan gobar,0,2020-08-15 05:43:00
@sangeetapatil6512,Bhai Lekin trailer bhi ghatya hai I disliked,1,2020-08-15 05:42:58
@aayushirai105,Most disliked trailor Superb.. So.. Alia Bhatt And her buddhaa bap kya kare ge ??,1,2020-08-15 05:42:58
@jaideepsaini25,#uninstallhostar and m done,0,2020-08-15 05:42:58
@ujwalajainujwala7552,Are isse achi sadak to mere yaha k vegetable market ki he,0,2020-08-15 05:42:58
@somn.rampal2282,"Why top 3 bollywood heroes who shares the common surname are mum, silent .......boycott",0,2020-08-15 05:42:56
@yashrawat4745,Alia Bhatt nepotism Ki Sabse Badi queen hay aur aur Bollywood ki koi bhi picture koi bhi nahin dekhega jismein star kid Honge Kyunki Kyunki Sushant Singh Rajput Ka Badla lena hai bike out Bollywood,0,2020-08-15 05:42:53
@sagarsingh-ew2oq,,6,2020-08-15 05:42:28
@sumitjain5393,*Their should be option to dislike many times*,8,2020-08-15 05:42:28
@visionextra9770,Just came here to dislike...CBISSR,0,2020-08-15 05:42:18
@Not.your.emraaaan,Boycott Hotstar,0,2020-08-15 05:42:10
@beindependent9098,Abhi ye to shuruwat hai Bollywood jihadiyo ka khatma ka abhi khan gang ka maa chodna hai,0,2020-08-15 05:42:10
@HarshMiddha2001,Ye movie Alia bhatt ki wagah se flop hogi.. Kon kon sushant singh ke sath hai Like here -,1,2020-08-15 05:42:02
@amriteshkumar7770,Bycot......,0,2020-08-15 05:41:50
@appleiphone2628,"The same video on ""fox star hindi"" channel crossed 9.7 million dislikes . Lets make it 10million",2,2020-08-15 05:41:46
@nitishsaxena1135,Bkwas,0,2020-08-15 05:41:38
@enakshinag2903,Kitna bakwas hain. Kuch samaj hein ny aya. Bakwas. Star kid ka talent bakwas movies deta hain,0,2020-08-15 05:41:38
@somn.rampal2282,"Boycott shady directors, actors and producers who promotes neoptism and bhai ,bhatizawad . Justice for SSR..",1,2020-08-15 05:41:34
@ajaybhadoria3795,Sala alia bhatt Nepotism ka chhodi h,0,2020-08-15 05:41:20
@yourworld9866,J mat bhoolo k is movie mei or bhi log kam kr rhe hain kya ek alia k liye un sabko ignore krna thik rhega?,0,2020-08-15 05:41:18
@ManishRajput007-q,only like baba,0,2020-08-15 05:41:09
@shekhersingh4924,",",0,2020-08-15 05:41:05
@NihalKumawat-un5zw,I just came to dislike because it is on trending to dislike,179,2020-08-15 05:41:01
@tusharpurohit3814,Cutiya log chutiya film,0,2020-08-15 05:40:51
@pritiprajapati7157,Only fangar movie Bollywood,0,2020-08-15 05:40:50
@aniketsaklani34,Abe ye kya movi hai ......rea to hai nhi isme..... Mahesh bhatt ki trending....********samjh jao.....,0,2020-08-15 05:40:35
@vinitsoni4660,Andi bandi sandi jisne iss trailer ko like kiya uski maa randi,0,2020-08-15 05:40:24
@sunnysumanyoutubechannel8977,Only dislike .......... Karo dosto jay hind jay bharat,1,2020-08-15 05:40:19
@AnitaYadav-jr9xm,Buy cot the movia,0,2020-08-15 05:40:18
@mandarbhosale1092,Duck,0,2020-08-15 05:40:14
@NeetuSingh-zz9ig,CBI for SSR,1,2020-08-15 05:39:54
@kapilrathod664,Binod ki kasam mene bhi dislike ki,1,2020-08-15 05:39:52
@desientertainment7531,BINOD,0,2020-08-15 05:39:50
@mgrailgaming6649,Worst thing ever,0,2020-08-15 05:39:42
@maheshrahul009,Dekhte hi dislike mara par poora trailer dekh k Sanju Baba k liye respect rahi,0,2020-08-15 05:39:32
@nikhilsingh5311,Chichi ganda ghatiya movie,0,2020-08-15 05:39:21
@amrit0812,tumhara ho chuka...ab hamari baari.....,0,2020-08-15 05:39:16
@akhileshkumar-wk3of,Sorry sanjay dutt sir for giving dislike,0,2020-08-15 05:39:16
@chandrashekharkadam1881,"Sadak like ""Sadakchaap""...Mahesh what you Done...",8,2020-08-15 05:39:14
@vinodarora7441,I hate this film,0,2020-08-15 05:39:11
@kinihawmitissca9801,Dislike fr Alia,0,2020-08-15 05:38:55
@moviesite563,"Is movie ka naam sadak 2 nahi ""Nala_ek dukhat katha"" hona chahiye tha ..",0,2020-08-15 05:38:51
@tusharrajput5574,Disklike kro bhai yio sab,0,2020-08-15 05:38:41
@AkashDeep-oi6mr,no alia,0,2020-08-15 05:38:21
@babakamlesh3866,By coot mahesh Bhatt,0,2020-08-15 05:38:19
@sheetaldr8506,I don't even know how the video has even got likes lol,0,2020-08-15 05:37:55
@RAJUParmar-iu4us,Who is here only for dislike Hit like,1,2020-08-15 05:37:53
@rajeevrajeev7548,Disliked movie bekar,1,2020-08-15 05:37:52
@DJCPMusical,,0,2020-08-15 05:37:45
@RohanSharma-el3tw,Flop,0,2020-08-15 05:37:45
@thahorrorteam3217,binod,0,2020-08-15 05:37:39
@thahorrorteam3217,binod,0,2020-08-15 05:37:29
@thahorrorteam3217,binod,0,2020-08-15 05:37:23
@thahorrorteam3217,binod,0,2020-08-15 05:37:16
@swhhqkq8110,"2.2 lakh likes , kitne main kharida ... Lol",0,2020-08-15 05:37:07
@saichannl2647,Most disliked vedio in the world,0,2020-08-15 05:37:03
@devanshpandey.byshandilyal2240,Ekdm raddi....,0,2020-08-15 05:37:02
@pavanrajput5969,Bakwaas....h...alia...acting to aati nahi..usko....koi nahi dekhna yeah movie....sorry...sanju baba...,0,2020-08-15 05:36:56
@fatehjeetkaur3496,Nepotism must end and should be replaced with talent and only talent,0,2020-08-15 05:36:51
@NirajKumar-fe4vo,Sorry sanjay dutt Sir,0,2020-08-15 05:36:48
@duleshwarnetam6056,Sorry sanju baba.. Dislike,0,2020-08-15 05:36:48
@tigeriangroup1842,Dislike is more than like So I Hit dislike buz jo aage badana chahta h usse aur badao..,0,2020-08-15 05:36:45
@kunalff7811,#justice for susant singh rajput,0,2020-08-15 05:36:45
@VikramSingh-fx9un,Me to sirf dislike krne aaya hu,0,2020-08-15 05:36:40
@ghostforyou8556,I have 4 account's on YouTube and I'm dislike this trailer on my every channel,19,2020-08-15 05:36:37
@VikramSingh-sm6bp,Check my dislike,0,2020-08-15 05:36:34
@normetv8992,Bad movies,0,2020-08-15 05:36:33
@bhuvayatish4215,Tum ko smajme nai aata kya Yaa tumko bhi apna katvana hai,0,2020-08-15 05:36:33
@accsusmanagement2635,Dislike karo yaar,0,2020-08-15 05:36:32
@mathsbyshiv,Nepotism character,0,2020-08-15 05:36:28
@thefashion139,Kitni gandi movie hai chhiiiii chhiiii,0,2020-08-15 05:36:25
@Lyzoo879,",",2,2020-08-15 05:36:10
@prashantchoudhary7582,Dislike,1,2020-08-15 05:36:08
@prashantshukla2015,Sadak par bhej denge bhatt ....kyoki tum sab ki aukat bhi to ham logo ne hi banaya hai..,1,2020-08-15 05:36:08
@deepakdaheriya2063,Ma chodayo,0,2020-08-15 05:35:43
@PrAsHaNTvlog10M,Gandigi,0,2020-08-15 05:35:30
@failureguru8723,I will donate 1rupee for her role,0,2020-08-15 05:35:18
@PradeepThakur-kc7vm,Dislike thoko,1,2020-08-15 05:35:04
@beamoneybee5420,Wrost trailer seen in life..wrost acting by natki,0,2020-08-15 05:35:01
@MANDEEPSINGH-eh2ry,ehda he chahida a dislike kro jehne kar hunde a shushant singh nu insaaf divonaa a apah alia bhatt di movie te dekhani ni a frnds,0,2020-08-15 05:34:55
@ajbhaibr29wala81,Nice,0,2020-08-15 05:34:54
@shivamthakur3797,Bollywood industry chutiya haaa. .....,0,2020-08-15 05:34:40
@maaddytech7981,Bakawas movie ka bakwas trailer ghatiya or Mahesh bhatt ki maki chxt,0,2020-08-15 05:34:32
@pravinjadhao1524,,0,2020-08-15 05:34:28
@neerajtripathi6267,I don't like mahesh bhatt movie Esse Gandi movie koi nahi bana sakta,0,2020-08-15 05:34:22
@diwanbansal4574,Kya khaa tha usne sushant ko i think sbko yaad hoga,0,2020-08-15 05:34:12
@minturajput3406,Bhaiji lag rahi hai Alia Bhatt,0,2020-08-15 05:34:08
@punamsingh4465,BAD FILIM,0,2020-08-15 05:34:00
@anshipaharikid3032,Only here for dislike,0,2020-08-15 05:33:52
@subho9830245051,CBI FOR SSR,0,2020-08-15 05:33:46
@maheshwarsingh6706,"Dislike, that's the honor this film is eligible for...a drunkard, than a fool girl born in family background and another one is again settled actor and brother of film producer... No capable actors..only Mr. Makrand is the one who has brought him self to this place...",0,2020-08-15 05:33:42
@vickykhajuria3530,Boycott,1,2020-08-15 05:33:39
@minturajput3406,Nahin chalega beta,0,2020-08-15 05:33:29
@amarkarlekar8551,Flop,0,2020-08-15 05:33:25
@merubharwad393,Sushant shing rajput is real hero,0,2020-08-15 05:33:19
@RohitGupta-27699,My Girlfriend like this trailer and Now she is My Ex,0,2020-08-15 05:33:00
@jasmitapatra5124,Boycott Bollywood,0,2020-08-15 05:32:49
@deepudeepu7051,,0,2020-08-15 05:32:41
@Bappa09-k,Bad movie,0,2020-08-15 05:32:39
@99prisha,Nepo kid again...Hell No,0,2020-08-15 05:32:38
@abhishekkumarpandey9696,#Aaliya shame........,0,2020-08-15 05:32:32
@baanisingh1182,One of the worst movie ever... You all will be over now... Turning point of yours life...,0,2020-08-15 05:32:31
@prabhatsharma4689,Friends report this video is as hateful because its against guru why only guru use maulana and others also,0,2020-08-15 05:32:26
@nirakarnag3894,Mathar chood movie hain laura,1,2020-08-15 05:32:22
@vishwajeetsingh588,Sala Dislike remove kr Diya mc sala,0,2020-08-15 05:31:56
@tapassaha9486,Boycatt nepotism,0,2020-08-15 05:31:51
@gb36549,Bakwaas......,0,2020-08-15 05:31:43
@chiranjeevsahu8614,This dislike create new history,1,2020-08-15 05:31:41
@manikantavaraprasadinakolllu,#unistall hostar .........,0,2020-08-15 05:31:34
@meenu7021,Sadak 2 nhi sadak chhap bnao inko,1,2020-08-15 05:31:30
@roopeshpatil4433,,0,2020-08-15 05:31:24
@krunalsinhgohil1350,Mahesh bhatt bakwas movie,0,2020-08-15 05:31:18
@arjunsharma2732,Boycott,0,2020-08-15 05:31:14
@abhijitdaundkar1466,Dislike,0,2020-08-15 05:31:13
@aminchamadia830,Dislike this nepo bhatts,0,2020-08-15 05:31:05
@kartikrana1213,"My friend liked this trailer...... Now, I'm in jail.",0,2020-08-15 05:31:03
@sivakumar-yt3gu,nepotism,0,2020-08-15 05:31:01
@varunkumar-xu5cs,,0,2020-08-15 05:30:59
@neelamnarwaria508,Dislike,0,2020-08-15 05:30:44
@meenu7021,Mahesh Bhatt k ghr me or bhi log h to unko v le aata .... Side actor k tor pe... Sare award us k Kmino ne tellent ki band bja k rkhi h,1,2020-08-15 05:30:39
@AshuSharma-yg8qo,flop movie sbi dislike thoko,0,2020-08-15 05:30:18
@ARKTheShayar,Trailor mujhe achaa lga... But i wanna bhatts ki maa ka bhosdaa,0,2020-08-15 05:30:17
@Narayansingh-um7de,RIP Sadak 2,0,2020-08-15 05:30:15
@ashishpandit1172,ye 2 lakh 6kke hai,0,2020-08-15 05:30:04
@Monster_riish,my Gf liked this trailer....now she is my EX,9,2020-08-15 05:29:58
@neelamnarwaria508,,0,2020-08-15 05:29:53
@HR-rp8pc,",",0,2020-08-15 05:29:48
@chandanmhetre,Madarchodo saalo,1,2020-08-15 05:29:41
@panthraper,'Nepotism production' presents SADAK 2 directed and produced by Bhatt monsters.... !!! #globalprayersfor SSR,0,2020-08-15 05:29:40
@pallabdas8710,Sorry dada,0,2020-08-15 05:29:33
@prabhatbhengra2767,| SSR,0,2020-08-15 05:29:31
@shivajigavali5110,Boycott,0,2020-08-15 05:29:11
@nevermetu326,"Maha flop movie, guys iss karan hijade ko aur mahesh buddhe ko road pe le aao. This is the time, say no to nepotism",0,2020-08-15 05:29:07
@SohanSingh-dp6qy,Dislike Karo in bhadwo ko,0,2020-08-15 05:29:02
@brajendrarathor610,Boy cod,0,2020-08-15 05:28:55
@sharmac3208,,0,2020-08-15 05:28:44
@known_SH,Bohoth pachthaavogekarma returns..........,2,2020-08-15 05:28:32
@kundankumar-zg3df,Ghatiya log thuuuuuu hai is filmi duniya pe thhuuuuu thuuuu,0,2020-08-15 05:28:32
@Amansharma-fw5gv,Boycott this movie,0,2020-08-15 05:28:24
@shiromanisingh4626,Dislike this trailer,0,2020-08-15 05:28:21
@hariteshsharma3238,Alia....meet Rhea. Ur mom,0,2020-08-15 05:28:14
@suryapratap4591,Boycott Mahesh Bhatt,0,2020-08-15 05:27:53
@rajeshmohanty6206,Boycott Bollywood,0,2020-08-15 05:27:51
@GudduKumar-jl3qy,DOg,0,2020-08-15 05:27:50
@yogi_fitt,....,0,2020-08-15 05:27:36
@barshasharma5480,Boycott,0,2020-08-15 05:27:31
@MohitRajput-kz9wt,Gand movie ha mc,0,2020-08-15 05:27:20
@sudhirgawli245,Allia bhatt loss her career because of Her character less dade mahesh bhatt,1,2020-08-15 05:27:18
@rudranilbhandari8723,# Binod,0,2020-08-15 05:27:17
@Enter_tain_ment,Gar mar le,0,2020-08-15 05:27:12
@unofficialsaipallavi2266,NEPOTISM KI JAY,0,2020-08-15 05:27:11
@tanujajha9306,"Chiii alia ka face dekh k hi gussa aata, kash dislike 100 bar kar pati..",0,2020-08-15 05:27:08
@brajeshroy3077,report this video,0,2020-08-15 05:26:59
@nagrajgunaga9579,Tamil rockers me zaroor dekunga..,0,2020-08-15 05:26:57
@azeemansari3052,Nice,1,2020-08-15 05:26:51
@shyampubg5321,I just came here to dislike,0,2020-08-15 05:26:45
@d.c.rajput2470,"Ek dum ,",0,2020-08-15 05:26:43
@sachinparcha7908,Sanjay jatt ke liye like kiya he bs,1,2020-08-15 05:26:42
@hunters557,Respect Sanjay sir sorry for dislike your but I am hating alia bhutt,0,2020-08-15 05:26:41
@krishnaentertainment2047,Bakwas hai,0,2020-08-15 05:26:35
@shashiranjanupadhyay7540,"Bakwas hai Bhai....ab Bollywood...ki m...........,.......",0,2020-08-15 05:26:25
@deepikakapila5549,Kon kon is mental ki movie dekhega,0,2020-08-15 05:26:21
@rahulsah2051,Mahesh ki koi film nhi dekna h...mujhe,0,2020-08-15 05:26:18
@Radhecom-fr8gp,Mc ali,0,2020-08-15 05:26:15
@fukrokihaveli2.026,Kya tatti hai yeh isse toh tiktok ka mujra bhi acha tha,1,2020-08-15 05:26:15
@kirr4,"Now Alia is finished , just because she's with Karan johar she lost everything",169,2020-08-15 05:26:10
@pubggaming88,Boycott,0,2020-08-15 05:26:07
@GiftbooX6,Boycott,0,2020-08-15 05:25:56
@Sachin-kb4jv,Hate aliya Bhatt,0,2020-08-15 05:25:55
@sahilthakur3683,Dogs r better than aliya finally they r loyal,0,2020-08-15 05:25:52
@pritamjambhale6415,"I am here only to dislike the trailer, I did not even watch the trailer",30,2020-08-15 05:25:47
@shaguntyagi8920,Please dont watch the movie #nepotisim,0,2020-08-15 05:25:41
@satheatul1,16 lakh dislikes. Strong and loud message.,0,2020-08-15 05:25:20
@chinmaygosavi1957,#nepotism,0,2020-08-15 05:25:14
@LearnwithKumar-w3z,koi nhi dekhega tera movie..mat release kar,0,2020-08-15 05:25:13
@kumarikavita3603,requested to those who liked this trailer may please turn to dislike. we need cooperation with all. bharat mata ki jai.,1,2020-08-15 05:25:09
@sajidsundrani9162,No one watch'this movie boycott#######,0,2020-08-15 05:25:09
@abhishekh353,See mam;power of public...but i love yr acting...Destroy career of all star who destroyed sushant life...love u shusant sir from nepal..,0,2020-08-15 05:25:05
@abhimanyujaiswal2096,Just because of Alia dislike this movie,73,2020-08-15 05:25:04
@roshansinghbisht4688,Chutiya mahesh bhat chutiya beti &chutiya trailer..,0,2020-08-15 05:25:00
@livia7210,I will watch this for other hardworking actors involved,0,2020-08-15 05:24:51
@LalitKumar-hl6xf,Plzz don't watch this movie,0,2020-08-15 05:24:42
@nikhilsharma3480,tatti ha bc,0,2020-08-15 05:24:20
@magnificentaj3677,Benchod ko search kar ke dislike kiya,0,2020-08-15 05:24:17
@kailashsharma3794,,0,2020-08-15 05:24:12
@kirr4,"It's going to be a huge flop , all are nepotism guys",0,2020-08-15 05:24:05
@arvindpaswan1087,Report this channel,0,2020-08-15 05:24:01
@aadreshsoni3969,Bakwas mahesh bhutt movie,0,2020-08-15 05:24:00
@nishant1438,Ye Konsa drama hai bhai... Third class,0,2020-08-15 05:23:54
@runavagrawal8941,"2:47 murderer!!!! So many people have now watched the trailer, i hope the movie get less than 1% of the total views on this video",2,2020-08-15 05:23:32
@yagyas7140,Sadak is incomplete without Kumar sanu!,0,2020-08-15 05:23:26
@sachintiwari8130,Lund chalega,0,2020-08-15 05:23:20
@ankdipusingh2174,Uninstall hotstar,0,2020-08-15 05:23:18
@kumarikavita3603,The dislike is due to bhutt family and for nepotism. We want justuce for shushant.,1,2020-08-15 05:23:13
@pushpasonker6751,This film fabulous i am write Ager i am write to like me and nahi ho write to comment me,0,2020-08-15 05:23:12
@beingcharan9964,Just waiting for salman and karan johar movie to dislike,0,2020-08-15 05:23:12
@Ayushshortsreel789,,0,2020-08-15 05:22:57
@shubham-_-519,,0,2020-08-15 05:22:55
@realindian6762,Subscribed bhaiyo pure indian https://www.youtube.com/channel/UC_UfGRhPjMEISc_C2uBlUuA,0,2020-08-15 05:22:52
@rakeshranjan1319,Paid view's flop movie Bakwas,0,2020-08-15 05:22:42
@vikkichoarsiyachaurasiya5241,Bayoccat movies,0,2020-08-15 05:22:37
@manthanbhardwaj2649,#justiceforssr #sushantlove,0,2020-08-15 05:22:34
@therlcguy,Badla !!,0,2020-08-15 05:22:31
@akshitaapantchamoli4744,Ghatiya,0,2020-08-15 05:22:21
@akshitaapantchamoli4744,Ghatiya log,0,2020-08-15 05:22:16
@vickytalpati4312,,0,2020-08-15 05:22:15
@jeenakhuman7296,Aditya ke liye bhura lagra hihe mujhe he is my fev actor but dz tym sory dislike kar rahihu only for sushant,0,2020-08-15 05:22:04
@triloksagar8614,1:42 who came here just to dislike??,0,2020-08-15 05:21:55
@BIRLAful,ise achha eski porn movie banata,0,2020-08-15 05:21:55
@deepakyadav-tr6hg,Boycott nepotism,0,2020-08-15 05:21:49
@mithunbagdiramnagar,Sadak2 movies do not like,0,2020-08-15 05:21:41
@nehemiahraj12,Dislike this Again guys,0,2020-08-15 05:21:30
@rishikeshpatil4270,matkar launch hotstar kehke lenge sab teri bhi,0,2020-08-15 05:21:28
@shaikhkausan6680,Unsubcribe this chanel because no one take them to in there chanel,0,2020-08-15 05:21:16
@nadarnad,We want justice not movies,0,2020-08-15 05:21:13
@arunrioraj-dj4142,I don't like this trailer....,0,2020-08-15 05:21:13
@travellingwithkaldennegivl6771,#baycot #######,0,2020-08-15 05:21:12
@shantanuganguly9300,Boycott this buddha's movie,0,2020-08-15 05:21:08
@Deshigabruyoutube,Flop movie,0,2020-08-15 05:21:06
@singeramanrajaofficial2012,Salman beta ka film release hone ka vate Kar Raha hai,0,2020-08-15 05:21:02
@singeramanrajaofficial2012,Tune galat aadami se panga Le liya vah bhi bihari se,0,2020-08-15 05:20:53
@Anshuman00777,Suno dubara kabhi trailor launch bhi mat kr dena .. Galati se bhi bhut mehnga pad jyga mahesh tumko r alia ko .. Hum pure bollywood ka boycott krte hai .. Web series ka naam toh suna hi hoga .. Wahi tum logo ke gpl marega..,0,2020-08-15 05:20:47
@sidchavan1927,", ! , !",0,2020-08-15 05:20:43
@PermanentEcstacy,Worst,0,2020-08-15 05:20:42
@Urban_to_agri,Nice story,0,2020-08-15 05:20:32
@nitudd5101,L,0,2020-08-15 05:20:31
@nikhilkulkarni1117,Boycott Bollywood... Stop Nepotism...,0,2020-08-15 05:20:19
@debkashyap5577,Boycott sadak 2 .mahesh bhatt sabi naye actrrees ko borbad korta ..ssr ki ki gf Reya ko apna gf bonaya chuitiya bura ..jiya khan ko bi is mohesh bhatt borbad kya life ...boycott all indian hindu sadak 2 please,0,2020-08-15 05:20:05
@nayagara2729,Guys it's enough...every body is educated...nd we know..what is better....just stop encouraging Khan's nd other actors..who murders the innocent people's because of there advantage..let's give the change to new one's.....,0,2020-08-15 05:20:00
@3sarkar,"I earned money , not watch hypocrite film . Heard this film is one of the ghatia one",0,2020-08-15 05:19:59
@Kumbhyatra2025,"Be honest Who is a HUGE fan of SSR"" "" ( )",61,2020-08-15 05:19:49
@MANPREETSINGHKAPOOR007,All the very best,0,2020-08-15 05:19:46
@shounokbanerjee7991,Just came to dislike....but unfortunately gave this shit a view Is there any way to dislike the video without giving view?? If anyone know please tell me,1,2020-08-15 05:19:41
@travellingwithkaldennegivl6771,Boycott # this movie,0,2020-08-15 05:19:40
@dnyaneshwarijadhav5165,"Sadak 2 Ke Crew Ko Sadak par lana humare haat main hain , hume toh nahi lagta ki Sushant Sir ko Nyay milega , Toh apan itna toh kar hi sakte hain",1,2020-08-15 05:19:29
@banshilal9407,Is trailer ko matr 30sec dekhe aur dislike kare jay hind,0,2020-08-15 05:19:26
@kushalthakre9898,"I am a simple guy. I see sadak 2 anywhere, I click dislike.",0,2020-08-15 05:19:22
@abhishekkumarmodi7290,#Justice_FOR_SUSHANT,0,2020-08-15 05:19:22
@manojjaiswal6217,Koi nhi dekhega .aliya khaliya ki movie .dish like .movie. by cat ..aliya,1,2020-08-15 05:19:16
@surendrasinghrajput587,Mai abi jinda hu maharani edhar hai mere kodhe se aliya ko le ke kon gya,0,2020-08-15 05:19:15
@hitendergautam4232,Third class logon ki raddi aur kachra movie.,0,2020-08-15 05:19:14
@varunsharma5314,Boycot sadak 2,0,2020-08-15 05:19:14
@navratankumar6919,Alia to RANDI hy,1,2020-08-15 05:19:09
@varunsharma5314,"As per audience ...Mahesh bhatt is wrst film maker , who always used all actresses ..he is a big demon in the industry ...we should not watch his movie ....Boycot sadak 2",0,2020-08-15 05:19:04
@SanjayKumar-bf2jh,Dislike ..,0,2020-08-15 05:18:49
@mukeshsinghrajput4533,,0,2020-08-15 05:18:46
@rajshelkevlogs7384,Kya bhangar trailor hai.... Movie to eise bhi faltu hogi,0,2020-08-15 05:18:40
@monidyerewar6696,Bakwas...,0,2020-08-15 05:18:36
@abhishekkumarmodi7290,#bycott bollywood movie...,0,2020-08-15 05:18:24
@harikandhapani8262,Odisha kabhi tumhari film kabhi nhi dekgegi,0,2020-08-15 05:18:16
@sanjaisingh9809,"Mahesh bhattt sale tera anjaam ab Bura hone wala h ,ye to bs ek choti si shuruaat h",0,2020-08-15 05:18:15
@UserExperienceVlog,Bakwass he bc.. movie banayi he k mazaak Kiya he bhaatyo ne.,0,2020-08-15 05:18:14
@utpaldas664,Ali u r faltu actress.,0,2020-08-15 05:18:14
@mahendersinghmehroliya4111,Dislike karo takle mahesh ki sadak thu,1,2020-08-15 05:18:07
@abhishekroy7846,Khada to hota nahi... electric shock dena padega ... Tab jaake agar ho jaaye ... Saala tharki buddha... garam lohe k rod se isko peetna chahiye,0,2020-08-15 05:17:54
@chandanverma-uo9xn,Yaha bhi dislike karna hai,0,2020-08-15 05:17:44
@ashishverma8490,Bycut bhatt,0,2020-08-15 05:17:32
@sanjaisingh9809,Super flop,0,2020-08-15 05:17:31
@ashishdas3868,Dislike karne wali aisa kya hai?mujhe toh badiya lagi trailer.sanjay ji ko dekhkar sadak ki yaad aa gayi,0,2020-08-15 05:17:28
@rajusarmah4051,supper flop hoga,0,2020-08-15 05:17:20
@mohdashfaq6251,Chu**** Mahesh bhatt,0,2020-08-15 05:17:13
@sanjeetkumar-ew4bt,Baycot,0,2020-08-15 05:17:11
@harikandhapani8262,Please dislike this movie,0,2020-08-15 05:16:58
@balathakur9630,#sanjaydutt,0,2020-08-15 05:16:58
@mukulvats6716,Esna dislike es leya ni kr rhe ki esma Sanjay dutt or Aditya Roy Kapoor hai esna dislike es leya kr rhe hai kyu ki esma Alia bhatt hai,0,2020-08-15 05:16:49
@abhishekyadav6968,Ab boolywood ki sabi movie flop hogi,0,2020-08-15 05:16:37
@UTuness,Sushant Singh Rajput,0,2020-08-15 05:16:17
@pubglovers9193,Uppar wala inke saath h iss sadak pr,0,2020-08-15 05:16:15
@ammysingh5605,Chipkali ki movie se accha hai b.f dekh lo ...,0,2020-08-15 05:16:15
@anitaranianita9826,Alia madam bhagwan kren tu schh me apne kise ko kho de or tujhe pta chle k khona kise kaihte h ....msg padh leti ho ya bilkul hi anpd...gwaar ho,0,2020-08-15 05:16:12
@rajsingh2777,Boycott this movie,0,2020-08-15 05:16:08
@rahultiwari20,",3rd",0,2020-08-15 05:15:59
@abhishekyadav6968,Faltu picture hai,0,2020-08-15 05:15:51
@cricketwithabhy07,Tatti aaliya bhatt,0,2020-08-15 05:15:50
@rajsingh2777,We want Justice ssr,0,2020-08-15 05:15:32
@rchumarathi08,Bkaws movoe boycott,0,2020-08-15 05:15:25
@pravinnikam4888,Mahesh bhat ki ma Ka Bh......,0,2020-08-15 05:15:13
@minakshigusain8902,Jis ko acha laga unhone v dislike mara hoga sayad its truee sooo like comment crazy fan of sidnaz,0,2020-08-15 05:15:07
@beerbhanbhatt1539,Only best hero in this movie is sanjay Dutt and aditya,3,2020-08-15 05:14:55
@Divijainofficially,Pagal or itna bola kam mahesh bhat or Gang ko,0,2020-08-15 05:14:51
@AkaljotSewaSociety,"like only 2 lakh ,dislike1,5M phlai vaar dekha hai itna bura sanje y kaa",0,2020-08-15 05:14:45
@musicalinstrumentsplayer8961,Mahesh Bhatt ko kitne dande lagna chahie bataiye,1,2020-08-15 05:14:43
@avinashlodha5312,Jaha jaha upload karo ge vaha vaha dislike aaye ge or abhi ye shuravat hai mahash bhutt,0,2020-08-15 05:14:36
@vasukaka9680,BINOD,0,2020-08-15 05:14:29
@rajkarn9941,Just dislike,0,2020-08-15 05:14:27
@mahakalfans2771,Is Film Me Agar Alia Nhi Hoti To Achha Hota shali ka film koi Nhi dekhega kamini hai thora sa paisa kya kma li wo to aasman me hi udne lgi Bhaiyo Aap mere baat se sehmat ho to is gaane ko dislike kr Dena,0,2020-08-15 05:14:26
@YogendraSPSingh,Justice for SSR.. CBI for SSR... We want justice for Sushant Singh Rajput...,0,2020-08-15 05:14:26
@dhammachakma1210,I 1 2 dislike the v . But iam big fan of Sanju sir,0,2020-08-15 05:14:08
@induyadav2890,porsokeorl4o,0,2020-08-15 05:14:00
@ankitchauhan6775,Susant singh rajput K liye EK dislike,0,2020-08-15 05:13:50
@bandnasharma9036,Chiiiiii.......,0,2020-08-15 05:13:46
@harishtiwari8557,bakwas,0,2020-08-15 05:13:22
@krishbk5367,Mahesh bhatt go back,0,2020-08-15 05:13:18
@AD_ARTS_CREATIVITY,Justice for sushant,0,2020-08-15 05:12:53
@dhairyapatel8796,"We don't hate Sanjay dutt , we just hate Mahesh lodu !!",0,2020-08-15 05:12:41
@AmitVerma-qk7yl,Boycott bollywood Sadak 2 nahi is movi Ko gatar 2 Bana do Pooja alia Randi mahesh Sanjay Aaditya hizada hain sale,0,2020-08-15 05:12:33
@AD_ARTS_CREATIVITY,Unlike karo jaldi jaldi,0,2020-08-15 05:12:31
@praveenkumartiwary4318,chance Film #Bycott #Mahesh #Bhatt and #Movie #Mafia Of #Bollywood Justice for #SSR,5,2020-08-15 05:12:29
@tirthshah4911,Dislike this video please,1,2020-08-15 05:12:27
@akshaykadam9777,Youtube,0,2020-08-15 05:12:12
@manishdungar2769,..?,0,2020-08-15 05:12:10
@princesomnath9214,"MY GIRLFRIEND LIKED THIS TRALIER , NOW SHE IS MY EX",109,2020-08-15 05:12:09
@AkashKumar-sb7vw,U all shameless and reckless... If father do mistake so why daughter culprit..... Che... Ya film trailer is bad but don't make alia bhat culprit...many hero heroine were star kid...,4,2020-08-15 05:11:46
@namratasingh7958,Kutton sado ab salon kamino,0,2020-08-15 05:11:36
@hiteshkumar9099,Justice Sushant Singh Rajput Dislike this movie because of Bhatt,0,2020-08-15 05:11:21
@sangeetadeka2475,Ghatiya,0,2020-08-15 05:11:02
@naveenkashyap6549,Binod,0,2020-08-15 05:10:56
@nilaysingh3585,Useless ...Mahesh Bhatt u r going to pay for all the sins u have made ...n ur sick brain needs a Good lesson,0,2020-08-15 05:10:41
@mirzasahilbeg3379,Let these bollywood creep should know that without us they are nothing .,175,2020-08-15 05:10:37
@prabirsarkar7304,Boikot,0,2020-08-15 05:10:37
@AmanKhan-zq4ho,literally 1% like they got only sunjay dutt in this video,6,2020-08-15 05:10:36
@dhirajmishra6587,Bycoott,0,2020-08-15 05:10:35
@monsterg418,Alia Bhattchiiiiii,0,2020-08-15 05:10:31
@himalaynednurwar7014,#cbiforsushant,0,2020-08-15 05:10:23
@jasonjustin2722,Like for Aditya Roy Kapoor,1,2020-08-15 05:10:14
@vaishnavidefenceacademy1086,"Madarchodon, bhosri wale Mahesh bhat ka jhant uski beti ki gand me disloke krke pel do",0,2020-08-15 05:10:04
@eleonoralevine3533,Is there something wrong with this movie?? Why did this movie get so much dislike?,0,2020-08-15 05:09:59
@kirananant3121,Where is report button,0,2020-08-15 05:09:50
@parshantthakur1046,Jo like kare uske maa mahesh bhat chode .jo dislike kare wo mahesh bhat ke maa chode .ab dekh lo maa chudwane hai ya mahesh bhatt me maa chodni hai,0,2020-08-15 05:09:48
@payalbhagat9079,Sorry Sanjay Dat,0,2020-08-15 05:09:48
@madhubakremohan9771,I am here for dislike,0,2020-08-15 05:09:42
@dineshsinghrajput9584,Bakvas or ghatiya harami or pillo ki movies,0,2020-08-15 05:09:42
@aryantyagi4893,Those likes there are just for Sanjay Dutt.,3,2020-08-15 05:09:40
@pradeepakumar6980,So sad.its very worst,0,2020-08-15 05:09:36
@osm0331,I'm coming here 4 dislike views to bd jayege but likes nhi milne chahiye boycott boycott boycott boycott boycott boycott boycott boycott boycott,0,2020-08-15 05:09:12
@himalaynednurwar7014,1. Search SADAK 2 2. open the video 3. Tap on dislike button And felling awesome,0,2020-08-15 05:09:08
@puneethn4080,i watched this trailer and disliked game over,0,2020-08-15 05:08:44
@ashishchauhan7181,,21,2020-08-15 05:08:34
@swapndiprajput2564,..,0,2020-08-15 05:08:15
@sunilmaurya093,Kachra heroine,0,2020-08-15 05:08:11
@seemayadav7446,Sale ko movie delete kro,0,2020-08-15 05:08:04
@harshitakumari1889,Rubbish flim. May ssr rest in peace,0,2020-08-15 05:07:47
@vipingupta7480,Totally dislike,0,2020-08-15 05:07:44
@KDsagaraiyug_07M,Bakwas sadak 2 alia ki kalia movie,0,2020-08-15 05:07:25
@shailendranigam9429,Sale sab ka movie nahi dekho,0,2020-08-15 05:07:06
@jayakrishnakarnati7521,Worst trailer cut it is... There is no nothing,0,2020-08-15 05:06:50
@rajdeepnath8929,Jo like kar raha hai vo pakka Pakistan ka log hai.,0,2020-08-15 05:06:50
@rkneerudi,Chattha movie trailer 1m,1,2020-08-15 05:06:20
@pranjaltalaviya338,Binod bhi dislike karega to aap bhi kariye jisne like kara vo bhi betichod,1,2020-08-15 05:06:18
@sanusonalee6513,Sadak 2 (two) .....aa thu As thu,0,2020-08-15 05:05:52
@fazalsiddiqui7651,Worst actress alai bhatt,0,2020-08-15 05:05:42
@shoppingwithme-p4w,,0,2020-08-15 05:05:40
@aziz_qureshi0143,Surti Lala to Movie ko Hit kar k hi chodegi...!!,0,2020-08-15 05:05:30
@sonalimondal2975,Wak thu thu..,0,2020-08-15 05:05:21
@shivrajsabale6992,Euuuuuuuuuuuuu,0,2020-08-15 05:05:20
@rajatyadav2108,Bakbas,0,2020-08-15 05:05:15
@sudarsanck8927,Happy to see everyone are disliking trailer boycott attitude nepo kid like Alia Bhatt and make sure we all make this movie utter flop then Alia Bhatt know who Sushant Singh Rajput sir,0,2020-08-15 05:05:01
@BeAnasOfficial,Dislike karne aya tha,1,2020-08-15 05:04:18
@mdrashidimam8473,Chutiya trailer of this year,0,2020-08-15 05:04:04
@ARGoreLIVE,"Jisne galat kam kiya use uska fal milega ,aise trailer ko dislike karke aur like karke kuch nahi hone wala.....",0,2020-08-15 05:03:45
@Gumnam_9,1.6 m boycott pkka flop hogi,0,2020-08-15 05:03:40
@intoxicatedgaming9625,Is trailer ko world's most dislike wala trailer banane me jiska bhi hath ho just do a -,1,2020-08-15 05:03:39
@niteshsharma9482,Chutiya pa movie hai..,0,2020-08-15 05:03:29
@akm_09,Sanju baba ko ya role karna ham nahi mang ta..... Apka rank bohut upor hai.... Ya actor & actresses ko 2 ham janti nhi hu......,0,2020-08-15 05:03:12
@yugdheersharma4389,,0,2020-08-15 05:03:11
@kapilchander8455,nepotism in this film,0,2020-08-15 05:03:08
@abhijeet4357,Randeka chinama dand,0,2020-08-15 05:03:04
@Rishi_Nema,,0,2020-08-15 05:02:56
@ogabhimanyuseth138,Get well soon Munna Bhai,0,2020-08-15 05:02:42
@mayankpatil5542,I liked it only for sanju baba,0,2020-08-15 05:02:04
@Yogi_anilKC,Boycott,0,2020-08-15 05:01:32
@ROHITKUSHWAHA-ns8cv,"kaun dislike kam kiya ,, madarchod",0,2020-08-15 05:01:31
@knpreram1719,#JUSTICEFORSUSANT #CBI4SUSANT,0,2020-08-15 05:01:24
@deepanshikushwaha8180,Boycott this film,0,2020-08-15 05:01:11
@off.vickykadyan5463,"Kya shushant shushant lagake rakhi hai,,,,ruk bhi jao aab",0,2020-08-15 05:01:10
@rautechhub9156,Bhai log dislikes ke saath report kro....,0,2020-08-15 05:01:06
@krishnayadav-vs7xd,This trailer is very nice but sab dislike kiye hai too mujhe karna PDA,0,2020-08-15 05:01:02
@mekram5696,,0,2020-08-15 05:01:02
@pradeepmahapatra2829,Ee toh suruwat hai age dekho hota kya hai,0,2020-08-15 05:00:53
@arghyadutta2010,Bekar movie banake paisa waste karte hain.. aur accha movie aur acche Tallent ko suiside me dhakel dete hain..,0,2020-08-15 05:00:45
@ishangaming9470,Jo Jo dislike kara he like karo sab,0,2020-08-15 05:00:42
@panchanandjaiswal59,Aaliya bhatt nonsense baldyfool,0,2020-08-15 05:00:02
@nishantkamble684,I didn't watch trailer why to increase their views .they are proud about the dislikes because trailer is trending. just ignore them.please don't watch trailer,0,2020-08-15 04:59:56
@desafio2467,Sadela ..release only in gutter,0,2020-08-15 04:59:48
@sukhmaldryfruitskorner9777,Abe movie Mt daal bhai please itni bekar or booring,0,2020-08-15 04:59:45
@faizmallick7864,Floop film off this year,0,2020-08-15 04:59:40
@thakurtech1361,Aaliya ko acting nahi aati.........dislike for that........mirchi lagi.........picture avi baki hai mere dost.,0,2020-08-15 04:59:22
@aartiunki6571,Dislike kiya na???,0,2020-08-15 04:59:04
@KaranStudioVoda,Baykot,0,2020-08-15 04:59:01
@tausifshaikh7534,Baba,0,2020-08-15 04:58:56
@rajanupendravairati9014,",",0,2020-08-15 04:58:52
@syedij1652,Dislike coz of Mahesh bhatt he killed Sushant singh rajput keep going on guys we love @SSR #JUSTICEFORSSR,0,2020-08-15 04:58:40
@SM-xp6ez,"The more dislikes the more happiness This is unfair!!!!!!!!!!!!!!!!!!!!!!!!!!! Chee! Enjoying with no talents. Like this whole world can act in movies. If bollywood ever had examinations to act in movies..Then there will be hardly 10 to 20 people including SSR.. Then think, after filtration duplicate masks will be removed!",39,2020-08-15 04:58:39
@kidduplayer6183,Hello hotstar If you don't release this bloody stupid worst mahesh batt movie . Then only your hotstar will get money You wasted your money by buying this stupid movie,0,2020-08-15 04:58:33
@keyofhappiness8110,Nepotism ko Khatm Karo bhai log nahi to sushant jaise aur Bhi marenge.,0,2020-08-15 04:58:16
@rbko8724,,0,2020-08-15 04:57:29
@storyboy-np6lu,Please dislike,0,2020-08-15 04:57:04
@daizyt819,Worst trailler....we have more important work to do rather than watching this shits type of movie... plz dnt spoil the mood ...,0,2020-08-15 04:57:00
@keyofhappiness8110,Deslike Done,1,2020-08-15 04:56:57
@amitbanerjee4u,,0,2020-08-15 04:56:47
@alfredhitchcock9264,YOUTUBE HACKS:< CLICK THE VIDEO < PAUSE IT BEFORE IT HITS 10sec MARK <DISLIKE <CLOSE THE VIDEO,0,2020-08-15 04:56:43
@pikupiku7608,Guys Aditya is also their at least like for him!,2,2020-08-15 04:56:33
@akmusiclover1938,Mahesh buddha ko itna chappal padna chahiye ki ye harami tharki budha sadak pr aa jana chahiye sadak movie ki tarah....,0,2020-08-15 04:56:33
@sourabhshaurya6332,Bakbas,0,2020-08-15 04:55:59
@tanuhooksindia8707,I hate Mahesh Bhatt all. Movie,0,2020-08-15 04:55:53
@Comedykings-n7k,Avoid every films of bledy killers n cheaters jai hind,0,2020-08-15 04:55:34
@shashank9334,Bhai yeh video dekh lo - https://youtu.be/1zmwSZYCCM4,0,2020-08-15 04:55:28
@sanatani4903,Justice 4 sushant. Boycott nepotism.,0,2020-08-15 04:55:04
@aryansain5108,bhaiyo chah inko kitna hate milla lekin sanju bhai yaar faadu h,0,2020-08-15 04:54:54
@binubjs9659,Nala 2,0,2020-08-15 04:54:35
@ManyfacedGod108,Sadak pe utoaro bhikari banao inhe jaise SSR ko maut k ghar utara inhone. #Bloodyindustry,0,2020-08-15 04:54:33
@SubscriberWithoutVideoCh-tf4bd,Bhai log SSR K liye Dislike kar chal dekhate hai public power in YouTube,0,2020-08-15 04:54:21
@karthikmahto4535,Faltu ye film sbse faltu mahesh bhatt tu to gya,0,2020-08-15 04:54:21
@shivteckS,Yah konsa randi rona hai,0,2020-08-15 04:54:05
@rupamnath5127,Please come fd n see only for dislike this movie I hate alia bhatt n his family totally... No chance to like alia bhatt never .... Kiya yr alia u have no any talent for acting understand.. u r ugly lady..,0,2020-08-15 04:53:54
@rajputroshan9994,Kamina landcaht movie,1,2020-08-15 04:53:53
@aarticharak2280,"Kanene log,killers",0,2020-08-15 04:53:50
@djvipinayodhya7637,Please dislike walo ko support kare,1,2020-08-15 04:53:19
@abhayjumhare3570,Aaliya & mahesh bhatt ko dislike kro,0,2020-08-15 04:53:17
@গ্রামেরগল্প-ত৬ন,I came here just to dislike this video...my job done now leaving without watching this video,1,2020-08-15 04:53:01
@GAURAVSIRVANI,Now think to upload this trailer to anywhere else where there is no dislike button,0,2020-08-15 04:53:00
@Krissh_27,(Dislike),0,2020-08-15 04:52:48
@krishnamishra7283,Sorry sanjubaba lekin bhatt family ko bycot krna prega,0,2020-08-15 04:52:37
@lucifer-bc4ml,Dislike Karo sab log es trailer ko,0,2020-08-15 04:52:16
@djvipinayodhya7637,Bakwas hai chutiya hai banane wala,1,2020-08-15 04:51:59
@rahil78651,"Love you Sanjay Datt sir, Per kya karu dislike to Marna hi parega",0,2020-08-15 04:51:48
@ManishSharma-kp2li,Mai to dislike krne aaya tha,0,2020-08-15 04:51:45
@mpa-design,Bekar film hai ye,0,2020-08-15 04:51:40
@shivshree4675,"Bdhiya hgaa hai, boycott bollywood",0,2020-08-15 04:51:31
@ManyfacedGod108,We made them Rich(d/t Indian population size they get a big consumer base) & with those riches they destroy the very sanctity of our society... Let's show them a big now... Characterless animals..by not watching any of their releases!!,0,2020-08-15 04:51:19
@rrfilmsstudio7171,Bakwaas,0,2020-08-15 04:51:14
@ankita_rani9906,This trailer not deserve a like .....,0,2020-08-15 04:50:53
@SAROJKUMAR-tt5ky,Shame shame,0,2020-08-15 04:50:39
@moonmakessence,"Khali mein ad dedi Disney walon ne, ab dislikes aur badhengey",1,2020-08-15 04:50:28
@kajaldevi7656,,0,2020-08-15 04:50:26
@yadavbishu211,Hama es acter ki movie pasand nhi h,0,2020-08-15 04:50:16
@iambharatsachdev,Dislike for bhatt's,0,2020-08-15 04:50:13
@rajrajnivas4249,Vaat lagadi randiya ke movie ki,0,2020-08-15 04:50:12
@uknikk0794,#warrior for Sushant Love u Sushant sir...,1,2020-08-15 04:49:49
@vasimsheikh97,Itne dis like mile treler ko kahi dairecter ro na de Allah dairecter ko sbre Jamil ata frmae,0,2020-08-15 04:49:39
@ROHITPANDEY-dy4zc,Fake actors,0,2020-08-15 04:49:34
@bhushanshete4765,Tatti,0,2020-08-15 04:49:34
@nishapal3751,I just watch this video to dislike it,0,2020-08-15 04:49:23
@punjabicrew4570,Hit dislike for mahesh bhatt,0,2020-08-15 04:49:20
@vickyboss7,justice for ssr dislike guys this,0,2020-08-15 04:49:10
@TheCosmicPeace,Hum Tu hotstar ko bhi uninstall Kar diye....,0,2020-08-15 04:49:03
@boltuarts9002,,1,2020-08-15 04:48:43
@user-cj1ic6sq6h,Bakwas,0,2020-08-15 04:48:36
@balkrishnapatel5763,Sadak ko sadak par lani hey,0,2020-08-15 04:48:35
@shreyajain259,"Until sushant sir gets justice,guys just don't response to such a rubbish nepotism...justice for sushant",11,2020-08-15 04:48:34
@greentomato2638,Hall me mot jao...,0,2020-08-15 04:48:33
@rajmunish2087,Just open for dislike.. We will not watch any of nepotism creater.. #justice for sushant..,0,2020-08-15 04:48:21
@kkr7283,Bsdk mahesh bhute sale,0,2020-08-15 04:48:19
@ASBTalks,Ojashwi,0,2020-08-15 04:48:18
@niksarvendra4419,BINOD GETS MORE LIKE AS COMPARE TO SADAK TRAILER,85,2020-08-15 04:48:15
@pardeepkumar-re8bx,Jo yha sirf dislike krne aya hai Like here,1,2020-08-15 04:47:56
@kripzyee,Buddha Mahesh ki maa ka bosra sala rangin buddha madarchod...,0,2020-08-15 04:47:53
@funreturnsfr586,susant sir aap jaha bhi hain achhe se rahana RIP aur kaun logo uski jabardast fans like do comment pe,1,2020-08-15 04:47:50
@parulrawat2232,I don 't like your movie,0,2020-08-15 04:47:49
@monikarana2877,Yeh chuhi ki koi aukat nahi hai sushant ke samne,0,2020-08-15 04:47:32
@AXPPKh,Who came here for only dislike it like my comment,1,2020-08-15 04:47:28
@gangajadhav850,Only dislike,0,2020-08-15 04:47:15
@SumitGupta-ys9ku,Alia carrier now come to end,0,2020-08-15 04:47:11
@ayusshheee,Maine apne 3 account se dislike kara . Sav apne saare account se karo,1,2020-08-15 04:46:57
@SunilSharma-uw1pm,Legend is sushant sir They don't know talent SSR you will always in our heart. We will never forget him In future they will be on sadak,1,2020-08-15 04:46:45
@vishalpriya6,!,0,2020-08-15 04:46:19
@N_Debendra,ye movie nehi tikegi kat jayega behnchod ...,0,2020-08-15 04:46:19
@brig-prtap,Lmao. Hotstar. How much were you paid for this? Sadak pe naa aajao,0,2020-08-15 04:46:18
@Monukumar-ri5tr,Alia rd and bhatt bhadwa only snju baba,0,2020-08-15 04:46:10
@hybridgaming8299,Bhai jisko Jana tha wo chalagya aap sabke bolne se koi aato nahi jayega,0,2020-08-15 04:46:08
@piyushrathod2536,Sushant sing,0,2020-08-15 04:45:34
@AryanSingh-zp4yr,Iska movies zindgi me kabhi nhi dekhenge mc ka,0,2020-08-15 04:45:17
@SumitGupta-ys9ku,I will not watch this movie because I support sushant,0,2020-08-15 04:45:11
@Praveen_shahpuriya,I only searched this video to dislike only,0,2020-08-15 04:44:43
@richagrewal9957,,0,2020-08-15 04:44:25
@rahulkumar-us3qd,My girlfriend liked this video now she is my ex,0,2020-08-15 04:44:14
@Mlbblive999,Omg many comment are deleted,0,2020-08-15 04:44:04
@streetninja23,Just clicked to dislike. RIP sushant.,3,2020-08-15 04:44:02
@ravichaudhary7886,Public ka power,0,2020-08-15 04:44:00
@sandeepmishra8264,Tujhe teri aukaat dikhayegi desh ki janta nepotism parti Group,0,2020-08-15 04:43:35
@saddamansarimaqbool6805,Dislike all men,0,2020-08-15 04:43:14
@donhero6365,Bilkul bakwas hai sala koi ......,0,2020-08-15 04:43:09
@bhupendrasharma3444,"Boycott all khans, illegal kids of mahesh bhatt like stupid alia,johers, and all the actors who come in Bollywood because of nepotism",0,2020-08-15 04:43:04
@vaddiramu5914,Boycott,0,2020-08-15 04:42:59
@ravichaudhary7886,,0,2020-08-15 04:42:48
@PnkjOP,Dislike thoko dba dab,0,2020-08-15 04:42:43
@suryanshsingh9344,Ab dekhte hai ki tumhari movie kaise chalti hai.,0,2020-08-15 04:42:42
@harsha_yadav,I have already wasted my time due to this Covid. I don't want to waste my time watching this movie,0,2020-08-15 04:42:40
@mukulsoni8263,Aaathuuu nepotism.,0,2020-08-15 04:42:08
@ashishgoswami7982,Dukan band ........ Dusra dhanda dekh...,0,2020-08-15 04:42:02
@jyotitiwari4522,dislike for Bhatt family,0,2020-08-15 04:41:57
@trinathbalia2589,Dis like to dekho or film relage karo,0,2020-08-15 04:41:48
@sanketgawali8543,Worst actress of the industry,0,2020-08-15 04:41:41
@akankshajanghela3521,Ab tera kya hoga re (k)alia #SSRwins,0,2020-08-15 04:41:32
@rajankumar-vd7ws,Jada se jada log dislike boycott kijiye ......,0,2020-08-15 04:40:55
@AmitKumar-iq2yt,family me aur koyi bacha hai to use bhi le aate,0,2020-08-15 04:40:54
@sureshreddy3051,"Please don't watch this film,, this film made by loafers,,, rougues,,, chappers... don't encourage this type of people. Mahesh Bhatt is big sadist, he enjoyed with his own daughters. His mentality is "" he want to see when his daughters enjoying sex with others, yes that is happening , "" so, we don't need that cheap fellows message to this clean society.",1,2020-08-15 04:40:50
@chandanmaharana4669,Tharki budha,0,2020-08-15 04:40:47
@rishav-kumar2574,Ek dm ghatiya lg rha h mt release kro is movie ko,0,2020-08-15 04:40:42
@justdoit8931,Mahesh bhatt ki to futt ho gyi .....,0,2020-08-15 04:40:33
@uttambhowmik1866,Nepotism,0,2020-08-15 04:40:04
@sonalipyal6924,Rip for those who liked this trailer,0,2020-08-15 04:40:02
@mohammedatheeq6234,Like for baba please,0,2020-08-15 04:39:44
@All_In_One_Artist..,Boycott karo salo ko dosto inko inki okat dikhana jaruri he inki vajase aaj deshne ek beta khoya he sharam karo Bollywood valo,0,2020-08-15 04:39:34
@nikhilmahaur868,Sanju is best,0,2020-08-15 04:39:33
@sanasheriff3978,Total flop picture,0,2020-08-15 04:39:09
@uttambhowmik1866,1.6M dislike great,0,2020-08-15 04:39:09
@armaankd102,Aliya ko hatao,0,2020-08-15 04:39:07
@sagarmondal6619,daafaa ho jaa,0,2020-08-15 04:38:48
@kalpeshgami2188,Boycott,0,2020-08-15 04:38:46
@cricket_paremi18,Dislike the sadak2,0,2020-08-15 04:38:13
@aisafarnando2615,In logone kisiki huner ka izzat nahi kie in logoka bhi nahi karna if u agree than like here,0,2020-08-15 04:38:07
@sandeepnayak6024,Sadak 2 will no doubt break international record of most most dis..... like movie.,0,2020-08-15 04:38:03
@mayur6355,Dislike boycott bollywood bye bye bollywood,0,2020-08-15 04:38:01
@nikhilchormale260,Soory sanjubaba but we hate bhattttt,0,2020-08-15 04:37:55
@arshadalijamadar9557,#justisforshushantsinghrajput......,0,2020-08-15 04:37:38
@chhotonghosh4993,Sale mahesh buddha sale apni beti ke sath sex karti hai kamina,0,2020-08-15 04:37:30
@devangpateriya1060,Dislike pane ki ninja technic @disneyhotstar,0,2020-08-15 04:37:07
@Deadshotoplive,Ye Mahesh bhatt mil jata toh iska takla fodd deta mere Bhai ko mara h Inn SB ne,0,2020-08-15 04:36:52
@entertainmentkaaada,Bakbas,0,2020-08-15 04:36:52
@amitsinha9411,I Will look these movie just for sanjay Sir and Aditya Sir but not for these Both nepotism,0,2020-08-15 04:36:30
@RAJAKUMAR-gl1qh,Ek dam bakwas,0,2020-08-15 04:36:30
@rajukushwahaarya1558,Dislike maro Bhai log ye Mahesh bhatt Sushant Singh Rajput ko mara hai,1,2020-08-15 04:36:29
@milanchetry4558,Yeh toh suruwat h age age dekho kya hota h alia bhatt & Mahesh bhatt.......ab industan ki janta dikhaigi kya kya kr sakte hai industan ki janta .......,0,2020-08-15 04:36:25
@speed511,Mai to ye batana chahta hu ki Maine dislike kr diya h,0,2020-08-15 04:36:24
@srkitchen2958,Hahaha bhul jao ab movies koi nai dekhega. Bollywood industry aam insan ki kimat pata chalegi aap sabko,0,2020-08-15 04:36:23
@KaranSingh-jt9nc,I just open video dislikes,0,2020-08-15 04:36:16
@karanvishwas2256,Kash upar wala tumhre sath hota iss sadk par....,0,2020-08-15 04:36:12
@jaychaudhary2294,Reason Mahesh bhutt,0,2020-08-15 04:36:06
@sheetalrawat7249,Mumbai roads and sadak 2 are worst.,0,2020-08-15 04:36:05
@suneertk8090,Why peopl dislike this ???,0,2020-08-15 04:36:01
@sharmasangita-i2m,Please unsubscribe this channel,0,2020-08-15 04:35:53
@ManjuDevi-xg8hz,Justice for sushant#,0,2020-08-15 04:35:50
@sharmasangita-i2m,Sala ye disney hotstar ko unsubscribe karo ye sala sadak 2 ko promote kar raha h,0,2020-08-15 04:35:39
@robinkhan2854,Hero kids stop,0,2020-08-15 04:35:34
@mahapages,For SSR.....,0,2020-08-15 04:35:32
@pratibha2020gmail,I have also searched to dislike this trailer only because of Buddhe Mahesh Bhatt ke liye,0,2020-08-15 04:35:22
@dhesatalk7586,Flop maha flop,0,2020-08-15 04:35:15
@nazimansari3683,Dislike,0,2020-08-15 04:35:10
@jaychaudhary2294,Sorry Sanjay sir,0,2020-08-15 04:34:58
@sanjaykoushal4702,Most dislike e to sala hona hi tha.,0,2020-08-15 04:34:51
@DeepakGoswami91,How can I unsee this horrendous piece of crap?,0,2020-08-15 04:34:37
@navneetjadoun713,Is cutti alia hijdi ki har movie ke trailer ko dislike milni cahiye madrchod saali,1,2020-08-15 04:34:33
@sunitabarkale6274,What's wrong of the hero who is not nepotism product,0,2020-08-15 04:34:04
@uttammondal5283,Dislike dislike dislike only dislike.,0,2020-08-15 04:33:59
@fireheart1026,"I don't know why this trailer has so many dislikes but I'm disliking it because it has a convict acting in it who didn't serve his sentence, who used influence to get out of prison! Sanjay Dutt.",0,2020-08-15 04:33:53
@akshaydhaliwal3355,,0,2020-08-15 04:33:52
@anandpoul1104,Dislike karne aayahu or kon aaya...,0,2020-08-15 04:33:46
@dineshyadav6872,Land jesa trailor he,0,2020-08-15 04:33:34
@saritashaw4314,Mai to bs yha pr dislike krne aaya hu Ye film boycott hoga pakka !! Ye faltu film kon dekhega Jo yhi purpose se ye dekhne aaye hy wo yha pr like kre,1,2020-08-15 04:33:19
@puneetbharaduaj6321,This movie will create record of dislike...I hope..,0,2020-08-15 04:33:14
@afsa584,Only dislike,0,2020-08-15 04:33:14
@gumansinghsahu8675,Sirf dislike krne aaya mai to,0,2020-08-15 04:33:08
@39abhishek,Yahaan bhi dislike maarna hai....,0,2020-08-15 04:33:03
@aich9908,Report vi kor do sobino,0,2020-08-15 04:33:03
@MOHANKUMAR-xl1tp,Bhatt camp wale cancer se marenge.....sb ke sb sadogee dekhnaa,0,2020-08-15 04:33:00
@aaaproductions2476,Dislike karo,0,2020-08-15 04:32:43
@kingsneh9888,...,0,2020-08-15 04:32:42
@alu3009,plz do not watch this movie too,0,2020-08-15 04:32:12
@zulekhakazi2614,Sadak koi mat dekho mahshhi bhat ki family bhi at hatya karegi Un ka Santon khrab hoga logo in ssr ko nayay hum bhartiyuin denge,0,2020-08-15 04:32:10
@shashikantkumar1515,Faltu trailer mahesh bhatt,0,2020-08-15 04:32:04
@rajchauhan5376,Gndhh mchaa rkhaa h issne,0,2020-08-15 04:31:56
@jaiho9749,Next hakla and salman,0,2020-08-15 04:31:50
@atishrajeshirke826,Not worth watching ...sadak 1 was far better,0,2020-08-15 04:31:48
@yashikaaggarwal1878,Itne to likes nhj hain jitne dislikes hajn.....great job everyone....,0,2020-08-15 04:31:41
@KhushbooKumari-dj9ui,Sanju Baba aap bhi Nahi bol rahe h yesa kyn aur aap film release Kar rahe ye Kaisa Yaad rahe na bolna bhi ek trah Ka gunah h .....insaaf to milega aur jarur milega ...radhe radhe ....,0,2020-08-15 04:31:28
@Funnynimmi,Fans ke power dikhao. Pta lgae inae bhi k schi vala hardwork kya hota hae,0,2020-08-15 04:31:27
@kapilchahel8176,Shame on nepotism,0,2020-08-15 04:31:22
@spartannikil,Alia haters like here,1,2020-08-15 04:31:12
@suhassamarth1557,Bakvas,0,2020-08-15 04:30:51
@sagarbhatt523,Dislike Mahesh Bhatt ke liye,0,2020-08-15 04:30:31
@AmitDas-rs9qw,I dont wont to wast my important time on this bakwas trailer,0,2020-08-15 04:30:22
@pratik8947,Isko aaur jyada dislike jane wale hai,0,2020-08-15 04:30:12
@niveshvashishtha2795,Trailer was going good. But fir ek movie m kya kya daloge bhai. ? Kitne concepts? Romance ?drama? Comedy? Suspense Thriller? Psychotic? And the tantric thing which every mahesh bhatt movie now has to some or other way target hindu mythcs. U really had the pressure to overcome Sushant wave.. It genuienely deserves a dislike,0,2020-08-15 04:29:46
@varunsharma5504,Ye vhi log hai jo nepotism ke baap h koi mat jana ...,0,2020-08-15 04:29:45
@amineshsatpute575,Aliya bhat faltu,0,2020-08-15 04:29:44
@senzdax8013,"I dont watch this movie, how many of you stand with me",0,2020-08-15 04:29:19
@babysinha7783,Randi alia blue film banao zyada like mile gaa,0,2020-08-15 04:29:18
@akashtiwari7161,Ye dis like Sanjay Datt ke liye Nahin Hai ye Desh like Alia Bhatt ke liye hai Alia Bhatt this film Rahegi film ka bahishkar hi Kiya jaega,0,2020-08-15 04:29:05
@Balwani07,gheeesi pittti filme fake guru or tum to pura pariwar fake hai,0,2020-08-15 04:28:53
@dinesh111178,Super flop,0,2020-08-15 04:28:50
@zxxy3222,WHO HAS JST!!DISLIKED THE VIDEO!!,0,2020-08-15 04:28:39
@ZeeshanAameer,Jisne jisne like kiya h vo bhadwe h,0,2020-08-15 04:28:34
@Kiran_Sourav,Upparwala tumhare saath hai #alia tumhare movie ko flop karane kelia aur sabse jada dislike milne kelia,0,2020-08-15 04:28:32
@ajitverma1941,I hate movie,0,2020-08-15 04:28:19
@djrexsngr,Dislikes kardo yaar sushant sir ke Liye Aur yaha tak ki channel ko Bhi unsubscribe karto pls,0,2020-08-15 04:28:17
@pujabag6195,Sirf dislike karna k liya aya tha dislike kar diya abhi ja raha hui,0,2020-08-15 04:27:52
@Nisha-ob2tj,I didnt watch this trailer fully...i just came to dislike this!!,1,2020-08-15 04:27:45
@BongConnectRider_SAM,Sorry sanju baba.... Lots of love to you...but a dislike to all the shity actors other than you...,0,2020-08-15 04:27:41
@dhirasrivastava12111,Dislke dislike dislike dislike dislike dislike,0,2020-08-15 04:27:35
@saffronlotuss,Indian public itna halla kar raha hai sushant ka baare main lekin ghar apna hi maa baap ko khane nai deta..apnahi bibi ko daru pike marta...beti ko school nahu bhejta..bahu ko jalata..yehi public lockdown khulega to fir ydhi movie dekne jayega...t rupiya ka chips aur 40 rupiya ka pepsu main bik jayega yahi public tab.. .,0,2020-08-15 04:27:28
@ravishankarnishad3192,boycott those movie,0,2020-08-15 04:27:24
@gaurangprajapati6228,ekdum sahi hai....par uparwala sushant k sath hai....is liye tum sab sadak par aahi jaoge.,0,2020-08-15 04:26:36
@rajnishrock1435,Film ko parde pe aane dena hi nhi h In sale tharki baap beti ka.......,0,2020-08-15 04:26:34
@gauravsingh-ww1vi,Tatti,0,2020-08-15 04:26:14
@niveshgurjar88,Dis like kro mne to KR diya,0,2020-08-15 04:26:12
@huntingvlogger294,Waste of time and money,0,2020-08-15 04:26:05
@abhijithsjohn866,...,0,2020-08-15 04:25:51
@saikalyan7458,Dislike cheyyadanike...vachanu.... dislike cheyyadanike matrame ...vachanu...,0,2020-08-15 04:25:23
@animefan-z6g,#BoycottMaheshBhattCamp,0,2020-08-15 04:25:07
@Gospelreaders,Maine bhi kiya Dislike,0,2020-08-15 04:25:01
@kunalwasnik5090,Leave the chance for #__realtalent.,0,2020-08-15 04:24:50
@anonymous7735,*Dislike kam ho gye kisi ne notice kiya*,1,2020-08-15 04:24:40
@deepa.bhardwaj33,Bkwas h kya film h ye,0,2020-08-15 04:24:32
@manishsharma9380,Not only this trailer but every movie and trailer will be disliked . I love and respect the genius and God gifted boy Sushant Singh Rajpoot . I will never watch the movies of Karan johar Salman Khan Alia Bhatt and many more are in the list . You are in heaven Sushant love you brother.,2,2020-08-15 04:24:30
@akashdhami881,zero movie,0,2020-08-15 04:24:25
@bkjena4953,Alia bhatt tujhe mar Jana chahie,0,2020-08-15 04:24:21
@tiwaritiwari1615,Sanju baba is good actor but I don't like alia bhatt nepotism heroine actor,0,2020-08-15 04:24:16
@laxmansingh96340,Jhantu picture,0,2020-08-15 04:24:07
@azimali1771,Yarr itni kharab bhi nhi hai jitna kr rhe hoo It's not fair Sayad aap log bhool gye Susant Singh ko Kya pta aap logo ki wajah se ye bhi........... Agar kisi ko like nhi kar sakte to dislike bhi na karoo... Bhala kisi ka kar Na sako to bura kisi ka mt krna.........,0,2020-08-15 04:24:04
@ankukoshle5751,Only on dis like I hate you your trailer (justice for sushant Singh Rajput ),0,2020-08-15 04:23:54
@rkburman95,Who searched this trailer only for dislike...,0,2020-08-15 04:23:51
@gurpreetwarwal9597,Bekaar,0,2020-08-15 04:23:39
@guptamantoshbihar8358,sirf dislike,0,2020-08-15 04:23:02
@prahladsinhvaghela5772,Baycott,0,2020-08-15 04:22:57
@mahendrapalchouhan8329,,0,2020-08-15 04:22:48
@mr.technicalking572,Not good,0,2020-08-15 04:22:47
@LalbabuKumar-eb6cu,Backwash hai alia,0,2020-08-15 04:22:34
@sudipdas3496,Faaltoo sala...,0,2020-08-15 04:22:31
@ramesh24updates,Justice for shusant sir,0,2020-08-15 04:22:20
@akashbellary007,Why can't u make a movie exposing some other religion god. Why always Hindus,0,2020-08-15 04:22:20
@axomvampire950,Mahesh bhatt ke liye dislike maro ree,0,2020-08-15 04:22:11
@ismarthema,Iam from andhra I came here for Only dislike,0,2020-08-15 04:22:08
@happymouthofficial,Hate nepotism love you ssr,0,2020-08-15 04:22:06
@sawanrawat5190,,0,2020-08-15 04:21:58
@tiwaritiwari1615,Alia bhatt ha isliya ya film hit nhi Hoga,0,2020-08-15 04:21:53
@vipulchaudhary4609,Ek number ki bakvaas movie,0,2020-08-15 04:21:46
@saumyaranjanbarik5574,"Ab Raja ka beta Raja nhi Banega,,,,",0,2020-08-15 04:21:43
@planetearth1507,MA ka bhosda Mahesh Bhatt ka.,0,2020-08-15 04:21:24
@akhoseria6061,Dnt show this movie,0,2020-08-15 04:21:14
@piyushchandrakar8306,tatee,0,2020-08-15 04:20:50
@snowthehusky391,Koi nhi dekhega ye movie..,0,2020-08-15 04:20:46
@poonamyuvi7114,"I just open the video for dislike, cheap director cheap alia",49,2020-08-15 04:20:22
@Kk-ki1bu,1 dislike 1 juta,0,2020-08-15 04:20:17
@RajeevNachiketam,", , ,",3,2020-08-15 04:20:13
@iamgodsn,Lets dislike all the trailers of them who were part of nepotism,0,2020-08-15 04:20:04
@rockyrightvlog2274,Go to heal. In this time,0,2020-08-15 04:19:51
@051samimrezamolla5,Kiya gandu trailer hai yr.. I waste my time..,0,2020-08-15 04:19:49
@PrateekGautam,Dislike,1,2020-08-15 04:19:39
@govindkendre5670,,494,2020-08-15 04:19:25
@ujjwalbhati3346,Radhe bhai ka isse bada record banana h,0,2020-08-15 04:19:16
@rominayak1279,i love sushant singh rajput,0,2020-08-15 04:19:10
@vishalsahjada5939,Aap logo ki tarah maine bhi is trailer ko dislike ke liye hi open kr comments section me iska jahil karar dene aya hu Miss u SSR #Bycott_bhatt,0,2020-08-15 04:19:07
@SUHAILKHAN-uy2gk,Me diss like this trailer only on mahesh bhatt,0,2020-08-15 04:18:45
@parijaatshah3567,This dislike for 1. To support #CBIforSSR 2. Tharki buddha Mahesh Bhatt and his psycho family 3. To end nepotism 4. To Justice for every common man of this country 5. To Boycott Bollywood,0,2020-08-15 04:18:09
@OG_Gyan,"Are alia ma'am mujhe 2 din se tatti nahi ho rahi thi, aapka ye Trailer Dekh ne ke bad se hage hi jaraha hu , thanku so Much Ma'am",0,2020-08-15 04:18:08
@gkpicartedit1378,Maine Apna Jaroori Kaam Chhod ke Sirf #Dislike Karne Aaye Hai Sarak 2 Dislike #Dislike hi dislike,1,2020-08-15 04:18:04
@pritamsharma849,Alia rundi ko Jo pasnd Nahi karte like thoko,0,2020-08-15 04:17:59
@aishwaryasingh2850,# justice for shushant singh rajput,0,2020-08-15 04:17:59
@chandraprakashmenariya8234,Aaab too Band karde Aapni Dukan Mahesh. Aaab kya Hag ke bataye Kya tere koo,0,2020-08-15 04:17:42
@dailyearning9629,In mdhrchodo ko sadak per lana hai...desh ki janta se anurodh SSR ko insaf dilana hai..,0,2020-08-15 04:17:13
@lohitchhetri1821,"I watching trailer just for Sanju Baba........ Main yeh movie nahi dekhunga just for Alia bhatt..... I boycott salman, aliya, shahrukh.... Now u guys r also boycott them.... .. Agar sanju baba yeh movie mei nahi hote toh mut deta main iss movie ko..... We want justice for sushant singh rajput... CBI inquiry....",0,2020-08-15 04:17:08
@rahulkankanala2807,Job done disliked#SSR,0,2020-08-15 04:16:59
@AmitSharma-hp3we,#boycottbollywood and show them power of #commonpeople ...,0,2020-08-15 04:16:59
@noonecares2633,Gusy who is back again and again just to see it how many people dislike gets,0,2020-08-15 04:16:56
@anantadey8994,Justice sushant shingh rajput,0,2020-08-15 04:16:50
@gopendersingh2879,One man good boy baba,0,2020-08-15 04:16:48
@sushilupadhyay4k,Bakwaas Director bekar trailor bekaar cast,0,2020-08-15 04:16:34
@bhojpuriduniya1210,The dialogue 'Jina toh padega na yaar' sounds like Sushant sir's voice Sunn k dekho,1,2020-08-15 04:16:19
@moazzamanwer,0:25 In fake stars ki wajah se maine kisi apne ko khoya hai. #RIPSSR,0,2020-08-15 04:16:11
@dushaalsingh5759,Salo ne dislike kam kr deya inki ma k gaand,0,2020-08-15 04:16:04
@giriraajs7854,Came here to dislike the vedio,0,2020-08-15 04:16:04
@mamtashukla1455,No. of followers of Susant is,3,2020-08-15 04:16:02
@raghavsharma4141,If Alia bhat in picture I will give dislike only,0,2020-08-15 04:15:51
@anurag-f2k5r,Bad movie,0,2020-08-15 04:15:47
@anishmathew86,I boycott!!,0,2020-08-15 04:15:47
@bhaveshjoshi2020,Matlab kya chutiyai he.... Ghanghor gandiyapanti... Upar wala hamare sath he is sadak pe... Haa bilkul he tmhare karmo ka fal dene ke liye....,0,2020-08-15 04:15:46
@lordgamehunting2005,,0,2020-08-15 04:15:33
@devraajthakur2305,,0,2020-08-15 04:15:11
@sksubhani8359,"Justice for susanth,bycot bollywood",0,2020-08-15 04:15:11
@entertainmentcomedy4624,Mast,0,2020-08-15 04:14:49
@Tukuli_Special,Trailer par Thu Thu Thu,0,2020-08-15 04:14:39
@ParveenKumar-rd2qc,Who like sanjay dutt sir acting like,0,2020-08-15 04:14:33
@dailyearning9629,Kon kon dekhna chahta hai ye movie..like aur dislike me to nhi dekhunga ... Dekhne wale like kre aur nhi dekhne wale dislike,0,2020-08-15 04:14:25
@mohdavez762,Bakwas movie,0,2020-08-15 04:14:16
@drsaurabhsrivastava,Disney guys you better remove this. Unnecessarily you will get a bad name. India is for Sushant forever and not for these katchra Bhatts et al,0,2020-08-15 04:13:47
@kulwindersran1516,Yr tusi kto dislike kr rha oo ??? What is problem the movie???,1,2020-08-15 04:13:46
@pritamsharma849,25M kese huwa BC inki koi movie nhi dekhni BC sale,0,2020-08-15 04:13:42
@vtmotivation,Jaha aoge bikhari ma chod denge tumhari,0,2020-08-15 04:13:42
@ankitchandigarh3232,Faltu movie,0,2020-08-15 04:13:35
@governmentjobsinindia2332,Dislike reason is bhatt family not sanju baba,0,2020-08-15 04:13:20
@sudhircreation3429,Gand mara sala,0,2020-08-15 04:13:18
@royalcratic930,As per the reports from authorised media's Bollywood family's are having association with Pakistan and repeated steps are seen to bring Pakistan influence into main stream. Watching movies is not essential if we stand together we can easily bring so called Bollywood to its Knees. Think over it.,0,2020-08-15 04:12:59
@sudheerbabusouth2403,Dislike,0,2020-08-15 04:12:55
@zubishmitasaikia9589,Me also came here to dislike this trailer .,0,2020-08-15 04:12:54
@rajasinghrock3159,Maderchod ki movie koi mat dekhna bhai log,0,2020-08-15 04:12:49
@claudiacurzai4536,#BoycottBollywood,0,2020-08-15 04:12:46
@sumukhbhupalam5823,Let's make this movie (sadak) a big FAILURE.,0,2020-08-15 04:12:39
@careforpeople8985,Bakwas bakwas binod ki dracula,0,2020-08-15 04:12:17
@abhineshtiwari1634,Super flop,0,2020-08-15 04:12:17
@rashtrasarvopari1230,End the nepotism,0,2020-08-15 04:12:03
@deepaksinghmewari4257,Dislikes boycott,0,2020-08-15 04:11:56
@jacksparrow5201,We dont like nepotism but we like brahmanism ayodhya k ram mandir me sara daan ka paisa srf brahmno k hi hath me rahega,5,2020-08-15 04:11:50
@diwanji9146,Hindi comments dundhte dundhte dimag kharb ho gya yr,0,2020-08-15 04:11:46
@VikasKumar-ck6rj,I hate you all bollywood actors,0,2020-08-15 04:11:35
@VivekSharma-wf8cq,@disneyhotstar if you release thes kind of movie Ill uninstall your channel and other ott whosoever release these nepo movie,0,2020-08-15 04:10:43
@aashutoshshrivastava4702,Had chutiyaapa h bhencho sanju baba kya kia aapne in chutiyo ke saath kuch bhi,0,2020-08-15 04:10:41
@AbhishekGupta-ij3pn,Gazab hagga logo ne milke,0,2020-08-15 04:10:41
@sureshprajapat626,Dlike,0,2020-08-15 04:10:28
@snehalisadhukhan3096,#WhereIsNetaji?,0,2020-08-15 04:10:17
@omkarchaudhary5156,Sanjay baba rocks and alia bhatt go to hell,0,2020-08-15 04:10:03
@jitendeka6909,God Sanjay dutt .love Aditya .and kill Aliya,0,2020-08-15 04:09:49
@adityachowdhury863,Holy shit lmao,0,2020-08-15 04:09:41
@CreatorAadi2020,Bekar movie..sara jibon bhat a cinema korbe..r kothao chance pabe na,0,2020-08-15 04:09:39
@devanoorisitaram512,"Made by blood thirsty people, ban this movie",0,2020-08-15 04:09:35
@nawazali9916,Please no one watch this movie for tribute to Sushant,0,2020-08-15 04:09:33
@sikandartudu3862,Madarchodd trailer,0,2020-08-15 04:09:24
@tnkin2627,"After sadak2, Mahesh bhatt has a movie offer 4u ... Actor actress be like , NAAHH ,I DONT HAVE DATES",42,2020-08-15 04:09:16
@SK.ELECTRICIAN441,2,1,2020-08-15 04:09:10
@aniketpatil4032,Bhatt chal Futt.,0,2020-08-15 04:09:02
@statusvideo00009,Bekar movie,0,2020-08-15 04:09:00
@dineshraj9129,Sabse ghatiya tailer,0,2020-08-15 04:08:58
@omkarchaudhary5156,Bhangarrrrrrrrrrrrrrrrr,0,2020-08-15 04:08:53
@hpsingh2984,I didn't came here YouTube recommended it to me to dislike it,0,2020-08-15 04:08:51
@diptipanda7112,Me ta yahan bas dislike karne aayi thi Magar comments dekhe Bina rehe nehi payi oo goddd film Kiya he nehi pata lekhin comments just waoooooooooo,0,2020-08-15 04:08:50
@kushalghoran8071,Sanju Baba rocks par baki sab,0,2020-08-15 04:08:43
@lalpujackson4505,,0,2020-08-15 04:08:37
@lakshitasharma8252,#Boycott nepotism products,0,2020-08-15 04:08:33
@wahidurkhan3392,,0,2020-08-15 04:08:21
@sportsfunn4461,need to senetize eyes after watching this.... isse to Binod hi shi h bc,1,2020-08-15 04:08:20
@tejcontact,"Hate you Alia. Abhi achhe se Jawan ho jao, Phir film banana. RIP SSR",0,2020-08-15 04:08:13
@maneeshkumar6579,,0,2020-08-15 04:08:07
@luckyreddy5136,Lawda trailer hai khatam karo ...bc,0,2020-08-15 04:07:45
@ravijoshi1367,Yai sarai Kai sarai gambir bimari sai marngai. Anai Valai time mai,0,2020-08-15 04:07:42
@nitinhalornitinhalor568,Sushantaingh fan like hear,0,2020-08-15 04:07:30
@bunnybunny5921,Sorry sanju baba we are love you but ap apki ek video shar karo youtube par pkka wada hai hum sub ye movie se jyada like apko denge baba apne kabhi kisi ko taklif nhi diye aysi apne jo kuch bhi kiya parsonal life thi apki kisi or ki jaan nhi liye apne we love you baba par ye movie k liye sorry for dislike ap k liye nhi hai ye dislike,0,2020-08-15 04:07:09
@learningtime1901,Dislike for sushanth,0,2020-08-15 04:06:45
@AakashPriyadarshii,Don't release the film hotstar.,0,2020-08-15 04:06:45
@tr.shubhamgupta,Dislike & Report Dono karein Boycott Bhutta Family.,1,2020-08-15 04:06:37
@rosanreelshortvideo6702,Dislike from Odisha,0,2020-08-15 04:06:36
@kishorkausal9612,Dislike karo sab,0,2020-08-15 04:06:29
@ngachanmirashadang5126,Binod,0,2020-08-15 04:06:27
@pankaj30101,"Mahesh Bhatt...,pooja Bhatt and all morons of film industry ......you are going to see the result of messing with aam admi.......useless creatures and pathetic peoples are these people's..",0,2020-08-15 04:06:25
@waterpurify,Boycott Mahesh Bhatt,0,2020-08-15 04:06:24
@paulashish1546,Bakwas movie.and Bakwas Alia,0,2020-08-15 04:06:24
@nitinhalornitinhalor568,Dialike karo jaldi se bhai,0,2020-08-15 04:06:11
@rosanreelshortvideo6702,Bakwaas,0,2020-08-15 04:06:05
@satyamambedkarnagar5711,Sorry janju sir,0,2020-08-15 04:06:05
@sathishcrazy216,Karan Johar is a gay with star kids,0,2020-08-15 04:05:42
@sanjusisodiya5945,Bhadwi,0,2020-08-15 04:05:30
@govindkumar-hx5uj,Dislike,0,2020-08-15 04:05:26
@Lostmedico123g,M not here watching this video M here for disliking this video.,0,2020-08-15 04:05:18
@soulsplice7,I didn't even watch the trailer I just came here to dislike,0,2020-08-15 04:05:15
@bmk9422,Ek dislike mere taraf SE bhi,0,2020-08-15 04:05:14
@RakeshKumar-tp1jx,Raja ka beta hi Raja nahin hota,0,2020-08-15 04:05:00
@arjitgupta7776,"This is called Indian Power Sadak2 ko sadak par lakar khada kar dia Salman,Alia,Kareena,Saif,Mahesh Bhatt aur jitne bhi is industry ko apne baap ki Jahangir samajh bethe hain,samay aa gaya hai unko sabak sikhane ka",0,2020-08-15 04:04:35
@Unreal.73,Stop,0,2020-08-15 04:04:20
@samarpitpanwar5112,Dislike dislike dislike dislike dislike dislike,0,2020-08-15 04:04:19
@Brahmins.,Alia baht anlike,0,2020-08-15 04:04:18
@Swami_Anand_Vijay,,89,2020-08-15 04:03:51
@rtkpicture5787,You kill sushant kamino,0,2020-08-15 04:03:35
@arjunkumar-ci9db,Alia sach me sadak pr aa gayi,0,2020-08-15 04:03:33
@amitrude2608,Bollywood sucks...,0,2020-08-15 04:03:32
@priyaarya8550,Upr wala hamare sath h ek sadak par ab bta kiske sath h,0,2020-08-15 04:03:30
@ketankumar782,Justice for Sushantsing Rajput,0,2020-08-15 04:03:23
@khaamkhavlogs3973,Nklii,0,2020-08-15 04:03:20
@vlogsofshree,Chutiya log sala,0,2020-08-15 04:03:17
@rtkpicture5787,Only sushant singh rajput,0,2020-08-15 04:03:13
@Eternalcosmiclife,Alia Bhatt ek tarah ka acting karti hai and she is worst actress,0,2020-08-15 04:03:08
@princerai7320,Hatemost movie ever,0,2020-08-15 04:02:57
@priyaarya8550,Our dislike is the end of nepotism. ! U guys killed our Sushant!!! I still miss him!!! Johar Bhatt Kapoor's ab lo maje,0,2020-08-15 04:02:50
@sahilbhardwaj2526,Mahesh bhatt,0,2020-08-15 04:02:49
@dodiyaindrajit5247,Boycott Bollywood,0,2020-08-15 04:02:47
@vlogsofshree,Alia bhatt dek dek akbar 2u dekdislike dek kr maan ko sukun mila sach mai,0,2020-08-15 04:02:47
@finearts2927,No one can kill SSR bcz he is one of the great and brilliant actor in the world.....love u #SSR,2,2020-08-15 04:02:38
@kukshal5437,"YouTube wale bhi chakkar mai pad gaye honge ki bhai ye video like se jada dislike kyu ho rha h , sorry sanju baba tum bhi fass gye",0,2020-08-15 04:02:35
@rishukumarsingh4981,****** dekhega,0,2020-08-15 04:02:29
@arijitmahapatra913,Dislike karo inki maa ki chud madarchod log.. Natak bana k rakhe he Bollywood ko,0,2020-08-15 04:02:27
@nsquaremusic9,Sorry #alia bhat dis like kiya,1,2020-08-15 04:02:20
@minturathor3160,I hate this movie,0,2020-08-15 04:02:14
@ankulkumar6711,Ghatiya movie hai,0,2020-08-15 04:02:13
@ganeshsuryawanshi1749,Justice for SSR,0,2020-08-15 04:01:59
@IndianBuddy,Kis kis ne aliya batt ko dekh ke dislike kiya hai ?,0,2020-08-15 04:01:49
@basitahmedlaskar8765,Just love the trailer amazing movie coming,4,2020-08-15 04:01:38
@chauhanashish1827,Dilike,0,2020-08-15 04:01:35
@priyaarya8550,I am in Bangladesh.. bt just came to dislike this ..horrible horrible... !!!,0,2020-08-15 04:01:31
@DevendraSingh-zq4hr,Sorry baba....Aap kyun aa gye es movie mai,0,2020-08-15 04:01:31
@avengerarmy3491,justice for Sushant,0,2020-08-15 04:01:29
@avengerarmy3491,justice for Sushant,0,2020-08-15 04:01:24
@chauhanashish1827,Jaldi,0,2020-08-15 04:01:20
@abhishekabhishekyadav3092,I hate alia and I will always hate alia bhatt,0,2020-08-15 04:01:12
@vipinmishra6768,Bycut Mahesh Bhatt,0,2020-08-15 04:01:09
@chauhanashish1827,Dislike thoko,0,2020-08-15 04:00:54
@kuldeepakverma5772,,0,2020-08-15 04:00:22
@jersey_no.11,Justice for Sushant Singh Rajput,0,2020-08-15 04:00:21
@solankijignesh8383,Bhai bhai,0,2020-08-15 04:00:13
@avengerarmy3491,Mesh bath Teri make chutt,0,2020-08-15 04:00:11
@HarpManOfPerth,Chutiya trailer hai boycott this movie,0,2020-08-15 04:00:02
@parventhakur3263,Baba,0,2020-08-15 03:59:46
@rohitrathvavlogs618,World most dislikes tiral,0,2020-08-15 03:59:44
@surajkumar-nm5qd,Sorry sanjay Sir. ...Aaliya k chaker m aap v fs gae,0,2020-08-15 03:59:43
@madhvipandey3160,"Alia Bhatt is talented and she has proved it in movies like highway, udta punjab and Razi. In all this scene she is also getting affected. Why to hate talent? This isn't our moto. We have to throw out those who doesn't know acting but are still there.",0,2020-08-15 03:59:34
@sarikasharma8970,,0,2020-08-15 03:59:32
@punamkumari7181,"Koi samaj nai raha ,tharki buddha ye bekar movie ye dekhne ke leye laya hai ki SSR ke fans usko kitna galiya rahe hai .Abhi wo marte dam tak movie nahi nikalega . Ek movie nikal sakta hai biography of tharki bhatt",0,2020-08-15 03:59:12
@banjaraculture1847,Only for deslike,0,2020-08-15 03:58:51
@patilprashant7993,"Dislike,,,,",0,2020-08-15 03:58:42
@balajisingh7032,Waiting for any Khan's movie to dislike,1,2020-08-15 03:58:40
@ajaysinghgusain0906,Unsubscribe Karo channel ko Jo bhi sadak 2 ka trailer realize kr Raha hai Apne channel pr,0,2020-08-15 03:58:29
@herambshete7708,2:23 bhagwan ko sadak pe laya saali ne,1,2020-08-15 03:58:28
@banjaraculture1847,Faltu .... Hai bc,0,2020-08-15 03:58:10
@nidhivig7004,Is it just me or anyone else didn't understand the story!?,0,2020-08-15 03:58:08
@svaibavbajra,Disliked yayyyyy,1,2020-08-15 03:58:07
@anishprajapati2206,Literally the 1% people who's reading May your parents live more than year with good health,132,2020-08-15 03:57:51
@gautamgaude8098,Bakwaj trailer because of this actors,0,2020-08-15 03:57:47
@anupchakraborty3737,Desh k gaddaro ko goli maro saalo ko.,0,2020-08-15 03:57:20
@yuktisinha7914,Flop movie,0,2020-08-15 03:57:13
@jigar7772,Don't forget to dislike this,0,2020-08-15 03:57:03
@maheshmore8827,Saali Alia bhatt Tu Napotism hai Bhagwaan kare teri koi Film na chale Tu garibi me mat jaye,0,2020-08-15 03:56:58
@AmitKumar-li3oc,Sanjay Dutt Aditya best actor lekin Alia Bhatt ki picture nahi dekhni,0,2020-08-15 03:56:54
@nitinok6115,Dislike from Assam,0,2020-08-15 03:56:32
@northeastvillagelifestyle3652,plz don't watch this movie,0,2020-08-15 03:56:17
@Surendradeshwal055,,0,2020-08-15 03:55:59
@yuktisinha7914,Ghtiya,0,2020-08-15 03:55:50
@hasterhohasaterho4315,,0,2020-08-15 03:55:49
@mohantayade007,Kay bakwas he re.bc,0,2020-08-15 03:55:47
@SatishYadav-gf9rq,Tum sab mc bc lc ho sf,0,2020-08-15 03:55:45
@alertindia5337,Boycott,0,2020-08-15 03:55:44
@falseceiling9412,Alia tu khud e fake hai . . Or tere guru to fake hona chiye,0,2020-08-15 03:55:43
@Vishnuvlogs850,.............,0,2020-08-15 03:55:25
@parmbindra1358,I'm happy see this dislike numbers,0,2020-08-15 03:55:21
@northeastvillagelifestyle3652,let's show public power guys give dislike,0,2020-08-15 03:55:21
@shiva5915,Record breaking trailer for most dislikes,1,2020-08-15 03:55:21
@factact1301,https://youtu.be/TrLVMei-yQc,0,2020-08-15 03:55:18
@srekha5554,Bollywood film koi v mot dekho south movie dekho bollywood movie se 1000guna Aachha hai....,0,2020-08-15 03:55:18
@oyeitsbirinchi1770,,0,2020-08-15 03:55:12
@mayursolanke6218,,0,2020-08-15 03:55:10
@madan2683,Dislike,0,2020-08-15 03:55:08
@jaihindjaibharat5752,?,0,2020-08-15 03:55:03
@onefight7312,Kya hai yeah tati bna diya,0,2020-08-15 03:54:55
@peekay4642,Chutiye saale,0,2020-08-15 03:54:06
@kiratbatti3291,Dislike karo sare,1,2020-08-15 03:54:01
@Deepak-mn5xt,Me too,0,2020-08-15 03:53:54
@Naveen_Kumar_CA,Faltu bhat family,0,2020-08-15 03:53:53
@shyamtanwade9264,......,0,2020-08-15 03:53:51
@SonuYadav-ww2re,Guys if you stop watching the movies of star kids then humare country Mai talented logon ko bhi mauka milna shuru ho jaayega,0,2020-08-15 03:53:26
@Hus-e9g,Ne poo tism karma strikes back,0,2020-08-15 03:53:14
@thebongsquad2219,Hahaha its better to watch south indian movies than this one such a waste of time and money,0,2020-08-15 03:52:58
@rajshekhardhamna,Boycott all jharkhand people....,0,2020-08-15 03:52:56
@SanjayYadagiri,Get lost Bhatt & family,0,2020-08-15 03:52:41
@munzoorahmed8530,Sadak 2 nahin nepotism 2,0,2020-08-15 03:52:39
@Gyanendra666,#Dislike Done,0,2020-08-15 03:52:35
@parthomajumdar1579,"Disney plus hotstar, please don't make any payment to the producers of the movie as no one is going to watch it.",0,2020-08-15 03:52:32
@FF-fh8pr,Who came to see dislikes,0,2020-08-15 03:52:32
@Eternal_Health_Journey,"Fake Guru ki vajah se apno ko khoya hai,, vo koi mulla bhi tho ho skata tha ,, mahesh bhatt tho already converted so usne guru naam kyu liya koi maulvi ya mulla bolta na",0,2020-08-15 03:52:30
@pawanshah8810,Dislike not because of sanjay dutt.. Dislike because of Alia butt,0,2020-08-15 03:52:29
@adarshchauhan1741,Bakwaas 2 kodi ki movie,0,2020-08-15 03:51:57
@thunderop586,Sadak 2 Koyi bhi nhi dikhga kasm kho sb justice for susant jo Marie saath hai wo like kare,0,2020-08-15 03:51:54
@rakhiagrawal5751,Mahesh bhatt ko Kitna chappal padna chahiye 1=1000,1,2020-08-15 03:51:25
@vikramtanwar6031,Shame on u bollywood,0,2020-08-15 03:51:01
@harindrapandey2005,Sanjay sir aap to ache hai lekin ye bhatt hai iska movie ham nhi dekh ge Q dosto shai bola na bhatt ka movie nhi chalne denge,0,2020-08-15 03:50:51
@sanju-nc1rr,I just came here to dislike . Luv uh all dislikers... Bagwan tumhe sarkari nokri de,0,2020-08-15 03:50:31
@LuckyYadav-xz3wf,I'm 14 years old girl from UP I can't know the full matter I just like alia I m not her fan I have just written what I think if people can't like my comments down can dislike I never mind I just written for people to look from both side .,2,2020-08-15 03:50:25
@pemachokey4747,Dislike dislike dislike,0,2020-08-15 03:50:21
@manvikashyap8317,Now I am bored of seeing Hindu babas as villains . Abb 2020 bhi over hone vala hai ... Pls make some good movies and instead of paying to stars ... Start paying to script writers. People might start liking your videos.,0,2020-08-15 03:50:21
@seemasunil3517,Jada se jada disklike kro,0,2020-08-15 03:50:14
@amanprakash8110,Aliya,0,2020-08-15 03:50:13
@indiaindia4707,Atcha khasa dislike Mila na movie vi mat dakho koi hotatar loss hoga or uska bad alia Randy ka movie sance h nhi payga,0,2020-08-15 03:50:13
@hansel1235,https://youtu.be/lhgec90ZPFI,0,2020-08-15 03:50:01
@PiyushKumar-bo9qw,Ad run kar bhi kya faida hoga,0,2020-08-15 03:49:40
@parthomajumdar1579,"Disney plus hotstar, down with you as you are supporting nepo kids studded movie.",0,2020-08-15 03:49:37
@amitkhatri4027,Is me baba ki kya galati hai,0,2020-08-15 03:49:37
@ankursharma2669,|,0,2020-08-15 03:49:33
@digvijaykumarjaiswal4283,"Bain karo es movie ko,,,,,,,Bayocut karo bhaiyo,,,,,,ye log garib ke sath nhi hy",0,2020-08-15 03:49:23
@jharanadas5775,bhotnii ko lekar karoge toh flop toh hogi nS,0,2020-08-15 03:48:46
@santoshbadgaiyan8961,Dislike karne k lie search kia hai,1,2020-08-15 03:48:35
@Rahulsingh-wj6zi,Are nepotisam k kido,0,2020-08-15 03:48:31
@simonfernandes4368,Disgusting. We boycott Bollywood.,0,2020-08-15 03:48:07
@samar9342,Sale half biriyani ko dislike karo,0,2020-08-15 03:47:56
@ankursharma2669,,0,2020-08-15 03:47:55
@pranabbanerjee2694,Dislike,0,2020-08-15 03:47:41
@shakealialiali9025,Alia Bhatt bakwas,0,2020-08-15 03:47:39
@Omm7143,Star kids aa gye h,0,2020-08-15 03:47:37
@amitjoshi5329,,0,2020-08-15 03:47:28
@boyfromhillshp8944,Dislike only for alia,0,2020-08-15 03:47:03
@ROCKSTAR-ei4wm,Most dis liked trailer in the world All the best all of you,0,2020-08-15 03:47:01
@maheshyadav-gi4rg,We r not watching this movie,0,2020-08-15 03:46:56
@sahinalisahinali4206,Boycott,0,2020-08-15 03:46:35
@75vishvaschauhan,Sadak pr la do is behan ki lodi ko,0,2020-08-15 03:46:35
@romxtart101,Sadak thuu thuu,0,2020-08-15 03:46:30
@rmpl6380,Sadak 1:jcb se khoodai.... Sadak2:jcb se aliya choodai....,1,2020-08-15 03:46:28
@naveenrajput9513,Boycott,0,2020-08-15 03:46:22
@Alok69,All are for dislike,0,2020-08-15 03:46:22
@alokshrivastava726,Boycott,0,2020-08-15 03:46:15
@fitbadam8886,Alia bhat kon hai? Koye mujhe batayega? Suna hai atcha insaan nahi hai,0,2020-08-15 03:46:14
@saurabhnirankari2028,bechari alia .. ab sach me sadak me hi aa gyi hai.. best of luck for new journey..,0,2020-08-15 03:45:48
@manmohantiwariblogrewa.7284,Bycot,0,2020-08-15 03:45:39
@Wood-v7y,,0,2020-08-15 03:45:32
@singerkumarmanish8263,No chance u nepotism ka cachhhha,0,2020-08-15 03:45:32
@devwalia1,Keep disliking we r doing a great job...!,0,2020-08-15 03:45:23
@pravatdhara3706,Welcome gyss . Are you sushant sir's fan then just disslike and report . Show those holy f*cks the real power of fans,0,2020-08-15 03:45:11
@utsavkushwaha5215,Bakwasss.....,0,2020-08-15 03:45:02
@gaurishankarprasad645,,0,2020-08-15 03:45:01
@vivekpundir9882,Sadak 2 on sadak and sanju baba sorry,0,2020-08-15 03:44:45
@vijaykala4480,Bhatt takle ek bat yad rakhna public jitna uthati hai us se dugna neeche v patakti hai ....... .. Sorry sanju baba,0,2020-08-15 03:44:37
@satyampandey3550,Boycott Bollywood....#justice4SSR,0,2020-08-15 03:44:31
@Rajendrakumar-qi9sj,Mahesh bhatt jaise mulle ka bahishkaar karo,0,2020-08-15 03:44:31
@ketakic9188,When your dad comes up with a shitty script but you HAVE TO accept it cuz oh god nepotism,0,2020-08-15 03:44:22
@DHAVALSADHU,Not only dislike But also dislike bhatt family and relatives Alia bhatt your are like chuuuuuuuu.........,0,2020-08-15 03:44:22
@golusingh8182,,0,2020-08-15 03:44:16
@wahidahmed1717,Nice move,0,2020-08-15 03:44:16
@rajkarunbpraju1603,Dislike only for alia and mahesh butts,0,2020-08-15 03:43:55
@ajaygulia2968,"Sanju Baba movie m aap ok ho or sab C grade ke actor, actor's hai. Dislike Movie",0,2020-08-15 03:43:51
@shubhamchauhan211,To all movies We give dislike till ssr justice,1,2020-08-15 03:43:39
@Satyamsinghchauhan9198,,1,2020-08-15 03:43:24
@harshml26,Alia bhat en logo ka movie ban Karna chaiyea.,0,2020-08-15 03:43:11
@trishnadascreation4204,*deserve to Dislike* *We miss you SSR*,0,2020-08-15 03:43:08
@raghavendrasalunke2038,,0,2020-08-15 03:43:04
@manishpremsingh82,Search hi kiya dislike krne ke liye,0,2020-08-15 03:43:00
@shashiranjan4889,Sorry Sanju sir,0,2020-08-15 03:42:45
@ritachauhan3075,Worst,0,2020-08-15 03:42:44
@Indian_Soldier_HR10,Searched this one only to give one more dislike,0,2020-08-15 03:42:38
@karunadeep717,Pathetic movie never do watch movies of such a person who is behind several murders ...mahesh bhatt tum ek bahut tatti insan ho..,0,2020-08-15 03:42:36
@amitsinghchandel3470,,0,2020-08-15 03:42:26
@prabhuyadavkallu5077,Boycott karo Sali ke movie ko,0,2020-08-15 03:42:18
@epicdevil9431,Holy fuck.. yeh public hai. Kuchh bhi kar sakti hai.,0,2020-08-15 03:42:04
@golusingh8182,,0,2020-08-15 03:41:41
@mukesh74135,Total pasea barbad bhai logo,0,2020-08-15 03:41:29
@santoshsuraiya4950,,0,2020-08-15 03:41:14
@harshchhikarateamrajasthan258,Sushant i love yar,0,2020-08-15 03:41:07
@pranalifarkunde7364,Dislikes hit him kudgarj log I hit aliya Mahesh batt,0,2020-08-15 03:40:48
@akkimvlogvideo9300,Bakwass film,0,2020-08-15 03:40:46
@lakshmanvanapalli7405,Next we must honor SONAM KAPOOR in a better way than this BECAUSE SHE DONT KNOW WHO IS Susanth sir,156,2020-08-15 03:40:45
@artlover9393,,1,2020-08-15 03:40:28
@its_pratibha_yadav,Bollywood me se kisi ne bhi Sushant ke justice ke liye aavaj nahi uthai pura bollywood boycott kro,0,2020-08-15 03:40:25
@barunkumarjha1129,Congratulations everyone's give you dislike,0,2020-08-15 03:40:19
@binodop5745,Alia bhaat mothersut hai,0,2020-08-15 03:40:18
@chandanrajgdeveningsirchan452,Inko sbhi dislike kijiye dosto,0,2020-08-15 03:40:08
@rahulpriyadarshi2263,Nepotism will be on Sadak.,0,2020-08-15 03:40:00
@tarunjoshi7689,,0,2020-08-15 03:40:00
@monu___yadav,Iski Maa ki (nepotism ) ... Dislike karo..... Mahesh bhat Gandu,0,2020-08-15 03:39:55
@sanjaykumar-ih9pd,Boycott,0,2020-08-15 03:39:47
@RahulKumar-pi8lf,Susant singh rajput miss you ak ubharta cheara tha,0,2020-08-15 03:39:44
@g.smehra382,Flop,0,2020-08-15 03:39:05
@ajeetdahiya2540,boycott,0,2020-08-15 03:38:44
@jaiprakashfoujdar2102,Dislike,0,2020-08-15 03:38:42
@adipatel7804,Thank you everyone for disliking the vdo......and plz keep in mind that we all haven't to watch this movie too.....as a tribute to our love Sushant Singh Rajput,28,2020-08-15 03:38:30
@SparTech44,#SSR,0,2020-08-15 03:38:11
@sandeepsinhjadeja1927,I just open this video for dislike,1,2020-08-15 03:38:09
@Ankitchauhannn,In chutiyao ki ek bi movie ni dekhni ab suar sale,0,2020-08-15 03:38:04
@Warrior_hawks,Sanjay dutt is a good actor,0,2020-08-15 03:37:54
@atuldutt2188,Ab fasi rajyia gundoo me ab aye ga mazaa bidu,0,2020-08-15 03:37:38
@Basudebdas7,Report Karo re,0,2020-08-15 03:37:36
@pankajtilwar9793,Sadak ......Thooooo,0,2020-08-15 03:37:21
@vijic3759,Just came to dislike this,0,2020-08-15 03:36:37
@AJAYAKUMARRAULA789,I hate u alia bhatt,0,2020-08-15 03:36:22
@pragnyaparamitasahoo9289,Who had disliked. like thoko,0,2020-08-15 03:36:17
@karthikgaming2277,Sadak 2 also available for free means it's nice.,2,2020-08-15 03:36:16
@panchugopalghosh7269,"Alia u are the product of nepotism, so this means ur movies gonna be dislike by us",0,2020-08-15 03:36:10
@SKM125,Gatiya gang,0,2020-08-15 03:36:02
@sonupanda1672,Love you SSR,0,2020-08-15 03:35:54
@15xkoustab36,Mader chot video,0,2020-08-15 03:35:50
@jaihindrailway8933,Maf Karna Sanju Baba dislike krna padhna rha alliya bhatt ke karna,0,2020-08-15 03:35:28
@akashglock,Sorry sanju! R.I.P. #SSR,0,2020-08-15 03:35:18
@dollydas3504,Dislike bcz of that answer given by Alia on coffee with karan show about SSR,0,2020-08-15 03:35:09
@irongaming3185,Sushant cannot come back but there are many underrated artists like him let's make a push in their career and give them a big smile :),11,2020-08-15 03:35:01
@tanveerchauhan67,Tanveer rajput power,0,2020-08-15 03:34:46
@ruchimittal1521,Abe MAHESH BHATT tu abhi tak mara nahi,0,2020-08-15 03:34:22
@monikadebnath8663,"KAB TAK DISLIKE KAROGE , YE LOG SUSANT KE CASE KO LAMBA KINCH KAR SAB JAB TAK BHUL NA JAYE TAB TAK LAMBA KICHNEGE BAD ME SALMAN KARAN KI MOVIE VAPAS AAYEGI FIR KAREENA BOLEGI , HUM NHI BULATE MAT DEKHO , AAGE BHI AISA KAROGE TAB HI INSAF MILEGA SO CONTINUE DISLIKE....",0,2020-08-15 03:34:21
@littlehope3589,Now see the power of comman man,0,2020-08-15 03:34:10
@amandevasi6007,Bakwas trailer hai,0,2020-08-15 03:34:08
@prateekgupta1606,Maha Bakwas,0,2020-08-15 03:34:03
@priyanshuchaturvedi231,Sirf aur sirf dislike............. Show them that nepotism never leads to success..... But also a very big sorry to Dutt sir and Aditya sirrrr,0,2020-08-15 03:34:03
@rgofficial0192,',0,2020-08-15 03:34:01
@shekarm2138,Bring her sadak,1,2020-08-15 03:33:27
@ST.Entertainment75,I hate u sadak 2 movie,0,2020-08-15 03:32:54
@rajvardhansingh5931,"Did anyone understood the concept of making this movie. Kya hai, Sanjay dutt Ji is helping unknown people. Nai kya Majak ho raha hai?",0,2020-08-15 03:32:51
@tapankumar7567,World's dislike trailer,0,2020-08-15 03:32:40
@skimran2761,Faltu,0,2020-08-15 03:32:30
@samardhurve1207,By cott life time in my life,0,2020-08-15 03:32:30
@cinemalovers880,Mat like karo bhai,0,2020-08-15 03:32:00
@patidarm3878,Dislike please,0,2020-08-15 03:31:58
@avdhoottodmalpatil7783,Dislike,0,2020-08-15 03:31:49
@mallaridasgupta2331,I can't understand no word of the movie.....ekdom faltu,0,2020-08-15 03:31:42
@suneelmeena4968,Rip #Nepotism,0,2020-08-15 03:31:19
@manasnayak9723,Vomit aagaya trailer dekh k,0,2020-08-15 03:31:00
@sherbahadursingh1133,Boycott hotstar,0,2020-08-15 03:30:57
@marutinandanbhatt8609,Boycot bollywood... Ye to bhot gnde log ... If i am human i cant support them...shame on you mahesh bhatt and your family.,0,2020-08-15 03:30:48
@pramodkashyap7807,Sanjuvaba movie chalne nahi denge,0,2020-08-15 03:30:40
@aboutfitness2112,Fudu movie,0,2020-08-15 03:30:28
@kakaysingh4587,Sadak 2 Gayi ghadhe me . Inki MC,0,2020-08-15 03:30:19
@Prikshit-kan,Mc trailor,0,2020-08-15 03:30:18
@satyagold1942,"Get well soon""SANJU BABA"" Fans from A.P.,",6,2020-08-15 03:29:25
@MJSINGH,Dubara trailer daal ke kya socha,1,2020-08-15 03:29:10
@abhisheksinghg4950,Abb hat na mc,0,2020-08-15 03:29:06
@maxlegend3366,Who is disliking this video because of Alia Bhatt like here (Justice to Sushant sir),36,2020-08-15 03:28:49
@SingTang_Naupang,I came in to Dislike & read comments Like if you did the same,0,2020-08-15 03:28:32
@Harsh4261,,0,2020-08-15 03:28:25
@Harsh4261,Sadi picture,0,2020-08-15 03:28:03
@ashishpowar6233,Love for baba only.. bt dislike toh banata hai,0,2020-08-15 03:27:54
@VICKY-og5el,Gaandu,0,2020-08-15 03:27:46
@umeshkg2005,Came here..only to dislike ..,0,2020-08-15 03:27:38
@LuckyYadav-xz3wf,"I don't know why people are beleming Alia ; she just make jokes of other;some people or even many people are like that only; nobody see her good acting ,I think she is a very courageous girl who never afraid of anything. she in one award show told Shahrukh khan to remove his pants see see just see can a lady do this; any other actress can say this to the king khan ; she is actually cute person well talented ; I can't think that she is to be belem for Sushant; even if alia is a cast of nepotism since if she is not she is only for love of people one of the memorial lady of the world .",0,2020-08-15 03:27:08
@realtalkshorts1010,Alia Bhatt gandi acater hai,0,2020-08-15 03:26:33
@kalyannath9787,Sanju bhai ke liye like for other 100000000 dislike,0,2020-08-15 03:26:12
@jayeshsolankijayesh8241,Super,0,2020-08-15 03:26:03
@rozarior695,Dis movie doesnt matter .. these star kids n the way they treat others matter a lot .. who will watch ur movies now ..,0,2020-08-15 03:25:57
@AshokSharma-yh2ep,Dis like.......,0,2020-08-15 03:25:48
@vikassooryavanshi6458,Boycott Bollywood movie,1,2020-08-15 03:25:47
@Ksocool,We give so many dislikes that no director will work with this star kids,4,2020-08-15 03:25:38
@dsrao2553,Boycott movie,0,2020-08-15 03:25:35
@tarundangi109,Bakwas or faltu,0,2020-08-15 03:25:28
@deepkang2054,I will never watch star kids movie and pro claimed bhai jaan acting ke naam par chutyia pa dehka te hain,0,2020-08-15 03:25:19
@helanchristinahelanchristi9883,,0,2020-08-15 03:25:16
@sandeepchauhan-dx6vl,Desh k gaddhar hai ye .....inko bharat se bhagao,0,2020-08-15 03:25:00
@singhravi665,Bahut bara madarchod film hai mahesh bhat ka..... Sarak ka hal gadhe me jayega.. Susasnt singh ka murderer,0,2020-08-15 03:24:58
@narndersehgal9188,"Free...Free...Free.. DIGITAL INDIA WORK Ghar baithe mobile se kaam karke 15,000/- se 50,000/- monthly kamaye.. Whatsapp 9720006475 JOIN .",0,2020-08-15 03:24:56
@jee260,Came here to dislike the video,0,2020-08-15 03:24:54
@Silentsoulyoutube,#justiceforsushant,0,2020-08-15 03:24:42
@adinath20,PLEASE dislike and report...,0,2020-08-15 03:24:30
@them.sgammer.7983,,0,2020-08-15 03:24:25
@syedfaiz6732,"Tum sab log comments karke kyu video viral kar rahe ho.. all new people coming in, don't comment don't like. Just leave it and don't watch at all.",0,2020-08-15 03:24:19
@harshitsinghrajput9926,Disliked..,0,2020-08-15 03:24:04
@deepkang2054,Ma ke chut en ke ssr ko mar dala salo me mil ke,0,2020-08-15 03:24:02
@gauravthakyal1600,Alia batt is dislike but sanjay datt is real hero,0,2020-08-15 03:23:56
@mr.atozshots4001,Bad,0,2020-08-15 03:23:54
@nagendrarathore3893,Bakwas,0,2020-08-15 03:23:46
@bengalbayar5193,Bhai main dislike dene ke liye aya tha,0,2020-08-15 03:23:39
@SandeepKaur-ro2qq,SORRY SANJAY SIR,1,2020-08-15 03:23:02
@chhayamore9448,They all deserves these dislikes...loads of love to Shushant Singh Rajput ....Happy 74th Independence Day guys!,3,2020-08-15 03:22:42
@RahulKumar-bm3zm,Ye like Jo aaye h wo Sanju baba ke liye aaye h,0,2020-08-15 03:22:29
@DineshKumar-kf2cs,Boycott,0,2020-08-15 03:22:24
@jiyasharma1010,Itna dislike kar do ki public ki takat pta chale,0,2020-08-15 03:22:23
@viseocreate9517,,0,2020-08-15 03:22:17
@innocentboy733,Maha ghatiya isase jyada kya bolu,0,2020-08-15 03:21:59
@gulshanganotra9688,Abhi to dislike ki h aage aage dekho hota h kya,0,2020-08-15 03:21:58
@ananyagoswami7313,Heh! This video got more dislikes than likes! Never seen that before..,1,2020-08-15 03:21:49
@krmyvlogs9229,Movie acci ho ya buri ho just dislike marke jana jo be aye Or watching mot dena please Just dislike mardena,0,2020-08-15 03:21:33
@DenshoGaming8171,I disliked this because it was full of nepotism i hate it very much i hate mahesh bhatt,0,2020-08-15 03:21:32
@gunjanvishwakarma24,CBI enquiry ssr,0,2020-08-15 03:21:21
@tanicashish3064,Sanju bawa to super hit he,0,2020-08-15 03:21:11
@Starpadder,Sirf dislike karne aaya hu....trailer to dekhna hi nai....bt guys remember k kuch b ho jaye movie b nai dekhenge aur ratings low dekhenge,0,2020-08-15 03:21:07
@jiyasharma1010,Dislike for ssr,0,2020-08-15 03:20:57
@jeetendranegi4225,Dislike,0,2020-08-15 03:20:54
@rajdeb3078,Ghatiya movie.. budhhe ko bann karo sab.. dukan bandh kar bohot ho gaya nautanki,0,2020-08-15 03:20:48
@Aarthisakthi2819,Dislike it.... More and more,0,2020-08-15 03:20:41
@anandchintalwar8269,I didn't even watch the video just came for dislike,0,2020-08-15 03:20:31
@gunjanvishwakarma24,Justice for ssr,0,2020-08-15 03:20:26
@monikashrivastava8475,Pathetic movie,0,2020-08-15 03:20:21
@RKSharma1567,"L ""lag"" gae",0,2020-08-15 03:20:17
@sanjeevshakya6778,,0,2020-08-15 03:20:05
@riyajkhanpathan8488,Nice trailer,0,2020-08-15 03:20:00
@shivampatel-nx6um,"#boycott karan,#boycott neputism",0,2020-08-15 03:19:38
@Ur_smile_is_my_achievement,"Not just only dislike, please report this video .",0,2020-08-15 03:19:33
@deniallizadaimary9276,Karo karo dislike bsdk butafter watch the trailer I know you mtfk people will love the movie but koi nachutiye log ho toh pasand toh aayega nehi tum logo ko...,0,2020-08-15 03:19:32
@piupandit273,#Justiceforsushantsinghrajput,0,2020-08-15 03:19:26
@AmitGupta-nt9vh,Dislike thoko is bhi justice for sushant sir,0,2020-08-15 03:19:22
@MehalSandhuvlogs,Sushant singh rajpoot fan hit,0,2020-08-15 03:19:14
@nidhipriyarajput473,Come here only for dislike,0,2020-08-15 03:19:12
@Wild_Hunter_91,Starkids eess movie me naa hote to like banta tha.. Lekin,0,2020-08-15 03:19:03
@princehandsome9255,"Itne DISLIKE thoko K Hotstar bhi inki film dubara Release krne m 10,000 bar soche",0,2020-08-15 03:19:01
@ranadebnath8584,3rd class,0,2020-08-15 03:19:00
@rajababu_x,Madharchod movies,0,2020-08-15 03:18:47
@pinkidas9047,Hate you alia bhatt now you guys will know what common people can do we boycott all of you,0,2020-08-15 03:18:38
@tingujee,Bakwaas h ye log... Ghatiya actor....,0,2020-08-15 03:18:37
@HarshShukla-pd2gr,What a third class trailer,0,2020-08-15 03:17:54
@rajkokulwar9020,,0,2020-08-15 03:17:52
@jakiyahaider879,Bakwas trailer,0,2020-08-15 03:17:41
@aakashchoudhary3034,Justice for SSR. Dislike all Bollywood movies.,1,2020-08-15 03:17:38
@prateekrahore8107,..,0,2020-08-15 03:17:25
@aakashchoudhary3034,Let's destroy ghamand of nepotism.. Justice for SSR. Come on Guys cross 12m dislike.,1,2020-08-15 03:17:10
@sodonpaulsankhil,Me Absofuckinglutely disliked it without knowing anything but little did I know atlast Happy Millions dislike day,0,2020-08-15 03:17:06
@madhavsinghratnu2304,Really absurd movie,0,2020-08-15 03:16:54
@dr.bhumikabhave6529,Sadak fantastic Trailer. Movie to block buster Superduper hit love you Baba7,1,2020-08-15 03:16:31
@ddefencelove868,Jo bhi is trailer ko dekhe disliked kar do,0,2020-08-15 03:16:07
@prateeksarkar9752,Benchod,0,2020-08-15 03:16:02
@harshtrivedi5000,hindu dharm ko badnaam karne vaale bhaando ki movie nahi dekhni,0,2020-08-15 03:16:01
@prateeksarkar9752,Madarchod salo haramio,0,2020-08-15 03:15:55
@prachisharma5374,Dilike all nepotism based actirs movue either its of shradhda or vaun dhawan,0,2020-08-15 03:15:52
@namratajaiswal9027,Dislike,0,2020-08-15 03:15:50
@Sukhsaddewaliya,ghiant ghaint ghaint ghaint ghaint ghaint ghaint ghaint ghaint,0,2020-08-15 03:15:36
@Certified_Atheist,"I will watch this movie. Who cares about SSR, that flop Actor.",0,2020-08-15 03:15:24
@Sukhsaddewaliya,sirra sirra sirra sirra ghaint ghaint ghaint ghaint ghaint ghaint ghaint ghaint ghaint,0,2020-08-15 03:15:15
@chetnapatil5711,After watching this trailer my brain be like 'Bhai kehana kya chahate ho?',0,2020-08-15 03:15:15
@ashukumar3073,Bakwas,0,2020-08-15 03:14:51
@frannyclub4949,Dislike karo,0,2020-08-15 03:14:31
@vinoddabas9456,Ghatiya movie boycott kro,1,2020-08-15 03:13:33
@dipalirajput438,Sanjay datt and Aditya ke liye like krna Chaha Lekin Sushant Singh Rajput ke liye dislike,1,2020-08-15 03:13:31
@Nancy-qv1lf,"I would give dislike only for Bhatt khandan, not for Aditya Roy Kapoor",0,2020-08-15 03:13:11
@amanrajput1346,Only for alia bhatt,0,2020-08-15 03:12:59
@tuhinsethi7083,"Don't w9rry, it's gonna be a hit no matter what these fake shushant supports want",0,2020-08-15 03:12:45
@Purushottam8,Isko achhe se bata do SHUSHANT SINGH RAJPUT kon hai,0,2020-08-15 03:12:01
@aniketrajput2694,Desaster,0,2020-08-15 03:11:36
@satydevkumar1785,,0,2020-08-15 03:11:23
@rajnishkumarmtr999,Bakwas movie.fake guru bolkar Hindu dharma ko badnam karta hai. DISLIKE DISLIKE,0,2020-08-15 03:11:22
@kundankumarsingh7946,By cote Sushant Singh Rajput,0,2020-08-15 03:11:22
@ashutoshdas1739,Please don't watch this film....,0,2020-08-15 03:11:20
@ramprasadsharma4522,I don't interested this picture,0,2020-08-15 03:11:18
@anmolgupta9078,Thoko dislike bc,0,2020-08-15 03:10:56
@waytosucess2869,SSR FANS DISLIKE,1,2020-08-15 03:10:43
@vasivk,Karan river ka har next movie trailer ko bhi aag lagado. Aaya bada star banane wala. Star toh hum janta banati hai. Tu ghanta banayega. Karan river.,0,2020-08-15 03:10:35
@aadityapathania1089,Need more dislikes,0,2020-08-15 03:10:33
@anumathew786,Aagr sushant controversy ni hota tho pkka log dkhne jaate kyunki trailer acha hai... Pkka jaate jo karan aur sbki buraai kr rhe wo phle unki movie dkte thethts the reality..,1,2020-08-15 03:10:32
@allaboveone529,Ab alia hai kalia toh dislike toh banta hai,0,2020-08-15 03:10:32
@arpankundu8324,Tatti hai YouTube should delete it Who thinks like me like here.,1,2020-08-15 03:10:31
@santoshpurigoswami6793,,0,2020-08-15 03:10:11
@tarvindersingh1038,I have searched this trail for dislike . And same for the movie. Bullshit Mukesh n alia bhatt,0,2020-08-15 03:10:06
@manisharai4840,Chutiya log,0,2020-08-15 03:10:01
@bipuldalu1702,Ali ka Face done not like,0,2020-08-15 03:09:36
@laxmankumar3958,Boycott this movie,0,2020-08-15 03:09:12
@vipinvarailanpaul,RIP. Don't watch this movie. This is for #sushant singh rajput.Please do dislike,0,2020-08-15 03:08:33
@dhinakaran9622,Not interested,0,2020-08-15 03:08:05
@topsongst6279,I hat this moovi,0,2020-08-15 03:07:55
@rrmaxyt2197,"BHTTT GRP KE MOVIE BOHOT KHRAB LAGTIIIIII ,,,,,,,, I HATE NEPOTISUM",0,2020-08-15 03:07:24
@bhaskarroy8912,Justice for ssr .. Otherwise this type of activity will be happen till ssr dont get the justice...,0,2020-08-15 03:07:19
@suryafts3848,Aaliya tum bandh kardo varna side acter ki bhi koi ejjat nahi rahegi,0,2020-08-15 03:07:15
@suryakanttripathi2424,Chootiyapa hi movie,0,2020-08-15 03:07:15
@rajnipaudel812,Trailer bkwas hn,0,2020-08-15 03:06:56
@Guri-s212,sirf baba k liye like kiya tha,0,2020-08-15 03:06:50
@bdgaming2025,Lol,0,2020-08-15 03:06:37
@vasivk,Gali gali mai chor hai. Nepotism ...... hai,1,2020-08-15 03:06:25
@prashantsharma2371,If in comming days this trailer makes record of most viewed trailer kindly don't be happy it's just that video cannot be disliked without playing,1,2020-08-15 03:05:43
@chiragthakur9211,Mahesh Bhatt chutiya,0,2020-08-15 03:05:24
@yashanand8232,Maine like kiya iske song ke liye,0,2020-08-15 03:05:08
@garimasaraswat1689,Who did search this trailer just to dislikes?,1,2020-08-15 03:04:57
@KeshavKumaar,Hate rate,1,2020-08-15 03:04:45
@mangalhansda854,Dislikes,0,2020-08-15 03:04:44
@ankitchoudhary875,Sale ab ye sadak pr hi aane vale h...aap logo ki saport se......RIP Shusant Sir,0,2020-08-15 03:04:08
@crimenewssafar4419,Ma ka bosda aaliya bhatt ka,0,2020-08-15 03:04:03
@sonicodia5344,"I respect u .....Sanjay Sir ...bt I'm sorry ,main iss Trailer ko dislike Kar Diya we r INDIANS one heart ,Unity",4,2020-08-15 03:04:03
@ravi99534,Isski movie to kavi nhi dekhna,0,2020-08-15 03:03:45
@suranjanray6662,Boycott all nepotism ki aulad movies,0,2020-08-15 03:03:45
@navsidhu4342,miss u susant bhai,0,2020-08-15 03:03:43
@aamadmitravel,"First time, I liked to dislike something",0,2020-08-15 03:03:31
@piyushgehlot6041,Sorry baba,0,2020-08-15 03:03:25
@san_dygymnasium9568,Chutiya bhatt family,0,2020-08-15 03:03:13
@manojmurmu47,Who came here just to dislike.,3,2020-08-15 03:03:03
@dileeptiwari2423,Aliya bhatt mahesh bhatt bhadua tharki randi ki movies Boycott,0,2020-08-15 03:02:30
@furkanmalik4008,Dislike kr k kon kon insaaf dila rha like kre,0,2020-08-15 03:02:16
@chetanadhav3289,Very bad,0,2020-08-15 03:02:11
@aashushukla8316,Bycott...,0,2020-08-15 03:02:05
@nirasinha8010,Just came here to dislike this trailer !!!!,1,2020-08-15 03:02:03
@aki04ful,Rubbish,0,2020-08-15 03:02:02
@VishalKumar-dj3uh,,3,2020-08-15 03:01:30
@dileeptiwari2423,Boycott,0,2020-08-15 03:01:23
@mamajidsiddiqui9789,After to much trolling Alina build the courage and start the acting. I like the trailer . Everyone have own journey for the success not struggle.be positive,1,2020-08-15 03:01:06
@iDeltasaha,#BoycottBollywood,0,2020-08-15 03:00:55
@omshivainamah,,0,2020-08-15 03:00:36
@raghavrajvidya,Nepotism aur farziwada,0,2020-08-15 03:00:25
@Bhanwarmeghwal33,,0,2020-08-15 03:00:24
@varadpednekar4025,He tho tatti he,0,2020-08-15 03:00:20
@Surajgupta_05,Flop the movie,0,2020-08-15 03:00:12
@rudrapandey1612,", .",1,2020-08-15 03:00:11
@RajeevSingh-tg2xr,Chalo Sadak 2 ko Sadak Chaap banaye,0,2020-08-15 03:00:03
@manojyadav-no1lt,Kitti he ye Kitti,0,2020-08-15 03:00:01
@lorenbeniezung9171,Dislike for you..No more ..fan..,0,2020-08-15 02:59:56
@chandanikumari2996,Bakwas,0,2020-08-15 02:59:50
@kkacreations6141,1 dislike equals to 1000 jai shushanth,1,2020-08-15 02:59:50
@riteshkushwaha2790,dislike,0,2020-08-15 02:59:46
@bikkykumar2833,Just came here to dislike this trailer !!!!,0,2020-08-15 02:59:43
@vikasprajapat3223,Boycott,0,2020-08-15 02:59:30
@yogeshsahane647,Dosto follow krna,0,2020-08-15 02:59:30
@ankitcomedystar6754,,0,2020-08-15 02:59:22
@superrajasthani8934,Boycott sadak2,1,2020-08-15 02:59:10
@RajeevSingh-tg2xr,HAppy InDepEndeNCE daY everyone..... Hope SSR will get justice. #Boycott Bollywood completely,0,2020-08-15 02:59:01
@yashsahu6513,It's all about Nepotism..!! Agree..?? Make it More Dislikes..!!,3,2020-08-15 02:58:57
@sharifulislam4547,Who search the trailer to dislike ? I disliked,0,2020-08-15 02:58:33
@ashishthakur5811,RIP #SUSHANT SINGH RAJPUT,0,2020-08-15 02:58:16
@paritoshchakrabarty5941,Ai mathear cod book banana band kar da,1,2020-08-15 02:58:07
@kakuyadav1038,Bycott,0,2020-08-15 02:57:16
@amitkumarverma6644,Bakwaas movie boycott this movie boycott whole Bollywood,0,2020-08-15 02:57:15
@ਅਮਨਦੀਪ-ਦ4ਢ,Vry good job dislikers luv u,0,2020-08-15 02:57:14
@RajeevSingh-tg2xr,Thanks for recommending this... I really wanted to dislike it without me searching for it. Dil ko thandak mili,3,2020-08-15 02:57:13
@susmitarai5838,Saala itna bakwas trailer kuch smjhme bhi nhi aaya,0,2020-08-15 02:57:11
@soumyanischal2851,Just came here to dislike this trailer !!!!,3,2020-08-15 02:57:02
@ketkijaswal4120,I find this trailer only for Press the dislike button,1,2020-08-15 02:56:41
@vikramsinghbhati8973,Binod Binod Binod,0,2020-08-15 02:56:41
@jessalvi7182,"Shame on you people who disliked this video ,Sanjay Dutt who is in his last stage of lung cancer it might be his last movie but truly yall hardly care bout anybody .. Even Sushant Singhs spirit must be feeling bad to see all this . This is exactly what you all did with Kedarnath and Padmawat .. Third class audiences !!!!!",1,2020-08-15 02:56:33
@harneetsingh4766,Disgusting trailer,0,2020-08-15 02:56:30
@puja259,We are watching our time and money by watching useless movie,0,2020-08-15 02:56:22
@nichuuth49,This might be a great movie... but this is not the right time to release as that mahesh bhatt alia bhatt is part of the movie.,0,2020-08-15 02:56:05
@somspatil1478,I don't like this trailer Such people have to die like this please justice for Sushant Singh Rajput,0,2020-08-15 02:55:15
@gunjanarora164,Bakwass maha bor hogi ye movie paise karab mat karna koi bhi,0,2020-08-15 02:55:04
@vikashkumargupta7073,Dislike hhhhhhh,0,2020-08-15 02:54:38
@puja259,Get lose bollywood....we don't want see your movie or trailler plzs don't make any film we hate you all,0,2020-08-15 02:54:12
@hussainansari6667,I just hate aaliya and his father,0,2020-08-15 02:53:57
@rajputsarkaar99,Boycott,0,2020-08-15 02:53:57
@SanjayKumar-hw2vf,Just came here to dislike this trailer !!!!,2,2020-08-15 02:53:40
@amruteshdurga120,Trailer also looks below average.,0,2020-08-15 02:53:37
@amruteshdurga120,SSR death will reflect in all this nepotism gang's and their kids movies. We know why Rhea called mb for so many times.,0,2020-08-15 02:53:13
@crazybadmash11,Search isliye kiya taki dislike kr saki,0,2020-08-15 02:53:03
@praveenbhairawadagi341,bhat I Wish u #blockbuster Flop I will see Dil Bechara on 28th August... #tribute to SSR,0,2020-08-15 02:52:53
@puskaltiwary,Replace word gurus with Maulvis,0,2020-08-15 02:52:49
@pankajmishra1651,Tum kahin bhi upload karo wahan jakar dislike karenge.,1,2020-08-15 02:52:40
@vijayperiyasamy2806,Alia/mahesh,0,2020-08-15 02:52:24
@AmanSingh-xi8wd,susant bhaiya jinda bad,0,2020-08-15 02:52:17
@akshaypawar5227,Only shushant....,0,2020-08-15 02:52:04
@amruteshdurga120,Flop,0,2020-08-15 02:51:55
@saiaslam9852,Only I'm respect sanju,0,2020-08-15 02:51:35
@varunyadav8889,Filam bnani hai apni doter kea sath bna o bhee blue Bhosari kea,0,2020-08-15 02:51:20
@Political_engineer,No one like,0,2020-08-15 02:51:08
@RaviKumar-dq6bf,Bakwas.. Susant singh Rajput is bast Hero,0,2020-08-15 02:51:00
@Political_engineer,Flop,0,2020-08-15 02:50:56
@sahuji3634-j8j,Mujhe pasand nahi ye log sirf dislike karne aya tha virodh karta hu .,0,2020-08-15 02:50:42
@binitraja8429,Boycott bollywood #JusticeforSSR,0,2020-08-15 02:50:33
@binayjha6649,,0,2020-08-15 02:50:31
@anukhanna1469,Flop movie i dnt like it .....,0,2020-08-15 02:50:26
@varunyadav8889,Mather chod mahes bhat harami kutra chaskila filam bnani chad doa,0,2020-08-15 02:50:24
@vinodkolare6115,Successfully wasted 2min time. Of my life,0,2020-08-15 02:50:22
@anuragshukla4748,Ye ham kbhi nahi dekhe ge Alya ki ma ki,0,2020-08-15 02:50:07
@dfamily2023,Aaaaaa thuuu,0,2020-08-15 02:50:06
@pravatkumarshadangi2965,Boring,0,2020-08-15 02:50:03
@Political_engineer,Bt very bad trailer,1,2020-08-15 02:49:57
@Political_engineer,Happy independence day,1,2020-08-15 02:49:44
@Political_engineer,Very bad,1,2020-08-15 02:49:32
@rajpurohitsanjay3870,i am waiting 10M dislike,0,2020-08-15 02:49:31
@soumyanischal3014,Only came here to dislike this trailer !!,6,2020-08-15 02:49:27
@Political_engineer,Don't like,1,2020-08-15 02:49:26
@raghavgupta9458,,0,2020-08-15 02:49:18
@Dr.ershad,Likes only for sanjay,0,2020-08-15 02:49:18
@shivanyatomar264,Boycott....,0,2020-08-15 02:49:06
@fulcrumfinancialservice4745,Happy to dislike the most hated trailer,0,2020-08-15 02:48:59
@Dr.ershad,What happened aliya ...support nahi milraha lulululu then fall into hell,0,2020-08-15 02:48:50
@citytalk07,Yeh log filmo main public chhod ke khudko bhagwan samjte hai isliye jaruri hai inki aukat dikhane ki,0,2020-08-15 02:48:43
@PremKumar-rl1gx,Bikeout Bollywood,0,2020-08-15 02:48:13
@omsen303,Sorry sanju dada,0,2020-08-15 02:48:08
@MrAnilDixit,,0,2020-08-15 02:47:48
@arunchauhan8356,Love you,0,2020-08-15 02:47:46
@vikashSingh-lh6qq,,0,2020-08-15 02:47:36
@dancer_master12,"Welldone guys,, this is the real power of fans",41,2020-08-15 02:47:16
@chanchalparjapati1847,Mene trailer isliye dekha taki dislike kr saku or apne jese logo ko khe saku tum bhi dislike kro,0,2020-08-15 02:47:04
@vikashSingh-lh6qq,Faltu movi hai jaisa name vaesa mobhi aaj tak etna faltu telar nahi dekha kaesa kaesa movi banate h,0,2020-08-15 02:47:02
@nitishraj8890,Baba ne Shi kha-tumne kis pagal ki booking le li yar,0,2020-08-15 02:46:47
@MrAnilDixit,,0,2020-08-15 02:46:46
@hariomrana9995,Justice for Binod Tharu,0,2020-08-15 02:46:45
@saikatsamanta2225,"Sanjay dutta bhi terrorist tha,yea mat bhulna",0,2020-08-15 02:46:20
@kapilbaliyan8744,Unlike kro inki vdo ko..jo relese krte hue bi dre or age movie bnate hue bi..flop kro inhe,0,2020-08-15 02:46:06
@saikatsamanta2225,Dislike karne se bhi trending me aee jata hea,0,2020-08-15 02:45:56
@granthsharma4756,I think..Nobody will go to see the movie,0,2020-08-15 02:45:38
@hatian372,,1,2020-08-15 02:45:37
@reetikat,"Dear Bhatt jee. U keep on releasing sadak, sadak2, sadak3,.......sadak100 the count to dislike this movie will increase ! #cbiforssr",0,2020-08-15 02:45:36
@aliyasdeogam4373,Where did other millions of dislikes vanish? Yesterday it was 6 M dislikes,0,2020-08-15 02:45:34
@saikatsamanta2225,Trending me mat lao yar,0,2020-08-15 02:45:33
@rameshkumarsharma5318,Bajwassss....Maha bajwassss... Please dislike guys.....,0,2020-08-15 02:45:31
@yogeshshendge3318,Tu sali Kisi ke bhi sath banati hai uska kya,0,2020-08-15 02:45:19
@pukaryadav7699,Boycott this movie,0,2020-08-15 02:45:15
@simusingh2169,I disliked but apologies for sunjay dutt,0,2020-08-15 02:44:59
@nitishraj8890,Like only for baba,0,2020-08-15 02:44:57
@Tech1998editz,Remove movie from hotstar,0,2020-08-15 02:44:48
@iam_villian1761,Bhosdi waalo Sanjay dutt ne kya Kiya hai Jo usko dislike maar the ho please yarr Sanjay Bhai like kro,0,2020-08-15 02:44:36
@raghwendrakumarchouhan8521,#Love fo r #Sanjubaba #hate for #Aalia,0,2020-08-15 02:44:17
@shauryagupta8179,Madharchod sabse bekar movie,0,2020-08-15 02:44:15
@gautamsharma1051,Bakwaas chl nikal,0,2020-08-15 02:44:03
@योगीसेवकआकाशदीक्षित,,0,2020-08-15 02:43:38
@aaptak8954,Bakwas movie hai...saali,0,2020-08-15 02:43:05
@sanjoochauhan6905,Bakwas hai sadak 2dil bechara I like me,0,2020-08-15 02:43:04
@deependramass4822,Laure,0,2020-08-15 02:42:28
@danamoop240,MC Bollywood stop making film Justice for SSR,1,2020-08-15 02:42:21
@sisirnaturelover6255,Nepo kid nepo hi rhoge,0,2020-08-15 02:41:53
@hukumraj619,Gand mar li trailer ki Isse achi to acting binod kr leta Alia bhatt,0,2020-08-15 02:41:36
@praveshtiwari8834,In salo ka koi movie mat dekho bhai,0,2020-08-15 02:41:20
@praveshtiwari8834,Bollywood ka maa ka bhoshada,0,2020-08-15 02:40:55
@bittusingh25,did movie,0,2020-08-15 02:40:46
@lalituchanarajput2459,Chud gi maa aliya bhat ki ..jai SSR BHAI..DIL SE kaise nikalo gye bhosdiwalo ..SSR BHAI KO ..MAA CHOD GYE DISLIKE DE KR TUMHARI ..,0,2020-08-15 02:40:43
@subodhkumaryadav.1646,Bhaduwa director. ... Nepotism nepotism.. Don't seen this movie,0,2020-08-15 02:40:29
@devesharya3054,#JFSSR,0,2020-08-15 02:40:13
@triptikatyayan6699,,0,2020-08-15 02:40:07
@ankitIndian15,Justice for SSR,0,2020-08-15 02:40:00
@mzrowdygameing3358,Dislike million ho gaya Mahesh tu Gir Gaya,0,2020-08-15 02:39:59
@ajaymahala6049,let's bring this sadak 2 movie on sadak don't forget to dislike trailer,54,2020-08-15 02:39:45
@vv611,Bycot,0,2020-08-15 02:39:24
@Real_MP_M,#Thoko_Dislike,0,2020-08-15 02:38:34
@tapansaikia5359,I love sanju baba . But I hate aliya,0,2020-08-15 02:38:22
@vinodyadav-pb9zb,cbi ssr jai ho arnab ji,0,2020-08-15 02:38:20
@Homedesires,Aaaaaaaaa thoooooooo,0,2020-08-15 02:38:09
@rockysingh837,Pleasw inko fully ignore karo indians,0,2020-08-15 02:38:02
@AmanSingh-cb4qy,Job done,0,2020-08-15 02:37:57
@ATR-u6e,Uparbala teri sath nehi hai pranati kahike,0,2020-08-15 02:37:46
@kanusharmaphotography,Most bakwas.,0,2020-08-15 02:37:20
@computerknowledge6571,Job done dislike,0,2020-08-15 02:37:05
